# Blender 4.0.0
# www.blender.org
mtllib untitled.mtl
o Mesh_0.001
v -0.913449 0.015119 -1.150591
v -0.913815 0.013136 -1.149942
v -0.914417 0.011222 -1.148872
v -0.915246 0.009410 -1.147399
v -0.916287 0.007729 -1.145550
v -0.917522 0.006210 -1.143355
v -0.918931 0.004877 -1.140853
v -0.920489 0.003754 -1.138085
v -0.922170 0.002860 -1.135099
v -0.923944 0.002210 -1.131947
v -0.925782 0.001816 -1.128682
v -0.927651 0.001684 -1.125361
v -0.929474 0.001816 -1.126387
v -0.931266 0.002210 -1.127396
v -0.932996 0.002860 -1.128370
v -0.934635 0.003754 -1.129292
v -0.936154 0.004877 -1.130147
v -0.937527 0.006210 -1.130920
v -0.938732 0.007729 -1.131598
v -0.939747 0.009410 -1.132169
v -0.940555 0.011222 -1.132624
v -0.941142 0.013136 -1.132955
v -0.941499 0.015119 -1.133156
v -0.941618 0.017135 -1.133223
v -0.939629 0.017135 -1.136477
v -0.937435 0.017135 -1.139541
v -0.935073 0.017135 -1.142363
v -0.932585 0.017135 -1.144894
v -0.930012 0.017135 -1.147090
v -0.927398 0.017135 -1.148914
v -0.924789 0.017135 -1.150336
v -0.922229 0.017135 -1.151330
v -0.919762 0.017135 -1.151880
v -0.917430 0.017135 -1.151977
v -0.915272 0.017135 -1.151617
v -0.913327 0.017135 -1.150809
v -1.567849 0.001816 0.011967
v -1.569686 0.002210 0.015232
v -1.571461 0.002860 0.018384
v -1.573141 0.003754 0.021369
v -1.574699 0.004877 0.024137
v -1.576108 0.006209 0.026640
v -1.577343 0.007729 0.028835
v -1.578384 0.009410 0.030684
v -1.579213 0.011222 0.032156
v -1.579815 0.013136 0.033226
v -1.580181 0.015118 0.033875
v -1.580304 0.017135 0.034093
v -1.582004 0.017135 0.032849
v -1.583430 0.017135 0.031191
v -1.584558 0.017135 0.029148
v -1.585368 0.017135 0.026753
v -1.585846 0.017135 0.024049
v -1.585984 0.017135 0.021080
v -1.585780 0.017135 0.017900
v -1.585237 0.017135 0.014561
v -1.584364 0.017135 0.011120
v -1.583177 0.017135 0.007638
v -1.581696 0.017135 0.004172
v -1.579946 0.017135 0.000783
v -1.579826 0.015118 0.000851
v -1.579470 0.013136 0.001051
v -1.578883 0.011222 0.001382
v -1.578075 0.009410 0.001837
v -1.577060 0.007729 0.002408
v -1.575855 0.006209 0.003086
v -1.574481 0.004877 0.003859
v -1.572962 0.003754 0.004714
v -1.571324 0.002860 0.005637
v -1.569594 0.002210 0.006610
v -1.567802 0.001816 0.007619
v -1.565979 0.001684 0.008645
v -0.925782 0.618608 -1.128682
v -0.923944 0.618214 -1.131947
v -0.922170 0.617564 -1.135099
v -0.920489 0.616670 -1.138085
v -0.918931 0.615547 -1.140853
v -0.917522 0.614215 -1.143355
v -0.916287 0.612695 -1.145550
v -0.915246 0.611015 -1.147399
v -0.914417 0.609202 -1.148871
v -0.913815 0.607288 -1.149942
v -0.913449 0.605306 -1.150591
v -0.913327 0.603289 -1.150809
v -0.915272 0.603289 -1.151617
v -0.917430 0.603289 -1.151977
v -0.919762 0.603289 -1.151880
v -0.922229 0.603289 -1.151330
v -0.924789 0.603289 -1.150336
v -0.927399 0.603289 -1.148914
v -0.930012 0.603289 -1.147090
v -0.932585 0.603289 -1.144894
v -0.935073 0.603289 -1.142363
v -0.937435 0.603289 -1.139541
v -0.939629 0.603289 -1.136477
v -0.941618 0.603289 -1.133223
v -0.941499 0.605306 -1.133155
v -0.941142 0.607288 -1.132955
v -0.940555 0.609202 -1.132624
v -0.939747 0.611015 -1.132169
v -0.938732 0.612695 -1.131598
v -0.937527 0.614215 -1.130920
v -0.936154 0.615547 -1.130147
v -0.934635 0.616670 -1.129292
v -0.932996 0.617564 -1.128370
v -0.931266 0.618214 -1.127396
v -0.929474 0.618608 -1.126387
v -0.927651 0.618740 -1.125361
v -1.580181 0.605305 0.033875
v -1.579816 0.607288 0.033226
v -1.579213 0.609202 0.032156
v -1.578384 0.611014 0.030684
v -1.577343 0.612695 0.028835
v -1.576108 0.614215 0.026640
v -1.574699 0.615547 0.024137
v -1.573141 0.616670 0.021369
v -1.571461 0.617564 0.018384
v -1.569686 0.618214 0.015232
v -1.567849 0.618608 0.011967
v -1.565979 0.618740 0.008645
v -1.567802 0.618608 0.007619
v -1.569594 0.618214 0.006611
v -1.571324 0.617564 0.005637
v -1.572962 0.616670 0.004714
v -1.574481 0.615547 0.003859
v -1.575855 0.614215 0.003086
v -1.577060 0.612695 0.002408
v -1.578075 0.611014 0.001837
v -1.578883 0.609202 0.001382
v -1.579470 0.607288 0.001051
v -1.579826 0.605305 0.000851
v -1.579946 0.603289 0.000784
v -1.581696 0.603289 0.004172
v -1.583178 0.603289 0.007638
v -1.584364 0.603289 0.011121
v -1.585237 0.603289 0.014561
v -1.585780 0.603289 0.017900
v -1.585984 0.603289 0.021080
v -1.585846 0.603289 0.024049
v -1.585368 0.603289 0.026753
v -1.584558 0.603289 0.029148
v -1.583431 0.603289 0.031191
v -1.582004 0.603289 0.032849
v -1.580304 0.603289 0.034093
v 1.560848 0.603289 0.271033
v 1.562330 0.603289 0.267567
v 1.563517 0.603289 0.264085
v 1.564389 0.603289 0.260644
v 1.564932 0.603289 0.257305
v 1.565137 0.603289 0.254125
v 1.564998 0.603289 0.251157
v 1.564520 0.603289 0.248452
v 1.563711 0.603289 0.246058
v 1.562583 0.603289 0.244014
v 1.561157 0.603289 0.242356
v 1.559456 0.603289 0.241112
v 1.559334 0.605306 0.241330
v 1.558968 0.607288 0.241979
v 1.558366 0.609202 0.243049
v 1.557537 0.611015 0.244521
v 1.556496 0.612695 0.246371
v 1.555260 0.614215 0.248565
v 1.553852 0.615547 0.251068
v 1.552294 0.616670 0.253836
v 1.550613 0.617564 0.256821
v 1.548839 0.618214 0.259973
v 1.547001 0.618608 0.263238
v 1.545131 0.618740 0.266560
v 1.546955 0.618608 0.267586
v 1.548746 0.618214 0.268595
v 1.550476 0.617564 0.269569
v 1.552115 0.616670 0.270491
v 1.553634 0.615547 0.271346
v 1.555008 0.614215 0.272119
v 1.556212 0.612695 0.272797
v 1.557227 0.611015 0.273368
v 1.558035 0.609202 0.273823
v 1.558623 0.607288 0.274154
v 1.558979 0.605306 0.274354
v 1.559098 0.603289 0.274422
v 0.894425 0.603289 1.426822
v 0.896582 0.603289 1.427182
v 0.898915 0.603289 1.427086
v 0.901382 0.603289 1.426536
v 0.903942 0.603289 1.425541
v 0.906551 0.603289 1.424120
v 0.909164 0.603289 1.422295
v 0.911737 0.603289 1.420099
v 0.914226 0.603289 1.417568
v 0.916587 0.603289 1.414746
v 0.918781 0.603289 1.411682
v 0.920771 0.603289 1.408428
v 0.920651 0.605305 1.408361
v 0.920295 0.607288 1.408160
v 0.919708 0.609202 1.407830
v 0.918900 0.611014 1.407375
v 0.917884 0.612695 1.406803
v 0.916680 0.614215 1.406125
v 0.915306 0.615547 1.405352
v 0.913787 0.616670 1.404497
v 0.912149 0.617564 1.403575
v 0.910419 0.618214 1.402601
v 0.908627 0.618608 1.401592
v 0.906804 0.618740 1.400566
v 0.904934 0.618608 1.403888
v 0.903096 0.618214 1.407153
v 0.901322 0.617564 1.410305
v 0.899642 0.616670 1.413290
v 0.898084 0.615547 1.416058
v 0.896675 0.614215 1.418560
v 0.895439 0.612695 1.420755
v 0.894398 0.611014 1.422605
v 0.893570 0.609202 1.424077
v 0.892967 0.607288 1.425147
v 0.892602 0.605305 1.425796
v 0.892479 0.603289 1.426014
v 1.547001 0.001816 0.263238
v 1.548839 0.002210 0.259973
v 1.550613 0.002860 0.256821
v 1.552294 0.003754 0.253836
v 1.553852 0.004877 0.251068
v 1.555260 0.006210 0.248565
v 1.556496 0.007729 0.246371
v 1.557537 0.009410 0.244521
v 1.558366 0.011222 0.243049
v 1.558968 0.013136 0.241979
v 1.559334 0.015119 0.241330
v 1.559456 0.017135 0.241112
v 1.561157 0.017135 0.242356
v 1.562583 0.017135 0.244014
v 1.563711 0.017135 0.246058
v 1.564521 0.017135 0.248452
v 1.564998 0.017135 0.251157
v 1.565137 0.017135 0.254125
v 1.564932 0.017135 0.257305
v 1.564389 0.017135 0.260644
v 1.563517 0.017135 0.264085
v 1.562330 0.017135 0.267567
v 1.560849 0.017135 0.271033
v 1.559098 0.017135 0.274422
v 1.558979 0.015119 0.274354
v 1.558623 0.013136 0.274154
v 1.558035 0.011222 0.273823
v 1.557227 0.009410 0.273368
v 1.556212 0.007729 0.272797
v 1.555008 0.006210 0.272119
v 1.553634 0.004877 0.271346
v 1.552115 0.003754 0.270491
v 1.550476 0.002860 0.269568
v 1.548746 0.002210 0.268595
v 1.546955 0.001816 0.267586
v 1.545131 0.001684 0.266560
v 0.892602 0.015119 1.425796
v 0.892968 0.013136 1.425147
v 0.893570 0.011222 1.424077
v 0.894399 0.009410 1.422604
v 0.895439 0.007729 1.420755
v 0.896675 0.006210 1.418560
v 0.898084 0.004877 1.416058
v 0.899642 0.003754 1.413290
v 0.901322 0.002860 1.410305
v 0.903096 0.002210 1.407152
v 0.904934 0.001816 1.403888
v 0.906804 0.001684 1.400566
v 0.908627 0.001816 1.401592
v 0.910419 0.002210 1.402601
v 0.912149 0.002860 1.403575
v 0.913787 0.003754 1.404497
v 0.915306 0.004877 1.405352
v 0.916680 0.006210 1.406125
v 0.917884 0.007729 1.406803
v 0.918900 0.009410 1.407375
v 0.919708 0.011222 1.407830
v 0.920295 0.013136 1.408160
v 0.920651 0.015119 1.408361
v 0.920771 0.017135 1.408428
v 0.918781 0.017135 1.411682
v 0.916587 0.017135 1.414746
v 0.914226 0.017135 1.417568
v 0.911737 0.017135 1.420099
v 0.909164 0.017135 1.422295
v 0.906551 0.017135 1.424119
v 0.903942 0.017135 1.425541
v 0.901382 0.017135 1.426536
v 0.898915 0.017135 1.427085
v 0.896582 0.017135 1.427181
v 0.894425 0.017135 1.426822
v 0.892479 0.017135 1.426014
v -0.915386 0.015127 -1.151397
v -0.915655 0.013155 -1.150714
v -0.916125 0.011274 -1.149626
v -0.916766 0.009498 -1.148143
v -0.917703 0.007808 -1.146264
v -0.918921 0.006263 -1.144027
v -0.920385 0.004915 -1.141500
v -0.922043 0.003806 -1.138768
v -0.923837 0.002955 -1.135925
v -0.925689 0.002332 -1.132889
v -0.927605 0.001947 -1.129690
v -0.929477 0.002332 -1.130533
v -0.931288 0.002955 -1.131293
v -0.933045 0.003806 -1.131929
v -0.934666 0.004915 -1.132622
v -0.936095 0.006263 -1.133352
v -0.937281 0.007808 -1.134095
v -0.938190 0.009498 -1.134826
v -0.938808 0.011274 -1.135526
v -0.939261 0.013155 -1.136041
v -0.939518 0.015127 -1.136396
v -0.937342 0.015224 -1.139449
v -0.935035 0.015344 -1.142229
v -0.932620 0.015507 -1.144721
v -0.930050 0.015608 -1.146940
v -0.927399 0.015642 -1.148800
v -0.924754 0.015608 -1.150232
v -0.922197 0.015507 -1.151200
v -0.919803 0.015344 -1.151697
v -0.917525 0.015224 -1.151767
v -0.917729 0.013283 -1.151134
v -0.917885 0.011490 -1.150101
v -0.918385 0.009704 -1.148652
v -0.919242 0.007991 -1.146783
v -0.920443 0.006425 -1.144532
v -0.921945 0.005075 -1.141981
v -0.923681 0.003991 -1.139244
v -0.925577 0.003193 -1.136437
v -0.927562 0.002676 -1.133667
v -0.929514 0.003193 -1.133989
v -0.931374 0.003991 -1.134462
v -0.933074 0.005075 -1.135063
v -0.934541 0.006425 -1.135769
v -0.935710 0.007991 -1.136547
v -0.936538 0.009704 -1.137368
v -0.937014 0.011490 -1.138211
v -0.937149 0.013283 -1.139063
v -0.935020 0.013640 -1.141753
v -0.932643 0.013905 -1.144289
v -0.930075 0.014069 -1.146558
v -0.927403 0.014125 -1.148449
v -0.924737 0.014069 -1.149876
v -0.922183 0.013905 -1.150790
v -0.919829 0.013640 -1.151195
v -0.919975 0.011802 -1.150277
v -0.920213 0.010015 -1.148918
v -0.920914 0.008282 -1.147100
v -0.922069 0.006698 -1.144854
v -0.923620 0.005363 -1.142293
v -0.925472 0.004343 -1.139576
v -0.927528 0.003655 -1.136858
v -0.929552 0.004343 -1.137039
v -0.931371 0.005363 -1.137475
v -0.932888 0.006698 -1.138129
v -0.934009 0.008282 -1.138960
v -0.934680 0.010015 -1.139925
v -0.934893 0.011802 -1.141004
v -0.932614 0.012244 -1.143596
v -0.930085 0.012515 -1.145932
v -0.927410 0.012607 -1.147861
v -0.924740 0.012515 -1.149254
v -0.922228 0.012244 -1.150052
v -0.922358 0.010459 -1.148883
v -0.922724 0.008695 -1.147197
v -0.923774 0.007083 -1.144981
v -0.925419 0.005789 -1.142410
v -0.927497 0.004916 -1.139754
v -0.929545 0.005789 -1.139845
v -0.931156 0.007083 -1.140392
v -0.932172 0.008695 -1.141324
v -0.932507 0.010459 -1.142574
v -0.930083 0.010949 -1.145035
v -0.927418 0.011114 -1.147032
v -0.924762 0.010949 -1.148343
v -0.924799 0.009284 -1.147030
v -0.925537 0.007576 -1.144902
v -0.927470 0.006404 -1.142286
v -0.929371 0.007576 -1.142519
v -0.930073 0.009284 -1.143752
v -0.927430 0.009671 -1.145968
v -0.927445 0.008218 -1.144585
v -1.569656 0.001947 0.010931
v -1.571397 0.002332 0.014228
v -1.573031 0.002955 0.017387
v -1.574532 0.003806 0.020395
v -1.576007 0.004915 0.023230
v -1.577408 0.006263 0.025792
v -1.578688 0.007808 0.027994
v -1.579809 0.009498 0.029770
v -1.580744 0.011274 0.031088
v -1.581430 0.013155 0.032054
v -1.581875 0.015127 0.032638
v -1.583301 0.015224 0.031001
v -1.584423 0.015344 0.029017
v -1.585240 0.015506 0.026713
v -1.585739 0.015608 0.024025
v -1.585886 0.015642 0.021020
v -1.585672 0.015608 0.017789
v -1.585108 0.015506 0.014441
v -1.584230 0.015344 0.011083
v -1.583050 0.015224 0.007669
v -1.581570 0.015127 0.004225
v -1.581132 0.013155 0.004261
v -1.580457 0.011274 0.004380
v -1.579538 0.009498 0.004546
v -1.578441 0.007808 0.004944
v -1.577191 0.006263 0.005573
v -1.575826 0.004915 0.006416
v -1.574393 0.003806 0.007442
v -1.572937 0.002955 0.008613
v -1.571349 0.002332 0.009768
v -1.573033 0.002676 0.013030
v -1.574372 0.003193 0.016165
v -1.575788 0.003991 0.019242
v -1.577228 0.005075 0.022146
v -1.578629 0.006425 0.024753
v -1.579931 0.007991 0.026947
v -1.581084 0.009704 0.028650
v -1.582063 0.011490 0.029829
v -1.582866 0.013283 0.030498
v -1.584007 0.013640 0.028735
v -1.584882 0.013905 0.026512
v -1.585425 0.014069 0.023855
v -1.585589 0.014125 0.020835
v -1.585358 0.014069 0.017570
v -1.584750 0.013905 0.014197
v -1.583815 0.013640 0.010849
v -1.582620 0.013283 0.007634
v -1.581821 0.011490 0.007308
v -1.580855 0.009704 0.007277
v -1.579723 0.007991 0.007559
v -1.578451 0.006425 0.008154
v -1.577087 0.005075 0.009042
v -1.575691 0.003991 0.010184
v -1.574322 0.003193 0.011529
v -1.575744 0.003654 0.014715
v -1.577001 0.004343 0.017883
v -1.578363 0.005363 0.020876
v -1.579748 0.006698 0.023531
v -1.581069 0.008282 0.025683
v -1.582260 0.010015 0.027225
v -1.583297 0.011802 0.028134
v -1.584274 0.012244 0.026091
v -1.584895 0.012515 0.023529
v -1.585089 0.012607 0.020524
v -1.584828 0.012515 0.017237
v -1.584143 0.012244 0.013863
v -1.583109 0.011802 0.010570
v -1.582077 0.010015 0.010192
v -1.580903 0.008282 0.010264
v -1.579611 0.006698 0.010792
v -1.578265 0.005363 0.011749
v -1.576949 0.004343 0.013078
v -1.578203 0.004916 0.016244
v -1.579396 0.005788 0.019399
v -1.580741 0.007083 0.022138
v -1.582091 0.008695 0.024185
v -1.583342 0.010459 0.025373
v -1.584128 0.010948 0.023038
v -1.584385 0.011114 0.020087
v -1.584061 0.010948 0.016773
v -1.583214 0.010459 0.013424
v -1.581971 0.008695 0.013061
v -1.580648 0.007083 0.013447
v -1.579344 0.005788 0.014540
v -1.580354 0.006404 0.017581
v -1.581588 0.007576 0.020590
v -1.583025 0.009284 0.022325
v -1.583482 0.009670 0.019525
v -1.582958 0.009284 0.016116
v -1.581540 0.007576 0.016076
v -1.582307 0.008217 0.018795
v -0.927605 0.618477 -1.129690
v -0.925689 0.618093 -1.132889
v -0.923837 0.617469 -1.135925
v -0.922044 0.616619 -1.138768
v -0.920385 0.615509 -1.141500
v -0.918921 0.614161 -1.144027
v -0.917704 0.612616 -1.146264
v -0.916766 0.610926 -1.148143
v -0.916125 0.609150 -1.149626
v -0.915655 0.607269 -1.150714
v -0.915386 0.605297 -1.151397
v -0.917525 0.605200 -1.151767
v -0.919803 0.605080 -1.151697
v -0.922197 0.604918 -1.151200
v -0.924754 0.604817 -1.150232
v -0.927400 0.604782 -1.148799
v -0.930050 0.604817 -1.146940
v -0.932620 0.604918 -1.144721
v -0.935036 0.605080 -1.142228
v -0.937343 0.605200 -1.139449
v -0.939518 0.605297 -1.136396
v -0.939261 0.607269 -1.136041
v -0.938808 0.609150 -1.135526
v -0.938190 0.610926 -1.134826
v -0.937281 0.612616 -1.134095
v -0.936095 0.614161 -1.133352
v -0.934666 0.615509 -1.132622
v -0.933045 0.616619 -1.131929
v -0.931289 0.617469 -1.131293
v -0.929477 0.618093 -1.130533
v -0.927562 0.617748 -1.133666
v -0.925577 0.617231 -1.136437
v -0.923681 0.616433 -1.139244
v -0.921945 0.615349 -1.141981
v -0.920444 0.613999 -1.144532
v -0.919242 0.612433 -1.146783
v -0.918385 0.610721 -1.148652
v -0.917885 0.608934 -1.150101
v -0.917730 0.607142 -1.151134
v -0.919829 0.606784 -1.151195
v -0.922183 0.606519 -1.150790
v -0.924737 0.606355 -1.149876
v -0.927404 0.606300 -1.148449
v -0.930075 0.606355 -1.146558
v -0.932643 0.606519 -1.144288
v -0.935020 0.606784 -1.141752
v -0.937149 0.607142 -1.139063
v -0.937014 0.608934 -1.138211
v -0.936538 0.610721 -1.137368
v -0.935710 0.612433 -1.136547
v -0.934542 0.613999 -1.135769
v -0.933074 0.615349 -1.135063
v -0.931374 0.616433 -1.134462
v -0.929514 0.617231 -1.133989
v -0.927528 0.616770 -1.136858
v -0.925472 0.616081 -1.139576
v -0.923620 0.615061 -1.142293
v -0.922069 0.613726 -1.144854
v -0.920914 0.612143 -1.147100
v -0.920213 0.610409 -1.148918
v -0.919975 0.608622 -1.150277
v -0.922228 0.608180 -1.150052
v -0.924741 0.607909 -1.149254
v -0.927410 0.607817 -1.147861
v -0.930085 0.607909 -1.145932
v -0.932614 0.608180 -1.143596
v -0.934893 0.608622 -1.141004
v -0.934680 0.610409 -1.139925
v -0.934009 0.612143 -1.138960
v -0.932888 0.613726 -1.138129
v -0.931371 0.615061 -1.137475
v -0.929553 0.616081 -1.137039
v -0.927497 0.615508 -1.139754
v -0.925419 0.614636 -1.142410
v -0.923774 0.613342 -1.144981
v -0.922724 0.611729 -1.147197
v -0.922358 0.609965 -1.148883
v -0.924762 0.609476 -1.148343
v -0.927419 0.609310 -1.147032
v -0.930083 0.609476 -1.145035
v -0.932507 0.609965 -1.142574
v -0.932172 0.611729 -1.141324
v -0.931156 0.613342 -1.140392
v -0.929545 0.614636 -1.139845
v -0.927470 0.614021 -1.142286
v -0.925537 0.612848 -1.144902
v -0.924799 0.611140 -1.147030
v -0.927430 0.610754 -1.145968
v -0.930073 0.611140 -1.143752
v -0.929372 0.612848 -1.142519
v -0.927445 0.612207 -1.144585
v -1.581875 0.605297 0.032638
v -1.581431 0.607269 0.032054
v -1.580744 0.609150 0.031088
v -1.579809 0.610926 0.029770
v -1.578688 0.612616 0.027994
v -1.577408 0.614161 0.025792
v -1.576007 0.615509 0.023230
v -1.574532 0.616618 0.020395
v -1.573032 0.617469 0.017387
v -1.571397 0.618092 0.014229
v -1.569656 0.618477 0.010931
v -1.571349 0.618092 0.009768
v -1.572937 0.617469 0.008613
v -1.574393 0.616618 0.007442
v -1.575826 0.615509 0.006416
v -1.577191 0.614161 0.005573
v -1.578441 0.612616 0.004944
v -1.579538 0.610926 0.004546
v -1.580457 0.609150 0.004380
v -1.581132 0.607269 0.004261
v -1.581570 0.605297 0.004225
v -1.583050 0.605200 0.007669
v -1.584230 0.605080 0.011083
v -1.585108 0.604918 0.014441
v -1.585672 0.604816 0.017789
v -1.585886 0.604782 0.021020
v -1.585739 0.604816 0.024025
v -1.585240 0.604918 0.026713
v -1.584423 0.605080 0.029017
v -1.583301 0.605200 0.031001
v -1.582866 0.607141 0.030498
v -1.582063 0.608934 0.029829
v -1.581084 0.610720 0.028650
v -1.579931 0.612433 0.026948
v -1.578629 0.613999 0.024753
v -1.577228 0.615349 0.022146
v -1.575788 0.616433 0.019242
v -1.574372 0.617231 0.016165
v -1.573033 0.617748 0.013030
v -1.574322 0.617231 0.011529
v -1.575691 0.616433 0.010184
v -1.577087 0.615349 0.009043
v -1.578451 0.613999 0.008154
v -1.579723 0.612433 0.007559
v -1.580855 0.610720 0.007277
v -1.581821 0.608934 0.007308
v -1.582620 0.607141 0.007634
v -1.583815 0.606784 0.010849
v -1.584750 0.606519 0.014197
v -1.585358 0.606355 0.017570
v -1.585589 0.606299 0.020835
v -1.585425 0.606355 0.023855
v -1.584882 0.606519 0.026512
v -1.584007 0.606784 0.028735
v -1.583297 0.608622 0.028134
v -1.582260 0.610409 0.027225
v -1.581069 0.612142 0.025683
v -1.579748 0.613726 0.023531
v -1.578363 0.615061 0.020876
v -1.577001 0.616081 0.017883
v -1.575744 0.616770 0.014716
v -1.576949 0.616081 0.013079
v -1.578265 0.615061 0.011750
v -1.579611 0.613726 0.010792
v -1.580903 0.612142 0.010265
v -1.582077 0.610409 0.010192
v -1.583109 0.608622 0.010570
v -1.584143 0.608180 0.013863
v -1.584828 0.607909 0.017237
v -1.585089 0.607817 0.020524
v -1.584895 0.607909 0.023529
v -1.584274 0.608180 0.026091
v -1.583342 0.609965 0.025373
v -1.582091 0.611729 0.024185
v -1.580741 0.613341 0.022138
v -1.579396 0.614636 0.019399
v -1.578203 0.615508 0.016244
v -1.579344 0.614636 0.014540
v -1.580648 0.613341 0.013447
v -1.581971 0.611729 0.013061
v -1.583214 0.609965 0.013424
v -1.584061 0.609476 0.016773
v -1.584385 0.609310 0.020087
v -1.584128 0.609476 0.023038
v -1.583025 0.611140 0.022325
v -1.581589 0.612848 0.020590
v -1.580355 0.614020 0.017581
v -1.581540 0.612848 0.016076
v -1.582958 0.611140 0.016116
v -1.583482 0.610754 0.019525
v -1.582307 0.612207 0.018795
v 1.560722 0.605297 0.270980
v 1.562203 0.605200 0.267537
v 1.563382 0.605080 0.264122
v 1.564261 0.604918 0.260764
v 1.564824 0.604817 0.257416
v 1.565039 0.604782 0.254185
v 1.564891 0.604817 0.251180
v 1.564392 0.604918 0.248493
v 1.563575 0.605080 0.246188
v 1.562453 0.605200 0.244204
v 1.561027 0.605297 0.242567
v 1.560583 0.607269 0.243151
v 1.559896 0.609150 0.244117
v 1.558961 0.610926 0.245435
v 1.557841 0.612616 0.247212
v 1.556561 0.614161 0.249413
v 1.555160 0.615509 0.251976
v 1.553684 0.616619 0.254811
v 1.552184 0.617469 0.257819
v 1.550549 0.618093 0.260977
v 1.548809 0.618477 0.264274
v 1.550501 0.618093 0.265437
v 1.552090 0.617469 0.266592
v 1.553545 0.616619 0.267763
v 1.554979 0.615509 0.268790
v 1.556344 0.614161 0.269633
v 1.557594 0.612616 0.270261
v 1.558691 0.610926 0.270659
v 1.559609 0.609150 0.270825
v 1.560285 0.607269 0.270945
v 1.561773 0.607142 0.267571
v 1.562968 0.606784 0.264356
v 1.563903 0.606519 0.261008
v 1.564510 0.606355 0.257636
v 1.564742 0.606300 0.254370
v 1.564578 0.606355 0.251350
v 1.564035 0.606519 0.248693
v 1.563160 0.606784 0.246470
v 1.562018 0.607142 0.244707
v 1.561216 0.608934 0.245376
v 1.560237 0.610721 0.246555
v 1.559084 0.612433 0.248258
v 1.557782 0.613999 0.250452
v 1.556381 0.615349 0.253060
v 1.554941 0.616433 0.255964
v 1.553524 0.617231 0.259040
v 1.552186 0.617748 0.262175
v 1.553475 0.617231 0.263676
v 1.554843 0.616433 0.265021
v 1.556240 0.615349 0.266163
v 1.557604 0.613999 0.267051
v 1.558875 0.612433 0.267646
v 1.560007 0.610721 0.267928
v 1.560974 0.608934 0.267898
v 1.562262 0.608622 0.264635
v 1.563295 0.608180 0.261342
v 1.563981 0.607909 0.257968
v 1.564241 0.607817 0.254681
v 1.564048 0.607909 0.251676
v 1.563427 0.608180 0.249114
v 1.562450 0.608622 0.247071
v 1.561412 0.610409 0.247980
v 1.560221 0.612143 0.249522
v 1.558900 0.613726 0.251675
v 1.557515 0.615061 0.254329
v 1.556154 0.616081 0.257322
v 1.554897 0.616770 0.260490
v 1.556102 0.616081 0.262127
v 1.557417 0.615061 0.263456
v 1.558764 0.613726 0.264413
v 1.560056 0.612143 0.264941
v 1.561229 0.610409 0.265013
v 1.562366 0.609965 0.261782
v 1.563213 0.609476 0.258432
v 1.563538 0.609310 0.255118
v 1.563280 0.609476 0.252167
v 1.562495 0.609965 0.249832
v 1.561243 0.611729 0.251020
v 1.559894 0.613342 0.253067
v 1.558549 0.614636 0.255807
v 1.557356 0.615508 0.258961
v 1.558497 0.614636 0.260665
v 1.559800 0.613342 0.261758
v 1.561124 0.611729 0.262144
v 1.562111 0.611140 0.259090
v 1.562634 0.610754 0.255680
v 1.562177 0.611140 0.252880
v 1.560741 0.612848 0.254615
v 1.559507 0.614021 0.257624
v 1.560693 0.612848 0.259129
v 1.561460 0.612207 0.256410
v 0.894538 0.605297 1.426602
v 0.896678 0.605200 1.426972
v 0.898956 0.605080 1.426902
v 0.901350 0.604918 1.426405
v 0.903906 0.604816 1.425437
v 0.906552 0.604782 1.424005
v 0.909203 0.604816 1.422145
v 0.911773 0.604918 1.419927
v 0.914188 0.605080 1.417434
v 0.916495 0.605200 1.414654
v 0.918671 0.605297 1.411601
v 0.918413 0.607269 1.411246
v 0.917961 0.609150 1.410731
v 0.917343 0.610926 1.410031
v 0.916433 0.612616 1.409300
v 0.915247 0.614161 1.408557
v 0.913819 0.615509 1.407828
v 0.912197 0.616618 1.407135
v 0.910441 0.617469 1.406498
v 0.908630 0.618092 1.405739
v 0.906757 0.618477 1.404895
v 0.904841 0.618092 1.408094
v 0.902989 0.617469 1.411130
v 0.901196 0.616618 1.413973
v 0.899538 0.615509 1.416705
v 0.898074 0.614161 1.419232
v 0.896856 0.612616 1.421469
v 0.895919 0.610926 1.423348
v 0.895277 0.609150 1.424831
v 0.894807 0.607269 1.425920
v 0.896882 0.607141 1.426340
v 0.898982 0.606784 1.426400
v 0.901336 0.606519 1.425996
v 0.903889 0.606355 1.425081
v 0.906556 0.606299 1.423655
v 0.909227 0.606355 1.421763
v 0.911796 0.606519 1.419494
v 0.914173 0.606784 1.416958
v 0.916302 0.607141 1.414268
v 0.916166 0.608934 1.413416
v 0.915691 0.610720 1.412574
v 0.914863 0.612433 1.411752
v 0.913694 0.613999 1.410974
v 0.912227 0.615349 1.410269
v 0.910527 0.616433 1.409667
v 0.908667 0.617231 1.409195
v 0.906715 0.617748 1.408872
v 0.904729 0.617231 1.411642
v 0.902834 0.616433 1.414449
v 0.901098 0.615349 1.417186
v 0.899596 0.613999 1.419737
v 0.898395 0.612433 1.421988
v 0.897538 0.610720 1.423858
v 0.897038 0.608934 1.425306
v 0.899127 0.608622 1.425482
v 0.901380 0.608180 1.425257
v 0.903893 0.607909 1.424459
v 0.906562 0.607817 1.423066
v 0.909237 0.607909 1.421137
v 0.911766 0.608180 1.418801
v 0.914045 0.608622 1.416209
v 0.913832 0.610409 1.415131
v 0.913162 0.612142 1.414165
v 0.912040 0.613726 1.413334
v 0.910524 0.615061 1.412680
v 0.908705 0.616081 1.412245
v 0.906680 0.616770 1.412063
v 0.904624 0.616081 1.414781
v 0.902772 0.615061 1.417498
v 0.901221 0.613726 1.420059
v 0.900066 0.612142 1.422305
v 0.899366 0.610409 1.424123
v 0.901511 0.609965 1.424088
v 0.903914 0.609476 1.423549
v 0.906571 0.609310 1.422237
v 0.909235 0.609476 1.420241
v 0.911660 0.609965 1.417779
v 0.911325 0.611729 1.416529
v 0.910309 0.613341 1.415597
v 0.908698 0.614636 1.415050
v 0.906649 0.615508 1.414959
v 0.904571 0.614636 1.417615
v 0.902927 0.613341 1.420186
v 0.901877 0.611729 1.422402
v 0.903952 0.611140 1.422235
v 0.906582 0.610754 1.421173
v 0.909226 0.611140 1.418957
v 0.908524 0.612848 1.417724
v 0.906622 0.614020 1.417492
v 0.904690 0.612848 1.420107
v 0.906597 0.612207 1.419791
v 1.548809 0.001947 0.264274
v 1.550549 0.002332 0.260977
v 1.552184 0.002955 0.257819
v 1.553684 0.003806 0.254811
v 1.555160 0.004916 0.251975
v 1.556561 0.006263 0.249413
v 1.557841 0.007808 0.247211
v 1.558961 0.009498 0.245435
v 1.559896 0.011274 0.244117
v 1.560583 0.013155 0.243151
v 1.561027 0.015127 0.242567
v 1.562453 0.015224 0.244204
v 1.563575 0.015344 0.246188
v 1.564392 0.015507 0.248493
v 1.564891 0.015608 0.251180
v 1.565039 0.015642 0.254185
v 1.564824 0.015608 0.257416
v 1.564261 0.015507 0.260764
v 1.563382 0.015344 0.264122
v 1.562203 0.015224 0.267536
v 1.560722 0.015127 0.270980
v 1.560285 0.013155 0.270944
v 1.559610 0.011274 0.270825
v 1.558691 0.009498 0.270659
v 1.557594 0.007808 0.270261
v 1.556344 0.006263 0.269633
v 1.554979 0.004916 0.268789
v 1.553545 0.003806 0.267763
v 1.552090 0.002955 0.266592
v 1.550501 0.002332 0.265437
v 1.552186 0.002677 0.262175
v 1.553524 0.003193 0.259040
v 1.554941 0.003991 0.255964
v 1.556381 0.005075 0.253059
v 1.557782 0.006425 0.250452
v 1.559084 0.007991 0.248258
v 1.560237 0.009704 0.246555
v 1.561216 0.011490 0.245376
v 1.562019 0.013283 0.244707
v 1.563160 0.013641 0.246470
v 1.564035 0.013905 0.248693
v 1.564578 0.014069 0.251350
v 1.564742 0.014125 0.254370
v 1.564510 0.014069 0.257636
v 1.563903 0.013905 0.261008
v 1.562968 0.013641 0.264356
v 1.561773 0.013283 0.267571
v 1.560974 0.011490 0.267898
v 1.560007 0.009704 0.267928
v 1.558875 0.007991 0.267646
v 1.557604 0.006425 0.267051
v 1.556240 0.005075 0.266163
v 1.554844 0.003991 0.265021
v 1.553475 0.003193 0.263676
v 1.554897 0.003655 0.260490
v 1.556154 0.004343 0.257322
v 1.557515 0.005363 0.254329
v 1.558900 0.006698 0.251675
v 1.560221 0.008282 0.249522
v 1.561412 0.010016 0.247980
v 1.562450 0.011802 0.247071
v 1.563427 0.012244 0.249114
v 1.564048 0.012515 0.251676
v 1.564241 0.012607 0.254681
v 1.563981 0.012515 0.257968
v 1.563295 0.012244 0.261342
v 1.562262 0.011802 0.264635
v 1.561229 0.010016 0.265013
v 1.560056 0.008282 0.264941
v 1.558764 0.006698 0.264413
v 1.557417 0.005363 0.263456
v 1.556102 0.004343 0.262127
v 1.557356 0.004916 0.258961
v 1.558549 0.005789 0.255807
v 1.559894 0.007083 0.253067
v 1.561243 0.008695 0.251020
v 1.562495 0.010459 0.249832
v 1.563281 0.010949 0.252167
v 1.563538 0.011114 0.255118
v 1.563213 0.010949 0.258432
v 1.562366 0.010459 0.261782
v 1.561124 0.008695 0.262144
v 1.559800 0.007083 0.261758
v 1.558497 0.005789 0.260665
v 1.559507 0.006404 0.257624
v 1.560741 0.007577 0.254615
v 1.562178 0.009284 0.252880
v 1.562634 0.009671 0.255680
v 1.562111 0.009284 0.259090
v 1.560693 0.007577 0.259129
v 1.561460 0.008218 0.256410
v 0.894539 0.015127 1.426602
v 0.894807 0.013155 1.425919
v 0.895277 0.011274 1.424831
v 0.895919 0.009498 1.423348
v 0.896856 0.007808 1.421469
v 0.898074 0.006263 1.419232
v 0.899538 0.004915 1.416705
v 0.901196 0.003806 1.413973
v 0.902989 0.002955 1.411130
v 0.904841 0.002332 1.408094
v 0.906757 0.001947 1.404895
v 0.908630 0.002332 1.405739
v 0.910441 0.002955 1.406498
v 0.912197 0.003806 1.407135
v 0.913819 0.004915 1.407828
v 0.915247 0.006263 1.408557
v 0.916433 0.007808 1.409299
v 0.917343 0.009498 1.410031
v 0.917961 0.011274 1.410731
v 0.918413 0.013155 1.411246
v 0.918671 0.015127 1.411601
v 0.916495 0.015224 1.414654
v 0.914188 0.015344 1.417434
v 0.911773 0.015506 1.419926
v 0.909203 0.015608 1.422145
v 0.906552 0.015642 1.424005
v 0.903906 0.015608 1.425437
v 0.901350 0.015506 1.426405
v 0.898956 0.015344 1.426902
v 0.896678 0.015224 1.426972
v 0.896882 0.013283 1.426340
v 0.897038 0.011490 1.425306
v 0.897538 0.009704 1.423858
v 0.898395 0.007991 1.421988
v 0.899596 0.006425 1.419737
v 0.901098 0.005075 1.417187
v 0.902834 0.003991 1.414449
v 0.904729 0.003193 1.411642
v 0.906715 0.002676 1.408872
v 0.908667 0.003193 1.409195
v 0.910527 0.003991 1.409667
v 0.912227 0.005075 1.410269
v 0.913694 0.006425 1.410974
v 0.914863 0.007991 1.411752
v 0.915691 0.009704 1.412574
v 0.916166 0.011490 1.413416
v 0.916302 0.013283 1.414268
v 0.914173 0.013640 1.416958
v 0.911796 0.013905 1.419494
v 0.909228 0.014069 1.421763
v 0.906556 0.014125 1.423655
v 0.903889 0.014069 1.425081
v 0.901336 0.013905 1.425995
v 0.898982 0.013640 1.426400
v 0.899127 0.011802 1.425482
v 0.899366 0.010015 1.424123
v 0.900066 0.008282 1.422305
v 0.901221 0.006698 1.420059
v 0.902772 0.005363 1.417498
v 0.904625 0.004343 1.414781
v 0.906680 0.003654 1.412063
v 0.908705 0.004343 1.412245
v 0.910524 0.005363 1.412680
v 0.912040 0.006698 1.413334
v 0.913162 0.008282 1.414165
v 0.913832 0.010015 1.415130
v 0.914045 0.011802 1.416209
v 0.911766 0.012244 1.418801
v 0.909237 0.012515 1.421137
v 0.906562 0.012607 1.423066
v 0.903893 0.012515 1.424459
v 0.901381 0.012244 1.425257
v 0.901511 0.010459 1.424088
v 0.901877 0.008695 1.422402
v 0.902927 0.007083 1.420186
v 0.904571 0.005788 1.417615
v 0.906649 0.004916 1.414959
v 0.908698 0.005788 1.415050
v 0.910309 0.007083 1.415597
v 0.911325 0.008695 1.416529
v 0.911660 0.010459 1.417779
v 0.909235 0.010948 1.420241
v 0.906571 0.011114 1.422237
v 0.903914 0.010948 1.423548
v 0.903952 0.009284 1.422235
v 0.904690 0.007576 1.420107
v 0.906622 0.006404 1.417492
v 0.908524 0.007576 1.417724
v 0.909226 0.009284 1.418957
v 0.906583 0.009671 1.421173
v 0.906598 0.008218 1.419791
vn -0.0190 -0.9994 -0.0306
vn 0.0067 -0.9971 -0.0762
vn 0.0617 -0.9971 -0.0453
vn 0.0360 -0.9994 0.0004
vn 0.0417 -0.9896 -0.1378
vn 0.0965 -0.9895 -0.1072
vn 0.0790 -0.9763 -0.2016
vn 0.1324 -0.9762 -0.1721
vn 0.1190 -0.9555 -0.2698
vn 0.1699 -0.9555 -0.2411
vn 0.1604 -0.9253 -0.3437
vn 0.2111 -0.9254 -0.3148
vn 0.2038 -0.8821 -0.4248
vn 0.2571 -0.8823 -0.3942
vn 0.2499 -0.8206 -0.5140
vn 0.3085 -0.8210 -0.4803
vn 0.2981 -0.7333 -0.6110
vn 0.3658 -0.7337 -0.5725
vn 0.3462 -0.6113 -0.7116
vn 0.4274 -0.6109 -0.6664
vn 0.3914 -0.4463 -0.8047
vn 0.4844 -0.4459 -0.7527
vn 0.4253 -0.2377 -0.8732
vn 0.5258 -0.2377 -0.8167
vn 0.4372 -0.0613 -0.8973
vn 0.5403 -0.0613 -0.8393
vn -0.8620 -0.0338 -0.5058
vn -0.8546 -0.1351 -0.5015
vn -0.8720 -0.1352 -0.4704
vn -0.8796 -0.0340 -0.4745
vn -0.8312 -0.2674 -0.4875
vn -0.8481 -0.2675 -0.4573
vn -0.7931 -0.3941 -0.4645
vn -0.8089 -0.3944 -0.4361
vn -0.7407 -0.5134 -0.4333
vn -0.7554 -0.5134 -0.4073
vn -0.6751 -0.6226 -0.3958
vn -0.6891 -0.6224 -0.3712
vn -0.5979 -0.7199 -0.3524
vn -0.6118 -0.7196 -0.3285
vn -0.5111 -0.8039 -0.3042
vn -0.5250 -0.8037 -0.2800
vn -0.4162 -0.8737 -0.2518
vn -0.4306 -0.8737 -0.2263
vn -0.3151 -0.9286 -0.1961
vn -0.3303 -0.9287 -0.1684
vn -0.2096 -0.9681 -0.1374
vn -0.2259 -0.9681 -0.1081
vn -0.1012 -0.9919 -0.0768
vn -0.1181 -0.9919 -0.0467
vn -0.0360 -0.9994 -0.0004
vn 0.2763 -0.0598 -0.9592
vn 0.2762 0.0600 -0.9592
vn 0.4372 0.0613 -0.8973
vn 0.0638 -0.0553 -0.9964
vn 0.0633 0.0560 -0.9964
vn -0.1276 -0.0478 -0.9907
vn -0.1281 0.0497 -0.9905
vn -0.2894 -0.0401 -0.9564
vn -0.2890 0.0422 -0.9564
vn -0.4204 -0.0353 -0.9066
vn -0.4198 0.0364 -0.9069
vn -0.5256 -0.0327 -0.8501
vn -0.5251 0.0328 -0.8504
vn -0.6108 -0.0316 -0.7911
vn -0.6105 0.0308 -0.7914
vn -0.6811 -0.0319 -0.7315
vn -0.6811 0.0307 -0.7315
vn -0.7400 -0.0332 -0.6718
vn -0.7403 0.0322 -0.6715
vn -0.7900 -0.0340 -0.6121
vn -0.7902 0.0336 -0.6119
vn -0.8332 -0.0340 -0.5519
vn -0.8332 0.0339 -0.5519
vn -0.8620 0.0340 -0.5058
vn -0.5403 -0.0614 0.8392
vn -0.5258 -0.2377 0.8167
vn -0.4253 -0.2378 0.8732
vn -0.4372 -0.0613 0.8973
vn -0.4843 -0.4459 0.7527
vn -0.3914 -0.4464 0.8047
vn -0.4274 -0.6109 0.6664
vn -0.3463 -0.6113 0.7116
vn -0.3659 -0.7337 0.5725
vn -0.2981 -0.7334 0.6110
vn -0.3086 -0.8210 0.4803
vn -0.2498 -0.8206 0.5140
vn -0.2570 -0.8823 0.3942
vn -0.2039 -0.8821 0.4248
vn -0.2112 -0.9254 0.3148
vn -0.1604 -0.9253 0.3438
vn -0.1699 -0.9555 0.2411
vn -0.1190 -0.9555 0.2698
vn -0.1324 -0.9762 0.1721
vn -0.0790 -0.9763 0.2016
vn -0.0965 -0.9895 0.1072
vn -0.0417 -0.9896 0.1378
vn -0.0617 -0.9971 0.0453
vn -0.0067 -0.9971 0.0762
vn 0.0190 -0.9994 0.0306
vn -0.9041 -0.0339 -0.4260
vn -0.9041 0.0340 -0.4260
vn -0.8796 0.0340 -0.4745
vn -0.9331 -0.0335 -0.3581
vn -0.9332 0.0339 -0.3578
vn -0.9581 -0.0322 -0.2845
vn -0.9582 0.0332 -0.2841
vn -0.9787 -0.0307 -0.2028
vn -0.9787 0.0319 -0.2028
vn -0.9933 -0.0308 -0.1114
vn -0.9932 0.0317 -0.1117
vn -0.9994 -0.0328 -0.0078
vn -0.9994 0.0326 -0.0083
vn -0.9931 -0.0365 0.1116
vn -0.9932 0.0353 0.1109
vn -0.9676 -0.0422 0.2491
vn -0.9677 0.0402 0.2487
vn -0.9132 -0.0496 0.4044
vn -0.9131 0.0479 0.4049
vn -0.8191 -0.0559 0.5710
vn -0.8188 0.0552 0.5714
vn -0.6769 -0.0600 0.7337
vn -0.6767 0.0598 0.7338
vn -0.5403 0.0614 0.8392
vn 0.4255 0.2376 -0.8732
vn 0.5259 0.2378 -0.8166
vn 0.5403 0.0613 -0.8393
vn 0.3922 0.4460 -0.8046
vn 0.4849 0.4464 -0.7521
vn 0.3480 0.6110 -0.7111
vn 0.4287 0.6114 -0.6651
vn 0.2997 0.7337 -0.6099
vn 0.3677 0.7333 -0.5718
vn 0.2506 0.8210 -0.5130
vn 0.3098 0.8206 -0.4803
vn 0.2037 0.8823 -0.4243
vn 0.2574 0.8821 -0.3946
vn 0.1596 0.9254 -0.3438
vn 0.2106 0.9253 -0.3155
vn 0.1180 0.9555 -0.2704
vn 0.1689 0.9555 -0.2417
vn 0.0784 0.9762 -0.2024
vn 0.1314 0.9763 -0.1721
vn 0.0416 0.9895 -0.1381
vn 0.0961 0.9896 -0.1072
vn 0.0067 0.9971 -0.0763
vn 0.0616 0.9971 -0.0452
vn -0.0190 0.9994 -0.0305
vn 0.0359 0.9994 0.0004
vn -0.1012 0.9919 -0.0767
vn -0.1182 0.9919 -0.0467
vn -0.0360 0.9994 -0.0004
vn -0.2095 0.9682 -0.1370
vn -0.2262 0.9681 -0.1079
vn -0.3153 0.9287 -0.1951
vn -0.3311 0.9286 -0.1676
vn -0.4169 0.8737 -0.2508
vn -0.4312 0.8737 -0.2252
vn -0.5117 0.8037 -0.3036
vn -0.5252 0.8039 -0.2792
vn -0.5982 0.7196 -0.3526
vn -0.6115 0.7199 -0.3284
vn -0.6749 0.6224 -0.3965
vn -0.6885 0.6227 -0.3718
vn -0.7401 0.5133 -0.4345
vn -0.7547 0.5135 -0.4084
vn -0.7924 0.3944 -0.4653
vn -0.8085 0.3940 -0.4370
vn -0.8309 0.2675 -0.4879
vn -0.8480 0.2673 -0.4577
vn -0.8545 0.1352 -0.5015
vn -0.8720 0.1352 -0.4704
vn -0.0616 0.9971 0.0452
vn -0.0067 0.9971 0.0763
vn 0.0190 0.9994 0.0305
vn -0.0961 0.9896 0.1072
vn -0.0416 0.9895 0.1381
vn -0.1314 0.9763 0.1721
vn -0.0784 0.9762 0.2024
vn -0.1689 0.9555 0.2417
vn -0.1180 0.9555 0.2703
vn -0.2107 0.9253 0.3154
vn -0.1596 0.9254 0.3438
vn -0.2574 0.8821 0.3946
vn -0.2037 0.8824 0.4242
vn -0.3098 0.8206 0.4802
vn -0.2506 0.8210 0.5130
vn -0.3678 0.7333 0.5718
vn -0.2997 0.7337 0.6098
vn -0.4287 0.6113 0.6652
vn -0.3479 0.6109 0.7111
vn -0.4849 0.4464 0.7521
vn -0.3922 0.4459 0.8046
vn -0.5258 0.2378 0.8167
vn -0.4255 0.2377 0.8732
vn -0.4371 0.0614 0.8973
vn 0.6767 0.0598 -0.7338
vn 0.6768 -0.0600 -0.7337
vn 0.8188 0.0553 -0.5714
vn 0.8190 -0.0560 -0.5711
vn 0.9131 0.0480 -0.4049
vn 0.9132 -0.0498 -0.4044
vn 0.9677 0.0401 -0.2487
vn 0.9676 -0.0423 -0.2491
vn 0.9932 0.0353 -0.1109
vn 0.9931 -0.0364 -0.1116
vn 0.9994 0.0327 0.0083
vn 0.9994 -0.0327 0.0078
vn 0.9932 0.0316 0.1118
vn 0.9933 -0.0308 0.1114
vn 0.9787 0.0319 0.2028
vn 0.9787 -0.0306 0.2028
vn 0.9582 0.0332 0.2841
vn 0.9581 -0.0323 0.2846
vn 0.9332 0.0339 0.3578
vn 0.9331 -0.0336 0.3581
vn 0.9041 0.0340 0.4260
vn 0.9041 -0.0339 0.4260
vn 0.8796 0.0339 0.4745
vn 0.8796 -0.0339 0.4745
vn 0.8720 0.1351 0.4704
vn 0.8545 0.1351 0.5015
vn 0.8620 0.0339 0.5058
vn 0.8480 0.2674 0.4576
vn 0.8309 0.2675 0.4878
vn 0.8085 0.3941 0.4370
vn 0.7924 0.3944 0.4653
vn 0.7547 0.5134 0.4084
vn 0.7401 0.5134 0.4345
vn 0.6886 0.6226 0.3718
vn 0.6748 0.6224 0.3965
vn 0.6115 0.7199 0.3284
vn 0.5982 0.7196 0.3526
vn 0.5252 0.8039 0.2792
vn 0.5117 0.8037 0.3036
vn 0.4312 0.8737 0.2252
vn 0.4169 0.8737 0.2508
vn 0.3310 0.9286 0.1676
vn 0.3153 0.9287 0.1951
vn 0.2262 0.9681 0.1078
vn 0.2096 0.9682 0.1370
vn 0.1182 0.9919 0.0467
vn 0.1013 0.9919 0.0767
vn 0.8332 0.0339 0.5519
vn 0.8332 -0.0340 0.5519
vn 0.8620 -0.0339 0.5058
vn 0.7902 0.0336 0.6119
vn 0.7900 -0.0339 0.6121
vn 0.7403 0.0323 0.6715
vn 0.7400 -0.0333 0.6718
vn 0.6811 0.0307 0.7316
vn 0.6811 -0.0319 0.7315
vn 0.6105 0.0309 0.7914
vn 0.6108 -0.0316 0.7911
vn 0.5251 0.0326 0.8504
vn 0.5256 -0.0326 0.8501
vn 0.4198 0.0365 0.9069
vn 0.4204 -0.0354 0.9066
vn 0.2890 0.0423 0.9564
vn 0.2894 -0.0402 0.9564
vn 0.1281 0.0498 0.9905
vn 0.1275 -0.0479 0.9907
vn -0.0633 0.0560 0.9964
vn -0.0638 -0.0552 0.9964
vn -0.2762 0.0599 0.9592
vn -0.2763 -0.0598 0.9592
vn 0.1181 -0.9919 0.0467
vn 0.1012 -0.9919 0.0768
vn 0.2259 -0.9681 0.1081
vn 0.2096 -0.9681 0.1374
vn 0.3303 -0.9287 0.1683
vn 0.3151 -0.9286 0.1961
vn 0.4306 -0.8737 0.2263
vn 0.4162 -0.8737 0.2518
vn 0.5250 -0.8037 0.2799
vn 0.5111 -0.8039 0.3042
vn 0.6118 -0.7196 0.3285
vn 0.5980 -0.7198 0.3525
vn 0.6891 -0.6224 0.3713
vn 0.6751 -0.6226 0.3957
vn 0.7553 -0.5134 0.4073
vn 0.7407 -0.5135 0.4333
vn 0.8089 -0.3944 0.4360
vn 0.7931 -0.3940 0.4645
vn 0.8481 -0.2675 0.4573
vn 0.8312 -0.2673 0.4875
vn 0.8721 -0.1351 0.4704
vn 0.8546 -0.1352 0.5015
vn 0.2662 -0.2350 -0.9348
vn 0.2488 -0.4380 -0.8639
vn 0.2235 -0.6006 -0.7677
vn 0.1967 -0.7216 -0.6638
vn 0.1626 -0.8113 -0.5615
vn 0.1243 -0.8754 -0.4672
vn 0.0838 -0.9199 -0.3830
vn 0.0424 -0.9501 -0.3090
vn 0.0007 -0.9698 -0.2437
vn -0.0391 -0.9826 -0.1814
vn -0.0764 -0.9893 -0.1241
vn -0.1852 -0.9657 -0.1820
vn -0.2906 -0.9270 -0.2372
vn -0.3920 -0.8737 -0.2880
vn -0.4884 -0.8042 -0.3386
vn -0.5770 -0.7191 -0.3871
vn -0.6548 -0.6201 -0.4320
vn -0.7193 -0.5101 -0.4717
vn -0.7686 -0.3922 -0.5055
vn -0.8041 -0.2665 -0.5315
vn -0.8249 -0.1367 -0.5485
vn -0.7829 -0.1332 -0.6077
vn -0.7338 -0.1297 -0.6669
vn -0.6776 -0.1243 -0.7249
vn -0.6079 -0.1233 -0.7844
vn -0.5214 -0.1284 -0.8436
vn -0.4140 -0.1405 -0.8993
vn -0.2821 -0.1600 -0.9459
vn -0.1236 -0.1866 -0.9746
vn 0.0646 -0.2139 -0.9747
vn 0.0582 -0.4145 -0.9082
vn 0.0662 -0.5676 -0.8206
vn 0.0608 -0.6929 -0.7185
vn 0.0445 -0.7878 -0.6143
vn 0.0176 -0.8563 -0.5162
vn -0.0183 -0.9027 -0.4299
vn -0.0595 -0.9325 -0.3563
vn -0.1045 -0.9507 -0.2920
vn -0.1509 -0.9581 -0.2433
vn -0.2551 -0.9233 -0.2872
vn -0.3575 -0.8718 -0.3349
vn -0.4563 -0.8027 -0.3839
vn -0.5474 -0.7163 -0.4328
vn -0.6258 -0.6149 -0.4800
vn -0.6882 -0.5032 -0.5227
vn -0.7332 -0.3847 -0.5607
vn -0.7595 -0.2663 -0.5935
vn -0.7194 -0.2504 -0.6479
vn -0.6652 -0.2429 -0.7061
vn -0.5967 -0.2419 -0.7651
vn -0.5094 -0.2519 -0.8228
vn -0.3998 -0.2759 -0.8741
vn -0.2671 -0.3129 -0.9115
vn -0.1083 -0.3627 -0.9256
vn -0.0909 -0.5210 -0.8487
vn -0.0752 -0.6490 -0.7571
vn -0.0726 -0.7508 -0.6565
vn -0.0876 -0.8255 -0.5575
vn -0.1197 -0.8745 -0.4701
vn -0.1642 -0.9028 -0.3974
vn -0.2143 -0.9145 -0.3432
vn -0.3193 -0.8665 -0.3837
vn -0.4208 -0.7991 -0.4293
vn -0.5151 -0.7111 -0.4785
vn -0.5943 -0.6064 -0.5282
vn -0.6522 -0.4921 -0.5765
vn -0.6892 -0.3752 -0.6198
vn -0.6433 -0.3587 -0.6764
vn -0.5779 -0.3554 -0.7346
vn -0.4902 -0.3683 -0.7899
vn -0.3779 -0.4026 -0.8337
vn -0.2405 -0.4599 -0.8548
vn -0.2078 -0.5916 -0.7790
vn -0.1894 -0.7006 -0.6880
vn -0.1907 -0.7833 -0.5916
vn -0.2246 -0.8345 -0.5032
vn -0.2739 -0.8564 -0.4377
vn -0.3801 -0.7926 -0.4767
vn -0.4789 -0.7037 -0.5248
vn -0.5569 -0.5930 -0.5815
vn -0.6082 -0.4761 -0.6351
vn -0.5512 -0.4651 -0.6927
vn -0.4652 -0.4765 -0.7460
vn -0.3437 -0.5279 -0.7767
vn -0.3009 -0.6381 -0.7088
vn -0.2931 -0.7311 -0.6161
vn -0.3298 -0.7841 -0.5258
vn -0.4374 -0.6923 -0.5739
vn -0.5180 -0.5693 -0.6384
vn -0.4314 -0.5802 -0.6908
vn -0.3946 -0.6742 -0.6243
vn -0.1457 -0.9893 -0.0008
vn -0.1772 -0.9822 0.0617
vn -0.2104 -0.9693 0.1270
vn -0.2433 -0.9500 0.1956
vn -0.2840 -0.9203 0.2692
vn -0.3339 -0.8763 0.3474
vn -0.3938 -0.8127 0.4295
vn -0.4626 -0.7231 0.5129
vn -0.5375 -0.6003 0.5923
vn -0.6089 -0.4351 0.6632
vn -0.6613 -0.2347 0.7125
vn -0.8014 -0.2154 0.5580
vn -0.8971 -0.1904 0.3987
vn -0.9542 -0.1626 0.2511
vn -0.9832 -0.1419 0.1147
vn -0.9917 -0.1287 -0.0063
vn -0.9861 -0.1227 -0.1117
vn -0.9714 -0.1228 -0.2031
vn -0.9507 -0.1275 -0.2826
vn -0.9252 -0.1321 -0.3559
vn -0.8968 -0.1369 -0.4208
vn -0.8716 -0.2681 -0.4104
vn -0.8315 -0.3931 -0.3925
vn -0.7772 -0.5098 -0.3689
vn -0.7099 -0.6194 -0.3353
vn -0.6311 -0.7183 -0.2929
vn -0.5432 -0.8037 -0.2429
vn -0.4490 -0.8737 -0.1871
vn -0.3516 -0.9275 -0.1269
vn -0.2497 -0.9662 -0.0641
vn -0.2859 -0.9583 -0.0000
vn -0.3050 -0.9502 0.0641
vn -0.3359 -0.9325 0.1330
vn -0.3763 -0.9033 0.2058
vn -0.4304 -0.8578 0.2810
vn -0.4994 -0.7902 0.3552
vn -0.5804 -0.6952 0.4241
vn -0.6701 -0.5649 0.4815
vn -0.7510 -0.4091 0.5182
vn -0.8496 -0.3600 0.3855
vn -0.9165 -0.3146 0.2472
vn -0.9538 -0.2775 0.1150
vn -0.9676 -0.2525 -0.0056
vn -0.9639 -0.2417 -0.1114
vn -0.9491 -0.2421 -0.2017
vn -0.9264 -0.2504 -0.2812
vn -0.9002 -0.2680 -0.3433
vn -0.8589 -0.3862 -0.3363
vn -0.8045 -0.5025 -0.3167
vn -0.7360 -0.6136 -0.2860
vn -0.6553 -0.7148 -0.2441
vn -0.5659 -0.8018 -0.1921
vn -0.4720 -0.8715 -0.1328
vn -0.3767 -0.9238 -0.0678
vn -0.4042 -0.9147 -0.0014
vn -0.4251 -0.9026 0.0673
vn -0.4629 -0.8754 0.1395
vn -0.5190 -0.8281 0.2119
vn -0.5952 -0.7543 0.2770
vn -0.6891 -0.6472 0.3260
vn -0.7792 -0.5138 0.3589
vn -0.8575 -0.4563 0.2376
vn -0.9071 -0.4051 0.1140
vn -0.9291 -0.3699 -0.0047
vn -0.9282 -0.3553 -0.1103
vn -0.9115 -0.3592 -0.2004
vn -0.8857 -0.3774 -0.2705
vn -0.8305 -0.4927 -0.2598
vn -0.7614 -0.6045 -0.2343
vn -0.6784 -0.7088 -0.1933
vn -0.5868 -0.7978 -0.1385
vn -0.4939 -0.8665 -0.0724
vn -0.5160 -0.8566 -0.0029
vn -0.5449 -0.8356 0.0692
vn -0.5990 -0.7884 0.1403
vn -0.6878 -0.7002 0.1914
vn -0.7805 -0.5841 0.2227
vn -0.8438 -0.5250 0.1109
vn -0.8774 -0.4798 -0.0029
vn -0.8775 -0.4667 -0.1106
vn -0.8565 -0.4785 -0.1935
vn -0.7863 -0.5919 -0.1774
vn -0.7008 -0.6997 -0.1392
vn -0.6069 -0.7911 -0.0763
vn -0.6204 -0.7843 -0.0058
vn -0.6744 -0.7355 0.0652
vn -0.7669 -0.6326 0.1077
vn -0.8131 -0.5822 -0.0033
vn -0.8128 -0.5712 -0.1142
vn -0.7221 -0.6873 -0.0787
vn -0.7384 -0.6742 -0.0135
vn -0.0763 0.9893 -0.1242
vn -0.0392 0.9822 -0.1834
vn -0.0006 0.9693 -0.2458
vn 0.0410 0.9500 -0.3095
vn 0.0828 0.9203 -0.3824
vn 0.1238 0.8762 -0.4657
vn 0.1629 0.8127 -0.5595
vn 0.1985 0.7230 -0.6617
vn 0.2275 0.6003 -0.7667
vn 0.2510 0.4351 -0.8647
vn 0.2660 0.2347 -0.9350
vn 0.0612 0.2155 -0.9746
vn -0.1245 0.1904 -0.9738
vn -0.2803 0.1626 -0.9460
vn -0.4120 0.1418 -0.9001
vn -0.5199 0.1287 -0.8445
vn -0.6071 0.1227 -0.7851
vn -0.6775 0.1229 -0.7251
vn -0.7348 0.1275 -0.6661
vn -0.7842 0.1321 -0.6063
vn -0.8250 0.1369 -0.5484
vn -0.8030 0.2681 -0.5323
vn -0.7669 0.3931 -0.5072
vn -0.7186 0.5098 -0.4731
vn -0.6549 0.6194 -0.4329
vn -0.5778 0.7183 -0.3875
vn -0.4895 0.8037 -0.3383
vn -0.3929 0.8737 -0.2868
vn -0.2909 0.9275 -0.2348
vn -0.1844 0.9662 -0.1802
vn -0.1483 0.9582 -0.2445
vn -0.1034 0.9502 -0.2940
vn -0.0606 0.9325 -0.3561
vn -0.0193 0.9033 -0.4285
vn 0.0170 0.8578 -0.5137
vn 0.0447 0.7902 -0.6112
vn 0.0615 0.6952 -0.7162
vn 0.0640 0.5649 -0.8226
vn 0.0535 0.4092 -0.9109
vn -0.1111 0.3600 -0.9263
vn -0.2641 0.3146 -0.9118
vn -0.3965 0.2775 -0.8751
vn -0.5068 0.2526 -0.8242
vn -0.5953 0.2417 -0.7663
vn -0.6648 0.2421 -0.7067
vn -0.7209 0.2505 -0.6461
vn -0.7605 0.2680 -0.5914
vn -0.7330 0.3863 -0.5598
vn -0.6881 0.5025 -0.5235
vn -0.6264 0.6135 -0.4809
vn -0.5487 0.7148 -0.4336
vn -0.4578 0.8018 -0.3842
vn -0.3584 0.8715 -0.3346
vn -0.2534 0.9238 -0.2869
vn -0.2108 0.9147 -0.3448
vn -0.1630 0.9026 -0.3984
vn -0.1209 0.8754 -0.4681
vn -0.0881 0.8281 -0.5536
vn -0.0719 0.7543 -0.6526
vn -0.0787 0.6472 -0.7582
vn -0.0973 0.5139 -0.8523
vn -0.2417 0.4563 -0.8564
vn -0.3732 0.4051 -0.8346
vn -0.4860 0.3698 -0.7919
vn -0.5759 0.3553 -0.7363
vn -0.6442 0.3593 -0.6753
vn -0.6906 0.3774 -0.6169
vn -0.6530 0.4927 -0.5753
vn -0.5953 0.6045 -0.5294
vn -0.5171 0.7089 -0.4797
vn -0.4228 0.7978 -0.4298
vn -0.3181 0.8665 -0.3847
vn -0.2702 0.8566 -0.4396
vn -0.2236 0.8356 -0.5018
vn -0.1908 0.7884 -0.5848
vn -0.1931 0.7002 -0.6874
vn -0.2145 0.5842 -0.7828
vn -0.3429 0.5250 -0.7790
vn -0.4576 0.4797 -0.7487
vn -0.5498 0.4667 -0.6927
vn -0.6098 0.4785 -0.6318
vn -0.5596 0.5918 -0.5802
vn -0.4825 0.6997 -0.5269
vn -0.3801 0.7911 -0.4793
vn -0.3268 0.7843 -0.5273
vn -0.2941 0.7356 -0.6103
vn -0.3058 0.6326 -0.7116
vn -0.4246 0.5822 -0.6934
vn -0.5193 0.5711 -0.6357
vn -0.4419 0.6873 -0.5765
vn -0.3946 0.6742 -0.6243
vn -0.6611 0.2349 0.7126
vn -0.6095 0.4379 0.6609
vn -0.5403 0.6007 0.5893
vn -0.4654 0.7216 0.5124
vn -0.3957 0.8113 0.4303
vn -0.3349 0.8754 0.3486
vn -0.2839 0.9199 0.2704
vn -0.2422 0.9501 0.1966
vn -0.2080 0.9698 0.1271
vn -0.1753 0.9826 0.0607
vn -0.1457 0.9893 -0.0010
vn -0.2516 0.9657 -0.0639
vn -0.3536 0.9270 -0.1254
vn -0.4495 0.8738 -0.1857
vn -0.5428 0.8042 -0.2419
vn -0.6303 0.7191 -0.2925
vn -0.7090 0.6202 -0.3357
vn -0.7764 0.5101 -0.3702
vn -0.8309 0.3921 -0.3948
vn -0.8715 0.2665 -0.4117
vn -0.8968 0.1367 -0.4207
vn -0.9257 0.1332 -0.3540
vn -0.9508 0.1298 -0.2813
vn -0.9712 0.1243 -0.2032
vn -0.9859 0.1234 -0.1128
vn -0.9917 0.1283 -0.0082
vn -0.9836 0.1405 0.1126
vn -0.9551 0.1599 0.2496
vn -0.8974 0.1865 0.4000
vn -0.7998 0.2139 0.5609
vn -0.7463 0.4145 0.5208
vn -0.6673 0.5677 0.4822
vn -0.5827 0.6929 0.4247
vn -0.5021 0.7878 0.3567
vn -0.4321 0.8563 0.2829
vn -0.3769 0.9027 0.2074
vn -0.3355 0.9325 0.1340
vn -0.3039 0.9507 0.0621
vn -0.2863 0.9581 -0.0028
vn -0.3779 0.9233 -0.0691
vn -0.4718 0.8718 -0.1319
vn -0.5650 0.8027 -0.1910
vn -0.6540 0.7162 -0.2434
vn -0.7349 0.6149 -0.2860
vn -0.8039 0.5032 -0.3171
vn -0.8597 0.3847 -0.3360
vn -0.9014 0.2664 -0.3413
vn -0.9271 0.2504 -0.2789
vn -0.9487 0.2429 -0.2024
vn -0.9637 0.2419 -0.1133
vn -0.9677 0.2519 -0.0086
vn -0.9547 0.2760 0.1116
vn -0.9178 0.3129 0.2445
vn -0.8474 0.3628 0.3876
vn -0.7727 0.5210 0.3625
vn -0.6862 0.6490 0.3285
vn -0.5990 0.7508 0.2785
vn -0.5221 0.8255 0.2144
vn -0.4640 0.8745 0.1416
vn -0.4250 0.9028 0.0658
vn -0.4046 0.9145 -0.0052
vn -0.4937 0.8665 -0.0739
vn -0.5853 0.7991 -0.1371
vn -0.6763 0.7111 -0.1921
vn -0.7599 0.6065 -0.2340
vn -0.8312 0.4922 -0.2585
vn -0.8875 0.3751 -0.2677
vn -0.9120 0.3585 -0.1991
vn -0.9279 0.3554 -0.1130
vn -0.9296 0.3684 -0.0093
vn -0.9088 0.4026 0.1095
vn -0.8555 0.4600 0.2378
vn -0.7738 0.5916 0.2264
vn -0.6865 0.7006 0.1949
vn -0.6048 0.7833 0.1439
vn -0.5467 0.8345 0.0690
vn -0.5163 0.8564 -0.0071
vn -0.6047 0.7926 -0.0777
vn -0.6971 0.7037 -0.1372
vn -0.7860 0.5931 -0.1745
vn -0.8585 0.4762 -0.1905
vn -0.8782 0.4651 -0.1118
vn -0.8791 0.4765 -0.0107
vn -0.8423 0.5279 0.1091
vn -0.7620 0.6381 0.1104
vn -0.6788 0.7311 0.0690
vn -0.6206 0.7841 -0.0092
vn -0.7175 0.6923 -0.0762
vn -0.8146 0.5692 -0.1117
vn -0.8144 0.5802 -0.0104
vn -0.7384 0.6742 -0.0135
vn 0.8969 0.1367 0.4207
vn 0.9257 0.1332 0.3540
vn 0.9508 0.1298 0.2814
vn 0.9712 0.1242 0.2033
vn 0.9859 0.1233 0.1128
vn 0.9917 0.1284 0.0081
vn 0.9837 0.1405 -0.1126
vn 0.9550 0.1600 -0.2496
vn 0.8973 0.1865 -0.4000
vn 0.7998 0.2139 -0.5609
vn 0.6611 0.2350 -0.7125
vn 0.6095 0.4380 -0.6608
vn 0.5403 0.6006 -0.5893
vn 0.4654 0.7216 -0.5125
vn 0.3957 0.8113 -0.4303
vn 0.3349 0.8754 -0.3486
vn 0.2839 0.9199 -0.2704
vn 0.2422 0.9501 -0.1965
vn 0.2080 0.9698 -0.1271
vn 0.1754 0.9826 -0.0606
vn 0.1457 0.9893 0.0010
vn 0.2516 0.9657 0.0639
vn 0.3536 0.9270 0.1254
vn 0.4496 0.8737 0.1857
vn 0.5428 0.8043 0.2419
vn 0.6303 0.7191 0.2925
vn 0.7090 0.6202 0.3357
vn 0.7764 0.5100 0.3702
vn 0.8308 0.3922 0.3949
vn 0.8715 0.2665 0.4117
vn 0.9014 0.2663 0.3413
vn 0.9271 0.2504 0.2789
vn 0.9487 0.2429 0.2024
vn 0.9637 0.2418 0.1133
vn 0.9677 0.2519 0.0086
vn 0.9547 0.2759 -0.1116
vn 0.9178 0.3129 -0.2446
vn 0.8475 0.3627 -0.3876
vn 0.7463 0.4145 -0.5209
vn 0.6672 0.5677 -0.4822
vn 0.5827 0.6929 -0.4248
vn 0.5021 0.7878 -0.3567
vn 0.4322 0.8563 -0.2828
vn 0.3770 0.9027 -0.2074
vn 0.3355 0.9325 -0.1340
vn 0.3039 0.9507 -0.0621
vn 0.2863 0.9581 0.0028
vn 0.3779 0.9233 0.0691
vn 0.4717 0.8718 0.1319
vn 0.5650 0.8027 0.1909
vn 0.6541 0.7162 0.2434
vn 0.7349 0.6149 0.2860
vn 0.8039 0.5032 0.3172
vn 0.8597 0.3847 0.3360
vn 0.8875 0.3751 0.2676
vn 0.9120 0.3587 0.1991
vn 0.9278 0.3555 0.1129
vn 0.9296 0.3684 0.0093
vn 0.9088 0.4027 -0.1095
vn 0.8555 0.4599 -0.2378
vn 0.7727 0.5211 -0.3625
vn 0.6862 0.6490 -0.3285
vn 0.5990 0.7508 -0.2785
vn 0.5221 0.8255 -0.2143
vn 0.4640 0.8745 -0.1416
vn 0.4249 0.9028 -0.0658
vn 0.4045 0.9145 0.0052
vn 0.4937 0.8665 0.0739
vn 0.5853 0.7991 0.1371
vn 0.6763 0.7111 0.1921
vn 0.7599 0.6064 0.2340
vn 0.8313 0.4921 0.2584
vn 0.8584 0.4762 0.1905
vn 0.8781 0.4652 0.1118
vn 0.8791 0.4765 0.0107
vn 0.8423 0.5279 -0.1091
vn 0.7738 0.5916 -0.2264
vn 0.6864 0.7006 -0.1949
vn 0.6048 0.7833 -0.1439
vn 0.5467 0.8345 -0.0690
vn 0.5163 0.8564 0.0070
vn 0.6047 0.7926 0.0777
vn 0.6971 0.7037 0.1372
vn 0.7861 0.5930 0.1744
vn 0.8146 0.5692 0.1117
vn 0.8144 0.5802 0.0104
vn 0.7620 0.6381 -0.1105
vn 0.6788 0.7311 -0.0690
vn 0.6206 0.7841 0.0092
vn 0.7175 0.6923 0.0762
vn 0.7385 0.6741 0.0135
vn -0.2660 0.2346 0.9350
vn -0.0612 0.2155 0.9746
vn 0.1245 0.1906 0.9738
vn 0.2803 0.1627 0.9460
vn 0.4120 0.1418 0.9001
vn 0.5199 0.1286 0.8445
vn 0.6071 0.1228 0.7851
vn 0.6775 0.1228 0.7252
vn 0.7348 0.1276 0.6661
vn 0.7842 0.1321 0.6063
vn 0.8250 0.1368 0.5484
vn 0.8030 0.2681 0.5323
vn 0.7669 0.3932 0.5073
vn 0.7186 0.5098 0.4731
vn 0.6549 0.6194 0.4329
vn 0.5778 0.7183 0.3875
vn 0.4895 0.8037 0.3383
vn 0.3929 0.8737 0.2868
vn 0.2909 0.9275 0.2347
vn 0.1844 0.9662 0.1802
vn 0.0763 0.9893 0.1242
vn 0.0392 0.9822 0.1835
vn 0.0006 0.9693 0.2458
vn -0.0410 0.9500 0.3095
vn -0.0828 0.9203 0.3824
vn -0.1238 0.8763 0.4657
vn -0.1629 0.8127 0.5595
vn -0.1985 0.7231 0.6616
vn -0.2275 0.6003 0.7667
vn -0.2510 0.4351 0.8647
vn -0.0534 0.4092 0.9109
vn 0.1111 0.3599 0.9263
vn 0.2641 0.3145 0.9118
vn 0.3965 0.2775 0.8751
vn 0.5068 0.2526 0.8242
vn 0.5953 0.2416 0.7663
vn 0.6648 0.2421 0.7067
vn 0.7210 0.2504 0.6462
vn 0.7605 0.2680 0.5914
vn 0.7330 0.3863 0.5599
vn 0.6881 0.5025 0.5235
vn 0.6263 0.6135 0.4809
vn 0.5487 0.7148 0.4336
vn 0.4578 0.8018 0.3842
vn 0.3584 0.8715 0.3346
vn 0.2534 0.9238 0.2869
vn 0.1483 0.9583 0.2445
vn 0.1034 0.9502 0.2939
vn 0.0606 0.9325 0.3561
vn 0.0193 0.9033 0.4285
vn -0.0170 0.8578 0.5137
vn -0.0446 0.7902 0.6113
vn -0.0615 0.6952 0.7162
vn -0.0640 0.5649 0.8227
vn 0.0973 0.5138 0.8524
vn 0.2417 0.4563 0.8563
vn 0.3731 0.4052 0.8346
vn 0.4860 0.3699 0.7918
vn 0.5758 0.3552 0.7363
vn 0.6442 0.3593 0.6752
vn 0.6906 0.3774 0.6169
vn 0.6530 0.4927 0.5753
vn 0.5953 0.6045 0.5294
vn 0.5171 0.7088 0.4797
vn 0.4228 0.7978 0.4298
vn 0.3181 0.8665 0.3847
vn 0.2108 0.9147 0.3449
vn 0.1630 0.9026 0.3984
vn 0.1209 0.8753 0.4681
vn 0.0881 0.8282 0.5535
vn 0.0719 0.7543 0.6525
vn 0.0788 0.6472 0.7582
vn 0.2145 0.5841 0.7828
vn 0.3429 0.5250 0.7790
vn 0.4576 0.4798 0.7486
vn 0.5497 0.4668 0.6927
vn 0.6097 0.4786 0.6318
vn 0.5595 0.5919 0.5802
vn 0.4825 0.6997 0.5269
vn 0.3801 0.7911 0.4793
vn 0.2702 0.8566 0.4396
vn 0.2235 0.8356 0.5018
vn 0.1908 0.7884 0.5848
vn 0.1931 0.7002 0.6873
vn 0.3058 0.6326 0.7115
vn 0.4246 0.5822 0.6934
vn 0.5193 0.5712 0.6357
vn 0.4420 0.6872 0.5765
vn 0.3267 0.7843 0.5273
vn 0.2941 0.7355 0.6104
vn 0.3946 0.6741 0.6244
vn 0.1457 -0.9893 0.0008
vn 0.1772 -0.9822 -0.0617
vn 0.2105 -0.9693 -0.1270
vn 0.2433 -0.9500 -0.1956
vn 0.2840 -0.9203 -0.2692
vn 0.3339 -0.8762 -0.3474
vn 0.3937 -0.8127 -0.4296
vn 0.4627 -0.7231 -0.5129
vn 0.5375 -0.6003 -0.5923
vn 0.6090 -0.4351 -0.6632
vn 0.6613 -0.2347 -0.7124
vn 0.8014 -0.2155 -0.5579
vn 0.8971 -0.1905 -0.3987
vn 0.9542 -0.1627 -0.2511
vn 0.9832 -0.1418 -0.1147
vn 0.9917 -0.1287 0.0064
vn 0.9861 -0.1227 0.1118
vn 0.9714 -0.1228 0.2031
vn 0.9507 -0.1275 0.2827
vn 0.9252 -0.1321 0.3558
vn 0.8968 -0.1368 0.4207
vn 0.8716 -0.2681 0.4104
vn 0.8315 -0.3931 0.3925
vn 0.7772 -0.5098 0.3689
vn 0.7099 -0.6194 0.3353
vn 0.6311 -0.7183 0.2929
vn 0.5432 -0.8037 0.2429
vn 0.4490 -0.8737 0.1871
vn 0.3516 -0.9275 0.1269
vn 0.2497 -0.9662 0.0642
vn 0.2860 -0.9582 -0.0000
vn 0.3050 -0.9502 -0.0641
vn 0.3359 -0.9325 -0.1330
vn 0.3764 -0.9033 -0.2058
vn 0.4303 -0.8578 -0.2810
vn 0.4994 -0.7902 -0.3553
vn 0.5804 -0.6952 -0.4241
vn 0.6701 -0.5649 -0.4815
vn 0.7510 -0.4091 -0.5183
vn 0.8496 -0.3599 -0.3855
vn 0.9165 -0.3146 -0.2472
vn 0.9538 -0.2775 -0.1151
vn 0.9675 -0.2527 0.0057
vn 0.9640 -0.2416 0.1113
vn 0.9490 -0.2421 0.2018
vn 0.9264 -0.2504 0.2811
vn 0.9002 -0.2681 0.3433
vn 0.8589 -0.3863 0.3362
vn 0.8045 -0.5025 0.3167
vn 0.7361 -0.6135 0.2860
vn 0.6553 -0.7148 0.2441
vn 0.5659 -0.8018 0.1920
vn 0.4720 -0.8715 0.1328
vn 0.3767 -0.9238 0.0678
vn 0.4042 -0.9147 0.0014
vn 0.4251 -0.9026 -0.0673
vn 0.4629 -0.8754 -0.1395
vn 0.5190 -0.8281 -0.2118
vn 0.5952 -0.7543 -0.2771
vn 0.6891 -0.6472 -0.3260
vn 0.7792 -0.5138 -0.3589
vn 0.8575 -0.4563 -0.2377
vn 0.9071 -0.4051 -0.1140
vn 0.9291 -0.3699 0.0047
vn 0.9282 -0.3553 0.1103
vn 0.9115 -0.3593 0.2004
vn 0.8857 -0.3774 0.2705
vn 0.8305 -0.4926 0.2598
vn 0.7614 -0.6045 0.2343
vn 0.6784 -0.7089 0.1933
vn 0.5868 -0.7978 0.1385
vn 0.4939 -0.8665 0.0724
vn 0.5159 -0.8566 0.0029
vn 0.5449 -0.8356 -0.0693
vn 0.5990 -0.7884 -0.1403
vn 0.6878 -0.7002 -0.1915
vn 0.7805 -0.5841 -0.2227
vn 0.8438 -0.5250 -0.1110
vn 0.8774 -0.4797 0.0029
vn 0.8774 -0.4668 0.1106
vn 0.8565 -0.4785 0.1935
vn 0.7863 -0.5918 0.1774
vn 0.7008 -0.6997 0.1392
vn 0.6069 -0.7911 0.0763
vn 0.6204 -0.7843 0.0058
vn 0.6744 -0.7355 -0.0652
vn 0.7669 -0.6326 -0.1077
vn 0.8130 -0.5822 0.0033
vn 0.8128 -0.5712 0.1141
vn 0.7222 -0.6872 0.0787
vn 0.7385 -0.6741 0.0135
vn -0.2662 -0.2349 0.9348
vn -0.2488 -0.4379 0.8639
vn -0.2235 -0.6006 0.7676
vn -0.1967 -0.7216 0.6638
vn -0.1626 -0.8114 0.5615
vn -0.1243 -0.8754 0.4671
vn -0.0838 -0.9199 0.3830
vn -0.0424 -0.9501 0.3090
vn -0.0007 -0.9698 0.2437
vn 0.0391 -0.9826 0.1814
vn 0.0764 -0.9893 0.1241
vn 0.1852 -0.9657 0.1820
vn 0.2906 -0.9270 0.2372
vn 0.3919 -0.8738 0.2880
vn 0.4884 -0.8042 0.3386
vn 0.5771 -0.7191 0.3871
vn 0.6548 -0.6202 0.4320
vn 0.7192 -0.5101 0.4717
vn 0.7686 -0.3922 0.5055
vn 0.8041 -0.2665 0.5315
vn 0.8249 -0.1367 0.5485
vn 0.7829 -0.1332 0.6078
vn 0.7338 -0.1297 0.6669
vn 0.6776 -0.1243 0.7249
vn 0.6080 -0.1234 0.7843
vn 0.5214 -0.1285 0.8436
vn 0.4140 -0.1405 0.8994
vn 0.2821 -0.1601 0.9459
vn 0.1236 -0.1865 0.9747
vn -0.0646 -0.2138 0.9747
vn -0.0582 -0.4145 0.9082
vn -0.0661 -0.5677 0.8206
vn -0.0609 -0.6929 0.7185
vn -0.0445 -0.7878 0.6143
vn -0.0176 -0.8563 0.5162
vn 0.0183 -0.9027 0.4299
vn 0.0596 -0.9325 0.3563
vn 0.1045 -0.9507 0.2920
vn 0.1509 -0.9581 0.2433
vn 0.2551 -0.9233 0.2872
vn 0.3575 -0.8718 0.3349
vn 0.4564 -0.8027 0.3840
vn 0.5474 -0.7162 0.4329
vn 0.6257 -0.6149 0.4800
vn 0.6882 -0.5032 0.5227
vn 0.7332 -0.3847 0.5607
vn 0.7595 -0.2664 0.5935
vn 0.7194 -0.2504 0.6479
vn 0.6651 -0.2430 0.7061
vn 0.5968 -0.2419 0.7651
vn 0.5094 -0.2519 0.8228
vn 0.3999 -0.2759 0.8741
vn 0.2670 -0.3129 0.9115
vn 0.1083 -0.3627 0.9256
vn 0.0909 -0.5210 0.8487
vn 0.0752 -0.6490 0.7571
vn 0.0726 -0.7508 0.6565
vn 0.0876 -0.8255 0.5576
vn 0.1197 -0.8745 0.4701
vn 0.1642 -0.9028 0.3974
vn 0.2143 -0.9145 0.3432
vn 0.3193 -0.8665 0.3837
vn 0.4208 -0.7991 0.4293
vn 0.5151 -0.7111 0.4785
vn 0.5943 -0.6064 0.5283
vn 0.6522 -0.4921 0.5766
vn 0.6892 -0.3752 0.6199
vn 0.6433 -0.3587 0.6764
vn 0.5780 -0.3553 0.7346
vn 0.4902 -0.3683 0.7899
vn 0.3779 -0.4027 0.8337
vn 0.2405 -0.4599 0.8548
vn 0.2079 -0.5916 0.7790
vn 0.1894 -0.7006 0.6880
vn 0.1907 -0.7833 0.5917
vn 0.2246 -0.8345 0.5031
vn 0.2738 -0.8564 0.4377
vn 0.3801 -0.7926 0.4767
vn 0.4789 -0.7037 0.5248
vn 0.5569 -0.5930 0.5815
vn 0.6082 -0.4762 0.6351
vn 0.5511 -0.4652 0.6927
vn 0.4652 -0.4765 0.7460
vn 0.3437 -0.5279 0.7766
vn 0.3009 -0.6381 0.7087
vn 0.2931 -0.7310 0.6161
vn 0.3298 -0.7841 0.5258
vn 0.4375 -0.6923 0.5739
vn 0.5181 -0.5692 0.6384
vn 0.4314 -0.5802 0.6909
vn 0.3946 -0.6742 0.6243
vt 0.319740 0.679592
vt 0.318899 0.679557
vt 0.318899 0.002681
vt 0.319740 0.002716
vt 0.318072 0.679523
vt 0.318072 0.002647
vt 0.317274 0.679489
vt 0.317274 0.002613
vt 0.316518 0.679458
vt 0.316518 0.002582
vt 0.315817 0.679429
vt 0.315817 0.002553
vt 0.315184 0.679402
vt 0.315184 0.002526
vt 0.744861 0.679348
vt 0.744305 0.679326
vt 0.744040 0.002449
vt 0.744595 0.002472
vt 0.743837 0.679306
vt 0.743571 0.002430
vt 0.611448 0.001528
vt 0.611840 0.001481
vt 0.611839 0.686805
vt 0.611446 0.686851
vt 0.612255 0.001447
vt 0.612253 0.686771
vt 0.612684 0.001427
vt 0.612683 0.686750
vt 0.613120 0.001420
vt 0.613119 0.686743
vt 0.878675 0.646636
vt 0.879113 0.646634
vt 0.879113 0.958557
vt 0.878675 0.958559
vt 0.879546 0.646622
vt 0.879546 0.958545
vt 0.879968 0.646598
vt 0.879968 0.958521
vt 0.880371 0.646564
vt 0.880371 0.958487
vt 0.880748 0.646521
vt 0.880748 0.958444
vt 0.881092 0.646468
vt 0.881092 0.958391
vt 0.319740 0.682296
vt 0.319740 0.681920
vt 0.606890 0.693888
vt 0.606890 0.694264
vt 0.319740 0.681504
vt 0.606890 0.693472
vt 0.319740 0.681055
vt 0.606890 0.693024
vt 0.319740 0.680582
vt 0.606890 0.692550
vt 0.319740 0.680091
vt 0.606890 0.692060
vt 0.606890 0.691561
vt 0.613120 0.000921
vt 0.740038 0.000921
vt 0.740038 0.001420
vt 0.613120 0.000445
vt 0.740038 0.000445
vt 0.613120 0.000000
vt 0.740038 0.000000
vt 0.021281 0.833143
vt 0.020836 0.833124
vt 0.020598 0.696219
vt 0.021044 0.696238
vt 0.020299 0.833109
vt 0.020062 0.696204
vt 0.019681 0.833096
vt 0.019444 0.696191
vt 0.878730 0.641496
vt 0.878714 0.642241
vt 0.751979 0.641063
vt 0.751995 0.640319
vt 0.878700 0.643049
vt 0.751965 0.641872
vt 0.878690 0.643908
vt 0.751954 0.642730
vt 0.878682 0.644802
vt 0.751947 0.643625
vt 0.878677 0.645716
vt 0.751942 0.644539
vt 0.751940 0.645458
vt 0.751445 0.636973
vt 0.751009 0.636998
vt 0.751654 0.001237
vt 0.752091 0.001212
vt 0.750581 0.637069
vt 0.751227 0.001309
vt 0.750169 0.637186
vt 0.750815 0.001426
vt 0.747665 0.678880
vt 0.747293 0.678864
vt 0.747027 0.001988
vt 0.747400 0.002004
vt 0.746824 0.678845
vt 0.746559 0.001969
vt 0.746269 0.678822
vt 0.746003 0.001946
vt 0.611446 0.691751
vt 0.610813 0.691724
vt 0.610813 0.014848
vt 0.611446 0.014875
vt 0.610112 0.691695
vt 0.610112 0.014819
vt 0.609356 0.691664
vt 0.609356 0.014787
vt 0.608558 0.691630
vt 0.608558 0.014754
vt 0.607731 0.691596
vt 0.607731 0.014720
vt 0.606890 0.014685
vt 0.878677 0.959467
vt 0.751942 0.958289
vt 0.751940 0.957381
vt 0.878682 0.960348
vt 0.751947 0.959171
vt 0.878690 0.961188
vt 0.751954 0.960011
vt 0.878700 0.961972
vt 0.751965 0.960794
vt 0.878714 0.962686
vt 0.751979 0.961509
vt 0.878730 0.963318
vt 0.751995 0.962141
vt 0.751460 0.640319
vt 0.751455 0.639728
vt 0.878367 0.639352
vt 0.878372 0.639942
vt 0.751451 0.639137
vt 0.878362 0.638761
vt 0.751448 0.638557
vt 0.878359 0.638180
vt 0.751446 0.637996
vt 0.878357 0.637620
vt 0.751445 0.637465
vt 0.878356 0.637089
vt 0.878356 0.636597
vt 0.740475 0.001427
vt 0.740473 0.686750
vt 0.740036 0.686743
vt 0.740904 0.001447
vt 0.740902 0.686771
vt 0.741318 0.001481
vt 0.741317 0.686805
vt 0.741711 0.001528
vt 0.741709 0.686851
vt 0.743306 0.679306
vt 0.742837 0.679326
vt 0.743103 0.002449
vt 0.743571 0.002430
vt 0.742282 0.679348
vt 0.742547 0.002472
vt 0.314550 0.679429
vt 0.314550 0.002553
vt 0.315184 0.002526
vt 0.313849 0.679458
vt 0.313849 0.002582
vt 0.313093 0.679489
vt 0.313093 0.002613
vt 0.312295 0.679523
vt 0.312295 0.002647
vt 0.311468 0.679557
vt 0.311468 0.002681
vt 0.310627 0.679592
vt 0.310627 0.002716
vt 0.310627 0.680091
vt 0.023477 0.692060
vt 0.023477 0.691561
vt 0.310627 0.680582
vt 0.023477 0.692550
vt 0.310627 0.681055
vt 0.023477 0.693024
vt 0.310627 0.681504
vt 0.023477 0.693472
vt 0.310627 0.681920
vt 0.023477 0.693888
vt 0.310627 0.682296
vt 0.023477 0.694264
vt 0.749632 0.645247
vt 0.749945 0.645306
vt 0.749945 0.957228
vt 0.749632 0.957170
vt 0.750295 0.645356
vt 0.750295 0.957279
vt 0.750676 0.645397
vt 0.750676 0.957320
vt 0.751082 0.645428
vt 0.751082 0.957351
vt 0.751506 0.645449
vt 0.751506 0.957372
vt 0.022636 0.691596
vt 0.022636 0.014720
vt 0.023477 0.014685
vt 0.021810 0.691630
vt 0.021810 0.014754
vt 0.021011 0.691664
vt 0.021011 0.014788
vt 0.020256 0.691695
vt 0.020255 0.014819
vt 0.019555 0.691724
vt 0.019555 0.014848
vt 0.018921 0.691751
vt 0.018921 0.014875
vt 0.749062 0.678822
vt 0.748507 0.678845
vt 0.748507 0.001969
vt 0.749062 0.001946
vt 0.748038 0.678865
vt 0.748038 0.001989
vt 0.747666 0.678880
vt 0.747665 0.002004
vt 0.879641 0.636802
vt 0.879224 0.636688
vt 0.879870 0.000927
vt 0.880287 0.001041
vt 0.878793 0.636619
vt 0.879439 0.000858
vt 0.879002 0.000836
vt 0.740036 0.687255
vt 0.613119 0.687255
vt 0.740036 0.687773
vt 0.613119 0.687773
vt 0.740036 0.688286
vt 0.613119 0.688286
vt 0.740036 0.688787
vt 0.613119 0.688787
vt 0.740036 0.689267
vt 0.613119 0.689267
vt 0.748785 0.682611
vt 0.749217 0.682611
vt 0.749216 0.819708
vt 0.748785 0.819708
vt 0.740762 0.689267
vt 0.740762 0.689829
vt 0.613845 0.689829
vt 0.613845 0.689267
vt 0.740762 0.690477
vt 0.613845 0.690477
vt 0.740762 0.691201
vt 0.613844 0.691201
vt 0.740762 0.691988
vt 0.613844 0.691988
vt 0.740761 0.692825
vt 0.613844 0.692825
vt 0.740761 0.693697
vt 0.613844 0.693697
vt 0.741198 0.693707
vt 0.741166 0.994882
vt 0.740729 0.994872
vt 0.741627 0.693737
vt 0.741595 0.994913
vt 0.742042 0.693787
vt 0.742010 0.994963
vt 0.742434 0.693856
vt 0.742402 0.995032
vt 0.742798 0.693943
vt 0.742766 0.995118
vt 0.743127 0.694046
vt 0.743095 0.995221
vt 0.310627 0.000013
vt 0.310627 0.000389
vt 0.023477 0.012357
vt 0.023477 0.011981
vt 0.310627 0.000805
vt 0.023477 0.012773
vt 0.310627 0.001253
vt 0.023477 0.013222
vt 0.310627 0.001727
vt 0.023477 0.013695
vt 0.310627 0.002217
vt 0.023477 0.014186
vt 0.740729 0.995764
vt 0.613812 0.995764
vt 0.613812 0.994872
vt 0.740729 0.996662
vt 0.613812 0.996662
vt 0.740729 0.997549
vt 0.613812 0.997549
vt 0.740729 0.998411
vt 0.613812 0.998411
vt 0.740729 0.999233
vt 0.613812 0.999233
vt 0.740729 1.000000
vt 0.613812 1.000000
vt 0.746102 0.683400
vt 0.746750 0.683400
vt 0.746750 0.820497
vt 0.746102 0.820497
vt 0.747325 0.683400
vt 0.747325 0.820497
vt 0.747816 0.683400
vt 0.747816 0.820497
vt 0.748216 0.683399
vt 0.748216 0.820496
vt 0.879005 0.000000
vt 0.879003 0.000390
vt 0.752092 0.000767
vt 0.752094 0.000377
vt 0.319740 0.002217
vt 0.606890 0.014186
vt 0.319740 0.001727
vt 0.606890 0.013695
vt 0.319740 0.001253
vt 0.606890 0.013222
vt 0.319740 0.000805
vt 0.606890 0.012773
vt 0.319740 0.000389
vt 0.606890 0.012357
vt 0.319740 0.000013
vt 0.606890 0.011981
vt 0.611479 0.694046
vt 0.611808 0.693943
vt 0.611775 0.995118
vt 0.611446 0.995221
vt 0.612171 0.693856
vt 0.612139 0.995032
vt 0.612564 0.693787
vt 0.612532 0.994963
vt 0.612978 0.693737
vt 0.612946 0.994913
vt 0.613407 0.693707
vt 0.613375 0.994882
vt 0.612686 0.000931
vt 0.612259 0.000975
vt 0.611852 0.001038
vt 0.611467 0.001123
vt 0.743859 0.679710
vt 0.744322 0.679704
vt 0.744884 0.679719
vt 0.315206 0.679773
vt 0.315850 0.679808
vt 0.316555 0.679863
vt 0.317296 0.679934
vt 0.318080 0.679996
vt 0.318903 0.680054
vt 0.318943 0.680544
vt 0.318993 0.681011
vt 0.319061 0.681454
vt 0.319103 0.681874
vt 0.319117 0.682257
vt 0.881081 0.645789
vt 0.880731 0.645827
vt 0.880352 0.645824
vt 0.879958 0.645783
vt 0.879544 0.645751
vt 0.879113 0.645719
vt 0.879096 0.644809
vt 0.879078 0.643931
vt 0.879053 0.643090
vt 0.879045 0.642278
vt 0.879053 0.641521
vt 0.019662 0.833446
vt 0.020287 0.833467
vt 0.020818 0.833506
vt 0.021244 0.833562
vt 0.612733 0.000018
vt 0.612707 0.000457
vt 0.612286 0.000507
vt 0.611898 0.000623
vt 0.611511 0.000731
vt 0.743936 0.680110
vt 0.744388 0.680088
vt 0.744951 0.680097
vt 0.315274 0.680151
vt 0.315927 0.680192
vt 0.316641 0.680262
vt 0.317386 0.680359
vt 0.318133 0.680479
vt 0.318283 0.680928
vt 0.318393 0.681375
vt 0.318461 0.681802
vt 0.318485 0.682190
vt 0.881048 0.645095
vt 0.880693 0.645123
vt 0.880310 0.645091
vt 0.879914 0.645000
vt 0.879520 0.644856
vt 0.879449 0.644022
vt 0.879402 0.643179
vt 0.879379 0.642357
vt 0.879384 0.641591
vt 0.019600 0.833803
vt 0.020227 0.833829
vt 0.020749 0.833884
vt 0.021153 0.833964
vt 0.612364 0.000084
vt 0.611966 0.000187
vt 0.025122 0.694765
vt 0.024993 0.694277
vt 0.025329 0.694277
vt 0.024175 0.694277
vt 0.024175 0.695010
vt 0.023979 0.694666
vt 0.744083 0.680527
vt 0.744509 0.680477
vt 0.745065 0.680477
vt 0.315388 0.680531
vt 0.316048 0.680582
vt 0.316771 0.680679
vt 0.317516 0.680819
vt 0.317700 0.681269
vt 0.317813 0.681703
vt 0.317852 0.682096
vt 0.880992 0.644395
vt 0.880634 0.644406
vt 0.880247 0.644323
vt 0.879852 0.644148
vt 0.879765 0.643309
vt 0.879719 0.642480
vt 0.879715 0.641706
vt 0.019497 0.834162
vt 0.020119 0.834197
vt 0.020614 0.834277
vt 0.020973 0.834400
vt 0.020702 0.834826
vt 0.020392 0.834703
vt 0.744322 0.680978
vt 0.744686 0.680872
vt 0.745226 0.680853
vt 0.315548 0.680907
vt 0.316220 0.680976
vt 0.316956 0.681128
vt 0.317160 0.681573
vt 0.317229 0.681975
vt 0.880914 0.643702
vt 0.880550 0.643678
vt 0.880158 0.643489
vt 0.880063 0.642652
vt 0.880042 0.641867
vt 0.019351 0.834517
vt 0.019957 0.834570
vt 0.020046 0.835125
vt 0.019723 0.834969
vt 0.744943 0.681294
vt 0.745432 0.681219
vt 0.315754 0.681273
vt 0.316466 0.681398
vt 0.316627 0.681828
vt 0.880813 0.643026
vt 0.880430 0.642897
vt 0.880360 0.642073
vt 0.019164 0.834863
vt 0.019247 0.835379
vt 0.018921 0.835214
vt 0.316021 0.681644
vt 0.880682 0.642340
vt 0.607727 0.692093
vt 0.608550 0.692103
vt 0.609334 0.692106
vt 0.610075 0.692097
vt 0.610780 0.692101
vt 0.611424 0.692119
vt 0.746246 0.679191
vt 0.746808 0.679222
vt 0.747271 0.679266
vt 0.749799 0.637735
vt 0.749780 0.637347
vt 0.750180 0.637620
vt 0.750585 0.637535
vt 0.751011 0.637488
vt 0.751033 0.638015
vt 0.751061 0.638563
vt 0.751099 0.639127
vt 0.751125 0.639718
vt 0.751137 0.640317
vt 0.879053 0.963295
vt 0.879045 0.962652
vt 0.879053 0.961933
vt 0.879078 0.961164
vt 0.879096 0.960339
vt 0.879113 0.959461
vt 0.879544 0.959405
vt 0.879958 0.959329
vt 0.880352 0.959223
vt 0.880731 0.959134
vt 0.881081 0.959065
vt 0.607513 0.694277
vt 0.607527 0.693895
vt 0.607569 0.693479
vt 0.607637 0.693042
vt 0.607687 0.692579
vt 0.608497 0.692581
vt 0.609244 0.692524
vt 0.609989 0.692489
vt 0.610703 0.692478
vt 0.611357 0.692492
vt 0.746179 0.679563
vt 0.746742 0.679600
vt 0.747194 0.679659
vt 0.749844 0.638140
vt 0.750228 0.638058
vt 0.750614 0.638048
vt 0.750693 0.638556
vt 0.750753 0.639113
vt 0.750792 0.639705
vt 0.750810 0.640309
vt 0.879384 0.963218
vt 0.879379 0.962565
vt 0.879402 0.961835
vt 0.879449 0.961060
vt 0.879520 0.960270
vt 0.879914 0.960090
vt 0.880310 0.959940
vt 0.880693 0.959824
vt 0.881048 0.959745
vt 0.608145 0.694263
vt 0.608169 0.693877
vt 0.608237 0.693456
vt 0.608347 0.693018
vt 0.609114 0.692973
vt 0.609859 0.692895
vt 0.610582 0.692858
vt 0.611243 0.692863
vt 0.746065 0.679934
vt 0.746622 0.679980
vt 0.747047 0.680064
vt 0.749913 0.638588
vt 0.750297 0.638567
vt 0.750395 0.639105
vt 0.750457 0.639689
vt 0.750482 0.640295
vt 0.879715 0.963086
vt 0.879719 0.962424
vt 0.879765 0.961682
vt 0.879852 0.960903
vt 0.880247 0.960677
vt 0.880634 0.960515
vt 0.880992 0.960421
vt 0.608778 0.694222
vt 0.608817 0.693832
vt 0.608930 0.693408
vt 0.609674 0.693329
vt 0.610410 0.693238
vt 0.611082 0.693225
vt 0.745905 0.680297
vt 0.746445 0.680360
vt 0.749632 0.639148
vt 0.750011 0.639105
vt 0.750120 0.639670
vt 0.750161 0.640275
vt 0.880042 0.962898
vt 0.880063 0.962223
vt 0.880158 0.961461
vt 0.880550 0.961206
vt 0.880914 0.961080
vt 0.609401 0.694153
vt 0.609470 0.693757
vt 0.610164 0.693640
vt 0.610876 0.693574
vt 0.745699 0.680646
vt 0.746188 0.680761
vt 0.749762 0.639644
vt 0.749850 0.640250
vt 0.880360 0.962657
vt 0.880430 0.961933
vt 0.880813 0.961712
vt 0.610003 0.694056
vt 0.610609 0.693922
vt 0.745699 0.681164
vt 0.745432 0.680994
vt 0.880682 0.962342
vt 0.311465 0.680054
vt 0.312287 0.679996
vt 0.313071 0.679934
vt 0.313812 0.679863
vt 0.314517 0.679808
vt 0.315161 0.679773
vt 0.742259 0.679719
vt 0.742821 0.679704
vt 0.743284 0.679710
vt 0.741691 0.001123
vt 0.741307 0.001038
vt 0.740900 0.000975
vt 0.740473 0.000931
vt 0.740452 0.000457
vt 0.740426 0.000018
vt 0.021005 0.695821
vt 0.020579 0.695840
vt 0.020048 0.695848
vt 0.019423 0.695843
vt 0.751673 0.640338
vt 0.751649 0.641094
vt 0.751614 0.641906
vt 0.751568 0.642746
vt 0.751535 0.643624
vt 0.751509 0.644533
vt 0.751087 0.644557
vt 0.750688 0.644582
vt 0.750315 0.644616
vt 0.749962 0.644612
vt 0.749645 0.644568
vt 0.311250 0.682257
vt 0.311264 0.681874
vt 0.311306 0.681454
vt 0.311374 0.681011
vt 0.311424 0.680544
vt 0.312234 0.680479
vt 0.312982 0.680359
vt 0.313726 0.680262
vt 0.314441 0.680192
vt 0.315094 0.680151
vt 0.742191 0.680097
vt 0.742754 0.680088
vt 0.743207 0.680110
vt 0.741647 0.000731
vt 0.741260 0.000623
vt 0.740872 0.000507
vt 0.740795 0.000084
vt 0.020913 0.695427
vt 0.020509 0.695470
vt 0.019988 0.695492
vt 0.019361 0.695491
vt 0.751346 0.640402
vt 0.751318 0.641167
vt 0.751270 0.641988
vt 0.751203 0.642830
vt 0.751119 0.643664
vt 0.750738 0.643800
vt 0.750361 0.643883
vt 0.750004 0.643909
vt 0.749682 0.643874
vt 0.311883 0.682190
vt 0.311906 0.681802
vt 0.311974 0.681375
vt 0.312085 0.680928
vt 0.312851 0.680819
vt 0.313597 0.680679
vt 0.314319 0.680582
vt 0.314980 0.680531
vt 0.742077 0.680477
vt 0.742634 0.680477
vt 0.743060 0.680527
vt 0.741580 0.000333
vt 0.741193 0.000187
vt 0.020731 0.695003
vt 0.020373 0.695087
vt 0.019878 0.695134
vt 0.019256 0.695142
vt 0.751022 0.640511
vt 0.750986 0.641284
vt 0.750915 0.642111
vt 0.750811 0.642949
vt 0.750433 0.643117
vt 0.750070 0.643193
vt 0.749744 0.643176
vt 0.312516 0.682096
vt 0.312554 0.681703
vt 0.312667 0.681269
vt 0.313412 0.681128
vt 0.314147 0.680976
vt 0.314820 0.680907
vt 0.741917 0.680853
vt 0.742457 0.680872
vt 0.742821 0.680978
vt 0.020459 0.694595
vt 0.023699 0.694277
vt 0.023699 0.695041
vt 0.023506 0.694653
vt 0.020149 0.694679
vt 0.019715 0.694775
vt 0.019109 0.694800
vt 0.750703 0.640666
vt 0.750652 0.641450
vt 0.750536 0.642285
vt 0.750165 0.642466
vt 0.749832 0.642484
vt 0.313138 0.681975
vt 0.313207 0.681573
vt 0.313901 0.681398
vt 0.314614 0.681273
vt 0.741711 0.681219
vt 0.742200 0.681294
vt 0.019802 0.694277
vt 0.019479 0.694397
vt 0.018921 0.694471
vt 0.750397 0.640866
vt 0.750300 0.641688
vt 0.749944 0.641810
vt 0.313740 0.681828
vt 0.314346 0.681644
vt 0.741711 0.681737
vt 0.025661 0.694392
vt 0.025329 0.694698
vt 0.025329 0.694277
vt 0.750091 0.641127
vt 0.878791 0.637109
vt 0.879220 0.637154
vt 0.879629 0.637236
vt 0.880037 0.636961
vt 0.880018 0.637348
vt 0.748060 0.679267
vt 0.748523 0.679223
vt 0.749085 0.679191
vt 0.018943 0.692119
vt 0.019588 0.692101
vt 0.020292 0.692097
vt 0.021033 0.692106
vt 0.021817 0.692103
vt 0.022640 0.692093
vt 0.022680 0.692579
vt 0.022730 0.693042
vt 0.022798 0.693479
vt 0.022840 0.693895
vt 0.022855 0.694277
vt 0.749645 0.957844
vt 0.749963 0.957919
vt 0.750315 0.958015
vt 0.750688 0.958128
vt 0.751087 0.958212
vt 0.751509 0.958276
vt 0.751535 0.959153
vt 0.751568 0.959979
vt 0.751614 0.960749
vt 0.751649 0.961468
vt 0.751673 0.962112
vt 0.878695 0.639939
vt 0.878697 0.639339
vt 0.878715 0.638749
vt 0.878747 0.638184
vt 0.878771 0.637636
vt 0.879193 0.637666
vt 0.879583 0.637674
vt 0.879973 0.637754
vt 0.748137 0.679660
vt 0.748589 0.679601
vt 0.749152 0.679563
vt 0.019011 0.692492
vt 0.019664 0.692478
vt 0.020378 0.692489
vt 0.021123 0.692524
vt 0.021871 0.692581
vt 0.022020 0.693018
vt 0.022130 0.693456
vt 0.022199 0.693877
vt 0.022222 0.694263
vt 0.749682 0.958525
vt 0.750004 0.958610
vt 0.750361 0.958733
vt 0.750738 0.958890
vt 0.751119 0.959077
vt 0.751203 0.959868
vt 0.751270 0.960645
vt 0.751318 0.961375
vt 0.751346 0.962028
vt 0.879024 0.639929
vt 0.879031 0.639324
vt 0.879063 0.638733
vt 0.879117 0.638175
vt 0.879517 0.638184
vt 0.879907 0.638203
vt 0.748284 0.680065
vt 0.748709 0.679980
vt 0.749266 0.679934
vt 0.019125 0.692863
vt 0.019785 0.692858
vt 0.020508 0.692895
vt 0.021253 0.692973
vt 0.021438 0.693408
vt 0.021551 0.693832
vt 0.021589 0.694222
vt 0.024678 0.694277
vt 0.024687 0.694962
vt 0.024376 0.694962
vt 0.749744 0.959201
vt 0.750070 0.959302
vt 0.750433 0.959471
vt 0.750811 0.959704
vt 0.750915 0.960485
vt 0.750986 0.961228
vt 0.751022 0.961890
vt 0.879354 0.639913
vt 0.879369 0.639307
vt 0.879424 0.638722
vt 0.879813 0.638720
vt 0.880287 0.638320
vt 0.880198 0.638761
vt 0.748887 0.680360
vt 0.749426 0.680297
vt 0.019285 0.693225
vt 0.019957 0.693238
vt 0.020693 0.693329
vt 0.020897 0.693757
vt 0.020966 0.694153
vt 0.023699 0.694277
vt 0.023979 0.694882
vt 0.023699 0.695025
vt 0.749832 0.959862
vt 0.750165 0.959995
vt 0.750536 0.960257
vt 0.750652 0.961020
vt 0.750703 0.961697
vt 0.879679 0.639891
vt 0.879710 0.639286
vt 0.880073 0.639257
vt 0.749143 0.680761
vt 0.749632 0.680645
vt 0.019491 0.693574
vt 0.020203 0.693640
vt 0.020364 0.694056
vt 0.024993 0.694277
vt 0.024993 0.694934
vt 0.024687 0.694908
vt 0.749944 0.960497
vt 0.750300 0.960724
vt 0.750397 0.961450
vt 0.879994 0.639864
vt 0.749632 0.681164
vt 0.024175 0.694969
vt 0.024175 0.694277
vt 0.024376 0.694701
vt 0.019758 0.693922
vt 0.022610 0.695221
vt 0.022341 0.695036
vt 0.022610 0.694277
vt 0.022074 0.694277
vt 0.022074 0.695348
vt 0.021937 0.694912
vt 0.741196 0.692839
vt 0.741175 0.692006
vt 0.741150 0.691231
vt 0.741115 0.690520
vt 0.741093 0.689866
vt 0.741086 0.689294
vt 0.749242 0.682262
vt 0.748807 0.682253
vt 0.740367 0.689249
vt 0.740389 0.688767
vt 0.740424 0.688278
vt 0.740450 0.687774
vt 0.740471 0.687260
vt 0.740898 0.687256
vt 0.741306 0.687258
vt 0.741690 0.687262
vt 0.743550 0.002028
vt 0.743087 0.002072
vt 0.742525 0.002104
vt 0.315161 0.002158
vt 0.314517 0.002176
vt 0.313812 0.002180
vt 0.313071 0.002171
vt 0.312287 0.002174
vt 0.311465 0.002184
vt 0.311424 0.001698
vt 0.311374 0.001235
vt 0.311306 0.000798
vt 0.311264 0.000382
vt 0.311250 -0.000000
vt 0.743116 0.693397
vt 0.742781 0.693278
vt 0.742415 0.693148
vt 0.742031 0.693011
vt 0.741623 0.692911
vt 0.741596 0.692088
vt 0.741518 0.691344
vt 0.741461 0.690624
vt 0.741426 0.689958
vt 0.741414 0.689378
vt 0.749319 0.681907
vt 0.748884 0.681894
vt 0.740700 0.689211
vt 0.740736 0.688726
vt 0.740793 0.688236
vt 0.740871 0.687760
vt 0.741259 0.687698
vt 0.741646 0.687673
vt 0.743473 0.001635
vt 0.743021 0.001694
vt 0.742458 0.001731
vt 0.315094 0.001785
vt 0.314441 0.001798
vt 0.313726 0.001788
vt 0.312982 0.001753
vt 0.312234 0.001696
vt 0.312085 0.001259
vt 0.311974 0.000821
vt 0.311906 0.000400
vt 0.311883 0.000014
vt 0.743081 0.692746
vt 0.742742 0.692617
vt 0.742371 0.692462
vt 0.741984 0.692284
vt 0.741917 0.691516
vt 0.741821 0.690787
vt 0.741762 0.690108
vt 0.741743 0.689518
vt 0.749449 0.681552
vt 0.749022 0.681530
vt 0.741037 0.689153
vt 0.741096 0.688666
vt 0.741191 0.688182
vt 0.741578 0.688108
vt 0.743326 0.001230
vt 0.742901 0.001315
vt 0.742344 0.001360
vt 0.314980 0.001414
vt 0.314319 0.001419
vt 0.313596 0.001382
vt 0.312851 0.001304
vt 0.312667 0.000869
vt 0.312554 0.000445
vt 0.312516 0.000055
vt 0.021308 0.694971
vt 0.021281 0.694286
vt 0.021592 0.694277
vt 0.021618 0.694978
vt 0.742679 0.691960
vt 0.742303 0.691762
vt 0.742207 0.691026
vt 0.742102 0.690321
vt 0.742066 0.689716
vt 0.749632 0.681203
vt 0.749224 0.681164
vt 0.741376 0.689072
vt 0.741482 0.688585
vt 0.743087 0.000798
vt 0.742723 0.000934
vt 0.742184 0.000998
vt 0.314820 0.001052
vt 0.314147 0.001039
vt 0.313411 0.000948
vt 0.313207 0.000520
vt 0.313138 0.000124
vt 0.021309 0.695647
vt 0.021613 0.695688
vt 0.742589 0.691307
vt 0.742462 0.690627
vt 0.742379 0.689970
vt 0.741978 0.000131
vt 0.742184 0.000000
vt 0.742724 0.000377
vt 0.742467 0.000533
vt 0.023315 0.695049
vt 0.023315 0.694277
vt 0.023506 0.694699
vt 0.741978 0.000649
vt 0.314614 0.000703
vt 0.313901 0.000637
vt 0.313740 0.000221
vt 0.021281 0.696304
vt 0.021571 0.696446
vt 0.021404 0.697238
vt 0.022341 0.694277
vt 0.022341 0.695316
vt 0.022208 0.694865
vt 0.741711 0.000300
vt 0.314346 0.000355
vt 0.879438 0.000415
vt 0.879419 0.000025
vt 0.748168 0.682953
vt 0.747781 0.682981
vt 0.747310 0.683019
vt 0.746740 0.683043
vt 0.746084 0.683051
vt 0.741052 0.999981
vt 0.741060 0.999201
vt 0.741082 0.998376
vt 0.741117 0.997534
vt 0.741143 0.996663
vt 0.741164 0.995771
vt 0.741591 0.995758
vt 0.741998 0.995754
vt 0.742383 0.995748
vt 0.742749 0.995790
vt 0.743084 0.995878
vt 0.022855 0.012021
vt 0.022840 0.012403
vt 0.022798 0.012823
vt 0.022730 0.013266
vt 0.022680 0.013733
vt 0.022640 0.014223
vt 0.021817 0.014281
vt 0.021033 0.014343
vt 0.020292 0.014414
vt 0.019588 0.014469
vt 0.018943 0.014504
vt 0.749085 0.001576
vt 0.748523 0.001591
vt 0.748060 0.001585
vt 0.747705 0.001559
vt 0.880276 0.000642
vt 0.879866 0.000504
vt 0.879841 0.000115
vt 0.748037 0.682498
vt 0.747700 0.682582
vt 0.747250 0.682644
vt 0.746688 0.682683
vt 0.746030 0.682696
vt 0.741381 0.999923
vt 0.741393 0.999133
vt 0.741428 0.998301
vt 0.741486 0.997458
vt 0.741563 0.996634
vt 0.741951 0.996517
vt 0.742338 0.996463
vt 0.742709 0.996475
vt 0.743048 0.996555
vt 0.022222 0.012087
vt 0.022199 0.012475
vt 0.022130 0.012902
vt 0.022020 0.013349
vt 0.021871 0.013798
vt 0.021123 0.013918
vt 0.020378 0.014015
vt 0.019664 0.014085
vt 0.019011 0.014126
vt 0.749152 0.001197
vt 0.748589 0.001207
vt 0.748137 0.001185
vt 0.747804 0.001134
vt 0.880231 0.000289
vt 0.747854 0.682079
vt 0.747536 0.682152
vt 0.747129 0.682256
vt 0.746592 0.682319
vt 0.745939 0.682341
vt 0.741709 0.999824
vt 0.741729 0.999028
vt 0.741788 0.998191
vt 0.741884 0.997357
vt 0.742271 0.997217
vt 0.742646 0.997177
vt 0.742989 0.997239
vt 0.021589 0.012181
vt 0.021551 0.012574
vt 0.021438 0.013008
vt 0.021253 0.013458
vt 0.020508 0.013598
vt 0.019785 0.013695
vt 0.019125 0.013746
vt 0.749266 0.000817
vt 0.748709 0.000818
vt 0.748284 0.000768
vt 0.747997 0.000671
vt 0.747288 0.681734
vt 0.746929 0.681838
vt 0.746450 0.681953
vt 0.745811 0.681991
vt 0.742033 0.999686
vt 0.742069 0.998881
vt 0.742175 0.998042
vt 0.742557 0.997895
vt 0.742906 0.997922
vt 0.020966 0.012302
vt 0.020897 0.012704
vt 0.020693 0.013149
vt 0.019957 0.013301
vt 0.019285 0.013370
vt 0.749426 0.000441
vt 0.748887 0.000423
vt 0.748523 0.000317
vt 0.746611 0.681425
vt 0.746243 0.681563
vt 0.745646 0.681654
vt 0.742345 0.999508
vt 0.742429 0.998670
vt 0.742799 0.998592
vt 0.020364 0.012449
vt 0.020203 0.012879
vt 0.019491 0.013004
vt 0.749632 0.000075
vt 0.749143 0.000000
vt 0.745795 0.681164
vt 0.745432 0.681314
vt 0.742660 0.999277
vt 0.019758 0.012633
vt 0.318903 0.002184
vt 0.318080 0.002174
vt 0.317296 0.002171
vt 0.316555 0.002180
vt 0.315850 0.002176
vt 0.315206 0.002158
vt 0.744617 0.002104
vt 0.744056 0.002072
vt 0.743593 0.002028
vt 0.611466 0.687262
vt 0.611850 0.687258
vt 0.612257 0.687256
vt 0.612684 0.687260
vt 0.612705 0.687774
vt 0.612731 0.688278
vt 0.612767 0.688767
vt 0.612788 0.689249
vt 0.748807 0.820065
vt 0.749242 0.820057
vt 0.613522 0.689294
vt 0.613514 0.689866
vt 0.613492 0.690520
vt 0.613457 0.691231
vt 0.613431 0.692006
vt 0.613409 0.692838
vt 0.612982 0.692911
vt 0.612575 0.693011
vt 0.612191 0.693148
vt 0.611825 0.693278
vt 0.611490 0.693397
vt 0.319117 -0.000000
vt 0.319103 0.000382
vt 0.319061 0.000798
vt 0.318993 0.001235
vt 0.318943 0.001698
vt 0.318133 0.001696
vt 0.317386 0.001753
vt 0.316641 0.001788
vt 0.315927 0.001798
vt 0.315274 0.001785
vt 0.744685 0.001731
vt 0.744122 0.001694
vt 0.743670 0.001635
vt 0.611510 0.687673
vt 0.611897 0.687698
vt 0.612285 0.687760
vt 0.612363 0.688236
vt 0.612420 0.688726
vt 0.612455 0.689211
vt 0.748884 0.820425
vt 0.749319 0.820412
vt 0.613193 0.689378
vt 0.613181 0.689958
vt 0.613145 0.690624
vt 0.613088 0.691344
vt 0.613010 0.692088
vt 0.612622 0.692284
vt 0.612235 0.692462
vt 0.611864 0.692617
vt 0.611526 0.692745
vt 0.318485 0.000014
vt 0.318461 0.000400
vt 0.318393 0.000821
vt 0.318283 0.001258
vt 0.317516 0.001304
vt 0.316771 0.001382
vt 0.316048 0.001419
vt 0.315388 0.001414
vt 0.744799 0.001360
vt 0.744242 0.001315
vt 0.743817 0.001230
vt 0.611578 0.688108
vt 0.611964 0.688182
vt 0.612060 0.688666
vt 0.612119 0.689153
vt 0.749022 0.820788
vt 0.749449 0.820767
vt 0.612864 0.689518
vt 0.612844 0.690108
vt 0.612785 0.690787
vt 0.612690 0.691516
vt 0.612303 0.691762
vt 0.611928 0.691960
vt 0.023125 0.695058
vt 0.022846 0.694425
vt 0.023125 0.694277
vt 0.022846 0.694277
vt 0.022846 0.695175
vt 0.022610 0.694581
vt 0.317852 0.000055
vt 0.317813 0.000445
vt 0.317700 0.000869
vt 0.316956 0.000948
vt 0.316220 0.001039
vt 0.315548 0.001052
vt 0.744959 0.000998
vt 0.744419 0.000934
vt 0.744055 0.000798
vt 0.611674 0.688585
vt 0.611780 0.689072
vt 0.749224 0.821155
vt 0.749632 0.821116
vt 0.612541 0.689716
vt 0.612505 0.690321
vt 0.612399 0.691026
vt 0.612017 0.691307
vt 0.021618 0.694987
vt 0.021628 0.694277
vt 0.021937 0.694277
vt 0.021923 0.694953
vt 0.317229 0.000124
vt 0.317160 0.000520
vt 0.316466 0.000637
vt 0.315754 0.000703
vt 0.745165 0.000649
vt 0.744676 0.000533
vt 0.744419 0.000377
vt 0.023125 0.695049
vt 0.023125 0.694277
vt 0.023315 0.694627
vt 0.744959 0.000000
vt 0.745165 0.000131
vt 0.612229 0.689970
vt 0.612145 0.690627
vt 0.021644 0.695746
vt 0.021937 0.695611
vt 0.316627 0.000221
vt 0.316021 0.000355
vt 0.745432 0.000300
vt 0.021795 0.696542
vt 0.022208 0.694277
vt 0.022208 0.695316
vt 0.022074 0.694728
vt 0.751657 0.000794
vt 0.751232 0.000886
vt 0.750827 0.001026
vt 0.747360 0.001559
vt 0.747005 0.001584
vt 0.746542 0.001590
vt 0.745980 0.001576
vt 0.611424 0.014504
vt 0.610780 0.014469
vt 0.610075 0.014414
vt 0.609334 0.014343
vt 0.608550 0.014281
vt 0.607727 0.014223
vt 0.607687 0.013733
vt 0.607637 0.013266
vt 0.607569 0.012823
vt 0.607527 0.012403
vt 0.607513 0.012020
vt 0.611458 0.995878
vt 0.611792 0.995789
vt 0.612158 0.995748
vt 0.612543 0.995754
vt 0.612950 0.995758
vt 0.613377 0.995771
vt 0.613398 0.996663
vt 0.613424 0.997534
vt 0.613459 0.998376
vt 0.613481 0.999201
vt 0.613488 0.999981
vt 0.746084 0.820846
vt 0.746740 0.820854
vt 0.747310 0.820878
vt 0.747781 0.820916
vt 0.748168 0.820943
vt 0.751680 0.000404
vt 0.751261 0.000496
vt 0.750875 0.000673
vt 0.747260 0.001133
vt 0.746928 0.001185
vt 0.746475 0.001207
vt 0.745913 0.001197
vt 0.611356 0.014126
vt 0.610704 0.014085
vt 0.609989 0.014015
vt 0.609244 0.013918
vt 0.608497 0.013798
vt 0.608347 0.013349
vt 0.608237 0.012902
vt 0.608169 0.012475
vt 0.608145 0.012087
vt 0.611493 0.996555
vt 0.611832 0.996475
vt 0.612203 0.996463
vt 0.612589 0.996517
vt 0.612978 0.996634
vt 0.613055 0.997458
vt 0.613112 0.998301
vt 0.613148 0.999133
vt 0.613160 0.999922
vt 0.746030 0.821201
vt 0.746688 0.821214
vt 0.747250 0.821252
vt 0.747700 0.821314
vt 0.748037 0.821398
vt 0.747854 0.821817
vt 0.747536 0.821744
vt 0.747068 0.000670
vt 0.746781 0.000768
vt 0.746355 0.000817
vt 0.745798 0.000817
vt 0.611243 0.013746
vt 0.610582 0.013695
vt 0.609859 0.013598
vt 0.609114 0.013458
vt 0.608930 0.013008
vt 0.608817 0.012574
vt 0.608778 0.012181
vt 0.611552 0.997239
vt 0.611895 0.997177
vt 0.612270 0.997217
vt 0.612657 0.997357
vt 0.612753 0.998191
vt 0.612811 0.999028
vt 0.612831 0.999824
vt 0.745939 0.821556
vt 0.746592 0.821577
vt 0.747129 0.821641
vt 0.747288 0.822162
vt 0.746929 0.822058
vt 0.746542 0.000316
vt 0.746178 0.000422
vt 0.745638 0.000441
vt 0.611082 0.013370
vt 0.610410 0.013301
vt 0.609674 0.013149
vt 0.609470 0.012704
vt 0.609401 0.012302
vt 0.611635 0.997922
vt 0.611984 0.997895
vt 0.612366 0.998042
vt 0.612472 0.998881
vt 0.612508 0.999686
vt 0.745811 0.821905
vt 0.746450 0.821944
vt 0.746611 0.822471
vt 0.746243 0.822333
vt 0.745921 0.000000
vt 0.745432 0.000075
vt 0.610876 0.013004
vt 0.610164 0.012878
vt 0.610003 0.012449
vt 0.611742 0.998592
vt 0.612112 0.998670
vt 0.612195 0.999508
vt 0.745646 0.822243
vt 0.745795 0.822732
vt 0.745432 0.822582
vt 0.610609 0.012633
vt 0.611881 0.999277
s 1
usemtl TERCIOPELO
f 12/1/1 11/2/2 217/3/3
f 12/1/1 217/3/3 252/4/4
f 11/2/2 10/5/5 218/6/6
f 11/2/2 218/6/6 217/3/3
f 10/5/5 9/7/7 219/8/8
f 10/5/5 219/8/8 218/6/6
f 9/7/7 8/9/9 220/10/10
f 9/7/7 220/10/10 219/8/8
f 8/9/9 7/11/11 221/12/12
f 8/9/9 221/12/12 220/10/10
f 7/11/11 6/13/13 222/14/14
f 7/11/11 222/14/14 221/12/12
f 6/15/13 5/16/15 223/17/16
f 6/15/13 223/17/16 222/18/14
f 5/16/15 4/19/17 224/20/18
f 5/16/15 224/20/18 223/17/16
f 4/21/17 3/22/19 225/23/20
f 4/21/17 225/23/20 224/24/18
f 3/22/19 2/25/21 226/26/22
f 3/22/19 226/26/22 225/23/20
f 2/25/21 1/27/23 227/28/24
f 2/25/21 227/28/24 226/26/22
f 1/27/23 36/29/25 228/30/26
f 1/27/23 228/30/26 227/28/24
f 24/31/27 23/32/28 61/33/29
f 24/31/27 61/33/29 60/34/30
f 23/32/28 22/35/31 62/36/32
f 23/32/28 62/36/32 61/33/29
f 22/35/31 21/37/33 63/38/34
f 22/35/31 63/38/34 62/36/32
f 21/37/33 20/39/35 64/40/36
f 21/37/33 64/40/36 63/38/34
f 20/39/35 19/41/37 65/42/38
f 20/39/35 65/42/38 64/40/36
f 19/41/37 18/43/39 66/44/40
f 19/41/37 66/44/40 65/42/38
f 18/45/39 17/46/41 67/47/42
f 18/45/39 67/47/42 66/48/40
f 17/46/41 16/49/43 68/50/44
f 17/46/41 68/50/44 67/47/42
f 16/49/43 15/51/45 69/52/46
f 16/49/43 69/52/46 68/50/44
f 15/51/45 14/53/47 70/54/48
f 15/51/45 70/54/48 69/52/46
f 14/53/47 13/55/49 71/56/50
f 14/53/47 71/56/50 70/54/48
f 13/55/49 12/1/1 72/57/51
f 13/55/49 72/57/51 71/56/50
f 36/29/25 35/58/52 85/59/53
f 36/29/25 85/59/53 84/60/54
f 35/58/52 34/61/55 86/62/56
f 35/58/52 86/62/56 85/59/53
f 34/61/55 33/63/57 87/64/58
f 34/61/55 87/64/58 86/62/56
f 33/65/57 32/66/59 88/67/60
f 33/65/57 88/67/60 87/68/58
f 32/66/59 31/69/61 89/70/62
f 32/66/59 89/70/62 88/67/60
f 31/69/61 30/71/63 90/72/64
f 31/69/61 90/72/64 89/70/62
f 30/73/63 29/74/65 91/75/66
f 30/73/63 91/75/66 90/76/64
f 29/74/65 28/77/67 92/78/68
f 29/74/65 92/78/68 91/75/66
f 28/77/67 27/79/69 93/80/70
f 28/77/67 93/80/70 92/78/68
f 27/79/69 26/81/71 94/82/72
f 27/79/69 94/82/72 93/80/70
f 26/81/71 25/83/73 95/84/74
f 26/81/71 95/84/74 94/82/72
f 25/83/73 24/31/27 96/85/75
f 25/83/73 96/85/75 95/84/74
f 48/86/76 47/87/77 253/88/78
f 48/86/76 253/88/78 288/89/79
f 47/87/77 46/90/80 254/91/81
f 47/87/77 254/91/81 253/88/78
f 46/90/80 45/92/82 255/93/83
f 46/90/80 255/93/83 254/91/81
f 45/94/82 44/95/84 256/96/85
f 45/94/82 256/96/85 255/97/83
f 44/95/84 43/98/86 257/99/87
f 44/95/84 257/99/87 256/96/85
f 43/98/86 42/100/88 258/101/89
f 43/98/86 258/101/89 257/99/87
f 42/102/88 41/103/90 259/104/91
f 42/102/88 259/104/91 258/105/89
f 41/103/90 40/106/92 260/107/93
f 41/103/90 260/107/93 259/104/91
f 40/106/92 39/108/94 261/109/95
f 40/106/92 261/109/95 260/107/93
f 39/108/94 38/110/96 262/111/97
f 39/108/94 262/111/97 261/109/95
f 38/110/96 37/112/98 263/113/99
f 38/110/96 263/113/99 262/111/97
f 37/112/98 72/57/51 264/114/100
f 37/112/98 264/114/100 263/113/99
f 60/34/30 59/115/101 133/116/102
f 60/34/30 133/116/102 132/117/103
f 59/115/101 58/118/104 134/119/105
f 59/115/101 134/119/105 133/116/102
f 58/118/104 57/120/106 135/121/107
f 58/118/104 135/121/107 134/119/105
f 57/120/106 56/122/108 136/123/109
f 57/120/106 136/123/109 135/121/107
f 56/122/108 55/124/110 137/125/111
f 56/122/108 137/125/111 136/123/109
f 55/124/110 54/126/112 138/127/113
f 55/124/110 138/127/113 137/125/111
f 54/128/112 53/129/114 139/130/115
f 54/128/112 139/130/115 138/131/113
f 53/129/114 52/132/116 140/133/117
f 53/129/114 140/133/117 139/130/115
f 52/132/116 51/134/118 141/135/119
f 52/132/116 141/135/119 140/133/117
f 51/134/118 50/136/120 142/137/121
f 51/134/118 142/137/121 141/135/119
f 50/136/120 49/138/122 143/139/123
f 50/136/120 143/139/123 142/137/121
f 49/138/122 48/86/76 144/140/124
f 49/138/122 144/140/124 143/139/123
f 84/60/54 83/141/125 157/142/126
f 84/60/54 157/142/126 156/143/127
f 83/141/125 82/144/128 158/145/129
f 83/141/125 158/145/129 157/142/126
f 82/144/128 81/146/130 159/147/131
f 82/144/128 159/147/131 158/145/129
f 81/146/130 80/148/132 160/149/133
f 81/146/130 160/149/133 159/147/131
f 80/150/132 79/151/134 161/152/135
f 80/150/132 161/152/135 160/153/133
f 79/151/134 78/154/136 162/155/137
f 79/151/134 162/155/137 161/152/135
f 78/13/136 77/156/138 163/157/139
f 78/13/136 163/157/139 162/158/137
f 77/156/138 76/159/140 164/160/141
f 77/156/138 164/160/141 163/157/139
f 76/159/140 75/161/142 165/162/143
f 76/159/140 165/162/143 164/160/141
f 75/161/142 74/163/144 166/164/145
f 75/161/142 166/164/145 165/162/143
f 74/163/144 73/165/146 167/166/147
f 74/163/144 167/166/147 166/164/145
f 73/165/146 108/167/148 168/168/149
f 73/165/146 168/168/149 167/166/147
f 108/167/148 107/169/150 121/170/151
f 108/167/148 121/170/151 120/171/152
f 107/169/150 106/172/153 122/173/154
f 107/169/150 122/173/154 121/170/151
f 106/172/153 105/174/155 123/175/156
f 106/172/153 123/175/156 122/173/154
f 105/174/155 104/176/157 124/177/158
f 105/174/155 124/177/158 123/175/156
f 104/176/157 103/178/159 125/179/160
f 104/176/157 125/179/160 124/177/158
f 103/178/159 102/180/161 126/181/162
f 103/178/159 126/181/162 125/179/160
f 102/182/161 101/183/163 127/184/164
f 102/182/161 127/184/164 126/185/162
f 101/183/163 100/186/165 128/187/166
f 101/183/163 128/187/166 127/184/164
f 100/186/165 99/188/167 129/189/168
f 100/186/165 129/189/168 128/187/166
f 99/188/167 98/190/169 130/191/170
f 99/188/167 130/191/170 129/189/168
f 98/190/169 97/192/171 131/193/172
f 98/190/169 131/193/172 130/191/170
f 97/192/171 96/85/75 132/117/103
f 97/192/171 132/117/103 131/193/172
f 120/171/152 119/194/173 205/195/174
f 120/171/152 205/195/174 204/196/175
f 119/194/173 118/197/176 206/198/177
f 119/194/173 206/198/177 205/195/174
f 118/197/176 117/199/178 207/200/179
f 118/197/176 207/200/179 206/198/177
f 117/199/178 116/201/180 208/202/181
f 117/199/178 208/202/181 207/200/179
f 116/201/180 115/203/182 209/204/183
f 116/201/180 209/204/183 208/202/181
f 115/203/182 114/205/184 210/206/185
f 115/203/182 210/206/185 209/204/183
f 114/207/184 113/208/186 211/209/187
f 114/207/184 211/209/187 210/210/185
f 113/208/186 112/211/188 212/212/189
f 113/208/186 212/212/189 211/209/187
f 112/211/188 111/213/190 213/214/191
f 112/211/188 213/214/191 212/212/189
f 111/215/190 110/216/192 214/217/193
f 111/215/190 214/217/193 213/218/191
f 110/216/192 109/219/194 215/220/195
f 110/216/192 215/220/195 214/217/193
f 109/219/194 144/140/124 216/221/196
f 109/219/194 216/221/196 215/220/195
f 156/143/127 155/222/197 229/223/198
f 156/143/127 229/223/198 228/30/26
f 155/222/197 154/224/199 230/225/200
f 155/222/197 230/225/200 229/223/198
f 154/224/199 153/226/201 231/227/202
f 154/224/199 231/227/202 230/225/200
f 153/226/201 152/228/203 232/229/204
f 153/226/201 232/229/204 231/227/202
f 152/228/203 151/230/205 233/231/206
f 152/228/203 233/231/206 232/229/204
f 151/232/205 150/233/207 234/234/208
f 151/232/205 234/234/208 233/235/206
f 150/236/207 149/237/209 235/238/210
f 150/236/207 235/238/210 234/239/208
f 149/237/209 148/240/211 236/241/212
f 149/237/209 236/241/212 235/238/210
f 148/240/211 147/242/213 237/243/214
f 148/240/211 237/243/214 236/241/212
f 147/242/213 146/244/215 238/245/216
f 147/242/213 238/245/216 237/243/214
f 146/244/215 145/246/217 239/247/218
f 146/244/215 239/247/218 238/245/216
f 145/246/217 180/248/219 240/249/220
f 145/246/217 240/249/220 239/247/218
f 180/248/219 179/250/221 193/251/222
f 180/248/219 193/251/222 192/252/223
f 179/250/221 178/253/224 194/254/225
f 179/250/221 194/254/225 193/251/222
f 178/253/224 177/255/226 195/256/227
f 178/253/224 195/256/227 194/254/225
f 177/255/226 176/257/228 196/258/229
f 177/255/226 196/258/229 195/256/227
f 176/257/228 175/259/230 197/260/231
f 176/257/228 197/260/231 196/258/229
f 175/259/230 174/261/232 198/262/233
f 175/259/230 198/262/233 197/260/231
f 174/263/232 173/264/234 199/265/235
f 174/263/232 199/265/235 198/266/233
f 173/264/234 172/267/236 200/268/237
f 173/264/234 200/268/237 199/265/235
f 172/267/236 171/269/238 201/270/239
f 172/267/236 201/270/239 200/268/237
f 171/269/238 170/271/240 202/272/241
f 171/269/238 202/272/241 201/270/239
f 170/271/240 169/273/242 203/274/243
f 170/271/240 203/274/243 202/272/241
f 169/273/242 168/168/149 204/196/175
f 169/273/242 204/196/175 203/274/243
f 192/252/223 191/275/244 277/276/245
f 192/252/223 277/276/245 276/277/246
f 191/275/244 190/278/247 278/279/248
f 191/275/244 278/279/248 277/276/245
f 190/278/247 189/280/249 279/281/250
f 190/278/247 279/281/250 278/279/248
f 189/280/249 188/282/251 280/283/252
f 189/280/249 280/283/252 279/281/250
f 188/282/251 187/284/253 281/285/254
f 188/282/251 281/285/254 280/283/252
f 187/284/253 186/286/255 282/287/256
f 187/284/253 282/287/256 281/285/254
f 186/288/255 185/289/257 283/290/258
f 186/288/255 283/290/258 282/291/256
f 185/289/257 184/292/259 284/293/260
f 185/289/257 284/293/260 283/290/258
f 184/292/259 183/294/261 285/295/262
f 184/292/259 285/295/262 284/293/260
f 183/294/261 182/296/263 286/297/264
f 183/294/261 286/297/264 285/295/262
f 182/298/263 181/299/265 287/300/266
f 182/298/263 287/300/266 286/301/264
f 181/299/265 216/221/196 288/89/79
f 181/299/265 288/89/79 287/300/266
f 252/4/4 251/302/267 265/303/268
f 252/4/4 265/303/268 264/114/100
f 251/302/267 250/304/269 266/305/270
f 251/302/267 266/305/270 265/303/268
f 250/304/269 249/306/271 267/307/272
f 250/304/269 267/307/272 266/305/270
f 249/306/271 248/308/273 268/309/274
f 249/306/271 268/309/274 267/307/272
f 248/308/273 247/310/275 269/311/276
f 248/308/273 269/311/276 268/309/274
f 247/310/275 246/312/277 270/313/278
f 247/310/275 270/313/278 269/311/276
f 246/314/277 245/315/279 271/316/280
f 246/314/277 271/316/280 270/317/278
f 245/315/279 244/318/281 272/319/282
f 245/315/279 272/319/282 271/316/280
f 244/318/281 243/320/283 273/321/284
f 244/318/281 273/321/284 272/319/282
f 243/320/283 242/322/285 274/323/286
f 243/320/283 274/323/286 273/321/284
f 242/322/285 241/324/287 275/325/288
f 242/322/285 275/325/288 274/323/286
f 241/324/287 240/249/220 276/277/246
f 241/324/287 276/277/246 275/325/288
f 24/31/27 60/34/30 132/117/103
f 24/31/27 132/117/103 96/85/75
f 108/167/148 120/171/152 204/196/175
f 108/167/148 204/196/175 168/168/149
f 180/248/219 192/252/223 276/277/246
f 180/248/219 276/277/246 240/249/220
f 252/4/4 264/114/100 72/57/51
f 252/4/4 72/57/51 12/1/1
f 48/86/76 288/89/79 216/221/196
f 48/86/76 216/221/196 144/140/124
f 228/30/26 36/29/25 84/60/54
f 228/30/26 84/60/54 156/143/127
f 35/58/52 36/29/25 1/27/23
f 35/58/52 1/27/23 289/326/289
f 289/326/289 1/27/23 2/25/21
f 289/326/289 2/25/21 290/327/290
f 290/327/290 2/25/21 3/22/19
f 290/327/290 3/22/19 291/328/291
f 291/328/291 3/22/19 4/21/17
f 291/328/291 4/21/17 292/329/292
f 292/330/292 4/19/17 5/16/15
f 292/330/292 5/16/15 293/331/293
f 293/331/293 5/16/15 6/15/13
f 293/331/293 6/15/13 294/332/294
f 294/333/294 6/13/13 7/11/11
f 294/333/294 7/11/11 295/334/295
f 295/334/295 7/11/11 8/9/9
f 295/334/295 8/9/9 296/335/296
f 296/335/296 8/9/9 9/7/7
f 296/335/296 9/7/7 297/336/297
f 297/336/297 9/7/7 10/5/5
f 297/336/297 10/5/5 298/337/298
f 298/337/298 10/5/5 11/2/2
f 298/337/298 11/2/2 299/338/299
f 11/2/2 12/1/1 13/55/49
f 11/2/2 13/55/49 299/338/299
f 299/338/299 13/55/49 14/53/47
f 299/338/299 14/53/47 300/339/300
f 300/339/300 14/53/47 15/51/45
f 300/339/300 15/51/45 301/340/301
f 301/340/301 15/51/45 16/49/43
f 301/340/301 16/49/43 302/341/302
f 302/341/302 16/49/43 17/46/41
f 302/341/302 17/46/41 303/342/303
f 303/342/303 17/46/41 18/45/39
f 303/342/303 18/45/39 304/343/304
f 304/344/304 18/43/39 19/41/37
f 304/344/304 19/41/37 305/345/305
f 305/345/305 19/41/37 20/39/35
f 305/345/305 20/39/35 306/346/306
f 306/346/306 20/39/35 21/37/33
f 306/346/306 21/37/33 307/347/307
f 307/347/307 21/37/33 22/35/31
f 307/347/307 22/35/31 308/348/308
f 308/348/308 22/35/31 23/32/28
f 308/348/308 23/32/28 309/349/309
f 23/32/28 24/31/27 25/83/73
f 23/32/28 25/83/73 309/349/309
f 309/349/309 25/83/73 26/81/71
f 309/349/309 26/81/71 310/350/310
f 310/350/310 26/81/71 27/79/69
f 310/350/310 27/79/69 311/351/311
f 311/351/311 27/79/69 28/77/67
f 311/351/311 28/77/67 312/352/312
f 312/352/312 28/77/67 29/74/65
f 312/352/312 29/74/65 313/353/313
f 313/353/313 29/74/65 30/73/63
f 313/353/313 30/73/63 314/354/314
f 314/355/314 30/71/63 31/69/61
f 314/355/314 31/69/61 315/356/315
f 315/356/315 31/69/61 32/66/59
f 315/356/315 32/66/59 316/357/316
f 316/357/316 32/66/59 33/65/57
f 316/357/316 33/65/57 317/358/317
f 317/359/317 33/63/57 34/61/55
f 317/359/317 34/61/55 318/360/318
f 318/360/318 34/61/55 35/58/52
f 318/360/318 35/58/52 289/326/289
f 318/360/318 289/326/289 290/327/290
f 318/360/318 290/327/290 319/361/319
f 319/361/319 290/327/290 291/328/291
f 319/361/319 291/328/291 320/362/320
f 320/362/320 291/328/291 292/329/292
f 320/362/320 292/329/292 321/363/321
f 321/364/321 292/330/292 293/331/293
f 321/364/321 293/331/293 322/365/322
f 322/365/322 293/331/293 294/332/294
f 322/365/322 294/332/294 323/366/323
f 323/367/323 294/333/294 295/334/295
f 323/367/323 295/334/295 324/368/324
f 324/368/324 295/334/295 296/335/296
f 324/368/324 296/335/296 325/369/325
f 325/369/325 296/335/296 297/336/297
f 325/369/325 297/336/297 326/370/326
f 326/370/326 297/336/297 298/337/298
f 326/370/326 298/337/298 327/371/327
f 298/337/298 299/338/299 300/339/300
f 298/337/298 300/339/300 327/371/327
f 327/371/327 300/339/300 301/340/301
f 327/371/327 301/340/301 328/372/328
f 328/372/328 301/340/301 302/341/302
f 328/372/328 302/341/302 329/373/329
f 329/373/329 302/341/302 303/342/303
f 329/373/329 303/342/303 330/374/330
f 330/374/330 303/342/303 304/343/304
f 330/374/330 304/343/304 331/375/331
f 331/376/331 304/344/304 305/345/305
f 331/376/331 305/345/305 332/377/332
f 332/377/332 305/345/305 306/346/306
f 332/377/332 306/346/306 333/378/333
f 333/378/333 306/346/306 307/347/307
f 333/378/333 307/347/307 334/379/334
f 334/379/334 307/347/307 308/348/308
f 334/379/334 308/348/308 335/380/335
f 308/348/308 309/349/309 310/350/310
f 308/348/308 310/350/310 335/380/335
f 335/380/335 310/350/310 311/351/311
f 335/380/335 311/351/311 336/381/336
f 336/381/336 311/351/311 312/352/312
f 336/381/336 312/352/312 337/382/337
f 337/382/337 312/352/312 313/353/313
f 337/382/337 313/353/313 338/383/338
f 338/383/338 313/353/313 314/354/314
f 338/383/338 314/354/314 339/384/339
f 339/385/339 314/355/314 315/356/315
f 339/385/339 315/356/315 340/386/340
f 340/386/340 315/356/315 316/357/316
f 340/386/340 316/357/316 341/387/341
f 341/387/341 316/357/316 317/358/317
f 341/387/341 317/358/317 342/388/342
f 342/389/342 317/359/317 318/360/318
f 342/389/342 318/360/318 319/361/319
f 342/389/342 319/361/319 320/362/320
f 342/389/342 320/362/320 343/390/343
f 343/391/343 320/392/320 321/393/321
f 343/394/343 321/395/321 344/396/344
f 344/397/344 321/364/321 322/365/322
f 344/397/344 322/365/322 345/398/345
f 345/398/345 322/365/322 323/366/323
f 345/398/345 323/366/323 346/399/346
f 346/400/346 323/367/323 324/368/324
f 346/400/346 324/368/324 347/401/347
f 347/401/347 324/368/324 325/369/325
f 347/401/347 325/369/325 348/402/348
f 348/402/348 325/369/325 326/370/326
f 348/402/348 326/370/326 349/403/349
f 326/370/326 327/371/327 328/372/328
f 326/370/326 328/372/328 349/403/349
f 349/403/349 328/372/328 329/373/329
f 349/403/349 329/373/329 350/404/350
f 350/404/350 329/373/329 330/374/330
f 350/404/350 330/374/330 351/405/351
f 351/405/351 330/374/330 331/375/331
f 351/405/351 331/375/331 352/406/352
f 352/407/352 331/376/331 332/377/332
f 352/407/352 332/377/332 353/408/353
f 353/408/353 332/377/332 333/378/333
f 353/408/353 333/378/333 354/409/354
f 354/409/354 333/378/333 334/379/334
f 354/409/354 334/379/334 355/410/355
f 334/379/334 335/380/335 336/381/336
f 334/379/334 336/381/336 355/410/355
f 355/410/355 336/381/336 337/382/337
f 355/410/355 337/382/337 356/411/356
f 356/411/356 337/382/337 338/383/338
f 356/411/356 338/383/338 357/412/357
f 357/412/357 338/383/338 339/384/339
f 357/412/357 339/384/339 358/413/358
f 358/414/358 339/385/339 340/386/340
f 358/414/358 340/386/340 359/415/359
f 359/415/359 340/386/340 341/387/341
f 359/415/359 341/387/341 360/416/360
f 360/416/360 341/387/341 342/388/342
f 360/416/360 342/388/342 343/417/343
f 360/416/360 343/417/343 344/418/344
f 360/416/360 344/418/344 361/419/361
f 361/420/361 344/397/344 345/398/345
f 361/420/361 345/398/345 362/421/362
f 362/421/362 345/398/345 346/399/346
f 362/421/362 346/399/346 363/422/363
f 363/423/363 346/400/346 347/401/347
f 363/423/363 347/401/347 364/424/364
f 364/424/364 347/401/347 348/402/348
f 364/424/364 348/402/348 365/425/365
f 348/402/348 349/403/349 350/404/350
f 348/402/348 350/404/350 365/425/365
f 365/425/365 350/404/350 351/405/351
f 365/425/365 351/405/351 366/426/366
f 366/426/366 351/405/351 352/406/352
f 366/426/366 352/406/352 367/427/367
f 367/428/367 352/407/352 353/408/353
f 367/428/367 353/408/353 368/429/368
f 368/429/368 353/408/353 354/409/354
f 368/429/368 354/409/354 369/430/369
f 354/409/354 355/410/355 356/411/356
f 354/409/354 356/411/356 369/430/369
f 369/430/369 356/411/356 357/412/357
f 369/430/369 357/412/357 370/431/370
f 370/431/370 357/412/357 358/413/358
f 370/431/370 358/413/358 371/432/371
f 371/433/371 358/414/358 359/415/359
f 371/433/371 359/415/359 372/434/372
f 372/434/372 359/415/359 360/416/360
f 372/434/372 360/416/360 361/419/361
f 372/434/372 361/419/361 362/435/362
f 372/434/372 362/435/362 373/436/373
f 373/437/373 362/421/362 363/422/363
f 373/437/373 363/422/363 374/438/374
f 374/439/374 363/423/363 364/424/364
f 374/439/374 364/424/364 375/440/375
f 364/424/364 365/425/365 366/426/366
f 364/424/364 366/426/366 375/440/375
f 375/440/375 366/426/366 367/427/367
f 375/440/375 367/427/367 376/441/376
f 376/442/376 367/428/367 368/429/368
f 376/442/376 368/429/368 377/443/377
f 368/429/368 369/430/369 370/431/370
f 368/429/368 370/431/370 377/443/377
f 377/443/377 370/431/370 371/432/371
f 377/443/377 371/432/371 378/444/378
f 378/445/378 371/433/371 372/434/372
f 378/445/378 372/434/372 373/436/373
f 378/445/378 373/436/373 374/446/374
f 378/445/378 374/446/374 379/447/379
f 374/439/374 375/440/375 376/441/376
f 374/439/374 376/441/376 379/448/379
f 376/442/376 377/443/377 378/444/378
f 376/442/376 378/444/378 379/449/379
f 71/56/50 72/57/51 37/112/98
f 71/56/50 37/112/98 380/450/380
f 380/450/380 37/112/98 38/110/96
f 380/450/380 38/110/96 381/451/381
f 381/451/381 38/110/96 39/108/94
f 381/451/381 39/108/94 382/452/382
f 382/452/382 39/108/94 40/106/92
f 382/452/382 40/106/92 383/453/383
f 383/453/383 40/106/92 41/103/90
f 383/453/383 41/103/90 384/454/384
f 384/454/384 41/103/90 42/102/88
f 384/454/384 42/102/88 385/455/385
f 385/456/385 42/100/88 43/98/86
f 385/456/385 43/98/86 386/457/386
f 386/457/386 43/98/86 44/95/84
f 386/457/386 44/95/84 387/458/387
f 387/459/387 44/460/84 45/92/82
f 387/459/387 45/92/82 388/461/388
f 388/461/388 45/92/82 46/90/80
f 388/461/388 46/90/80 389/462/389
f 389/462/389 46/90/80 47/87/77
f 389/462/389 47/87/77 390/463/390
f 47/87/77 48/86/76 49/138/122
f 47/87/77 49/138/122 390/463/390
f 390/463/390 49/138/122 50/136/120
f 390/463/390 50/136/120 391/464/391
f 391/464/391 50/136/120 51/134/118
f 391/464/391 51/134/118 392/465/392
f 392/465/392 51/134/118 52/132/116
f 392/465/392 52/132/116 393/466/393
f 393/466/393 52/132/116 53/129/114
f 393/466/393 53/129/114 394/467/394
f 394/467/394 53/129/114 54/128/112
f 394/467/394 54/128/112 395/468/395
f 395/469/395 54/126/112 55/124/110
f 395/469/395 55/124/110 396/470/396
f 396/470/396 55/124/110 56/122/108
f 396/470/396 56/122/108 397/471/397
f 397/471/397 56/122/108 57/120/106
f 397/471/397 57/120/106 398/472/398
f 398/472/398 57/120/106 58/118/104
f 398/472/398 58/118/104 399/473/399
f 399/473/399 58/118/104 59/115/101
f 399/473/399 59/115/101 400/474/400
f 59/115/101 60/34/30 61/33/29
f 59/115/101 61/33/29 400/474/400
f 400/474/400 61/33/29 62/36/32
f 400/474/400 62/36/32 401/475/401
f 401/475/401 62/36/32 63/38/34
f 401/475/401 63/38/34 402/476/402
f 402/476/402 63/38/34 64/40/36
f 402/476/402 64/40/36 403/477/403
f 403/477/403 64/40/36 65/42/38
f 403/477/403 65/42/38 404/478/404
f 404/478/404 65/42/38 66/44/40
f 404/478/404 66/44/40 405/479/405
f 405/480/405 66/48/40 67/47/42
f 405/480/405 67/47/42 406/481/406
f 406/481/406 67/47/42 68/50/44
f 406/481/406 68/50/44 407/482/407
f 407/482/407 68/50/44 69/52/46
f 407/482/407 69/52/46 408/483/408
f 408/483/408 69/52/46 70/54/48
f 408/483/408 70/54/48 409/484/409
f 409/484/409 70/54/48 71/56/50
f 409/484/409 71/56/50 380/450/380
f 409/484/409 380/450/380 381/451/381
f 409/484/409 381/451/381 410/485/410
f 410/485/410 381/451/381 382/452/382
f 410/485/410 382/452/382 411/486/411
f 411/486/411 382/452/382 383/453/383
f 411/486/411 383/453/383 412/487/412
f 412/487/412 383/453/383 384/454/384
f 412/487/412 384/454/384 413/488/413
f 413/488/413 384/454/384 385/455/385
f 413/488/413 385/455/385 414/489/414
f 414/490/414 385/456/385 386/457/386
f 414/490/414 386/457/386 415/491/415
f 415/491/415 386/457/386 387/458/387
f 415/491/415 387/458/387 416/492/416
f 416/493/416 387/459/387 388/461/388
f 416/493/416 388/461/388 417/494/417
f 417/494/417 388/461/388 389/462/389
f 417/494/417 389/462/389 418/495/418
f 389/462/389 390/463/390 391/464/391
f 389/462/389 391/464/391 418/495/418
f 418/495/418 391/464/391 392/465/392
f 418/495/418 392/465/392 419/496/419
f 419/496/419 392/465/392 393/466/393
f 419/496/419 393/466/393 420/497/420
f 420/497/420 393/466/393 394/467/394
f 420/497/420 394/467/394 421/498/421
f 421/498/421 394/467/394 395/468/395
f 421/498/421 395/468/395 422/499/422
f 422/500/422 395/469/395 396/470/396
f 422/500/422 396/470/396 423/501/423
f 423/501/423 396/470/396 397/471/397
f 423/501/423 397/471/397 424/502/424
f 424/502/424 397/471/397 398/472/398
f 424/502/424 398/472/398 425/503/425
f 425/503/425 398/472/398 399/473/399
f 425/503/425 399/473/399 426/504/426
f 399/473/399 400/474/400 401/475/401
f 399/473/399 401/475/401 426/504/426
f 426/504/426 401/475/401 402/476/402
f 426/504/426 402/476/402 427/505/427
f 427/505/427 402/476/402 403/477/403
f 427/505/427 403/477/403 428/506/428
f 428/506/428 403/477/403 404/478/404
f 428/506/428 404/478/404 429/507/429
f 429/507/429 404/478/404 405/479/405
f 429/507/429 405/479/405 430/508/430
f 430/509/430 405/480/405 406/481/406
f 430/509/430 406/481/406 431/510/431
f 431/510/431 406/481/406 407/482/407
f 431/510/431 407/482/407 432/511/432
f 432/511/432 407/482/407 408/483/408
f 432/511/432 408/483/408 433/512/433
f 433/512/433 408/483/408 409/484/409
f 433/512/433 409/484/409 410/485/410
f 433/512/433 410/485/410 411/486/411
f 433/512/433 411/486/411 434/513/434
f 434/513/434 411/486/411 412/487/412
f 434/513/434 412/487/412 435/514/435
f 435/514/435 412/487/412 413/488/413
f 435/514/435 413/488/413 436/515/436
f 436/515/436 413/488/413 414/489/414
f 436/515/436 414/489/414 437/516/437
f 437/517/437 414/490/414 415/491/415
f 437/517/437 415/491/415 438/518/438
f 438/518/438 415/491/415 416/492/416
f 438/518/438 416/492/416 439/519/439
f 439/520/439 416/493/416 417/494/417
f 439/520/439 417/494/417 440/521/440
f 417/494/417 418/495/418 419/496/419
f 417/494/417 419/496/419 440/521/440
f 440/521/440 419/496/419 420/497/420
f 440/521/440 420/497/420 441/522/441
f 441/522/441 420/497/420 421/498/421
f 441/522/441 421/498/421 442/523/442
f 442/523/442 421/498/421 422/499/422
f 442/523/442 422/499/422 443/524/443
f 443/525/443 422/500/422 423/501/423
f 443/525/443 423/501/423 444/526/444
f 444/526/444 423/501/423 424/502/424
f 444/526/444 424/502/424 445/527/445
f 445/527/445 424/502/424 425/503/425
f 445/527/445 425/503/425 446/528/446
f 425/503/425 426/504/426 427/505/427
f 425/503/425 427/505/427 446/528/446
f 446/528/446 427/505/427 428/506/428
f 446/528/446 428/506/428 447/529/447
f 447/529/447 428/506/428 429/507/429
f 447/529/447 429/507/429 448/530/448
f 448/530/448 429/507/429 430/508/430
f 448/530/448 430/508/430 449/531/449
f 449/532/449 430/509/430 431/510/431
f 449/532/449 431/510/431 450/533/450
f 450/533/450 431/510/431 432/511/432
f 450/533/450 432/511/432 451/534/451
f 451/534/451 432/511/432 433/512/433
f 451/534/451 433/512/433 434/513/434
f 451/534/451 434/513/434 435/514/435
f 451/534/451 435/514/435 452/535/452
f 452/535/452 435/514/435 436/515/436
f 452/535/452 436/515/436 453/536/453
f 453/536/453 436/515/436 437/516/437
f 453/536/453 437/516/437 454/537/454
f 454/538/454 437/517/437 438/518/438
f 454/538/454 438/518/438 455/539/455
f 455/539/455 438/518/438 439/519/439
f 455/540/455 439/520/439 456/541/456
f 439/520/439 440/521/440 441/522/441
f 439/520/439 441/522/441 456/541/456
f 456/541/456 441/522/441 442/523/442
f 456/541/456 442/523/442 457/542/457
f 457/542/457 442/523/442 443/524/443
f 457/542/457 443/524/443 458/543/458
f 458/544/458 443/525/443 444/526/444
f 458/544/458 444/526/444 459/545/459
f 459/545/459 444/526/444 445/527/445
f 459/545/459 445/527/445 460/546/460
f 445/527/445 446/528/446 447/529/447
f 445/527/445 447/529/447 460/546/460
f 460/546/460 447/529/447 448/530/448
f 460/546/460 448/530/448 461/547/461
f 461/547/461 448/530/448 449/531/449
f 461/547/461 449/531/449 462/548/462
f 462/549/462 449/532/449 450/533/450
f 462/549/462 450/533/450 463/550/463
f 463/550/463 450/533/450 451/534/451
f 463/550/463 451/534/451 452/535/452
f 463/550/463 452/535/452 453/536/453
f 463/550/463 453/536/453 464/551/464
f 464/551/464 453/536/453 454/537/454
f 464/551/464 454/537/454 465/552/465
f 465/553/465 454/538/454 455/539/455
f 465/553/465 455/539/455 466/554/466
f 455/540/455 456/541/456 457/542/457
f 455/540/455 457/542/457 466/555/466
f 466/555/466 457/542/457 458/543/458
f 466/555/466 458/543/458 467/556/467
f 467/557/467 458/544/458 459/545/459
f 467/557/467 459/545/459 468/558/468
f 459/545/459 460/546/460 461/547/461
f 459/545/459 461/547/461 468/558/468
f 468/558/468 461/547/461 462/548/462
f 468/558/468 462/548/462 469/559/469
f 469/560/469 462/549/462 463/550/463
f 469/560/469 463/550/463 464/551/464
f 469/560/469 464/551/464 465/552/465
f 469/560/469 465/552/465 470/561/470
f 465/553/465 466/554/466 467/562/467
f 465/553/465 467/562/467 470/563/470
f 467/557/467 468/558/468 469/559/469
f 467/557/467 469/559/469 470/564/470
f 107/169/150 108/167/148 73/165/146
f 107/169/150 73/165/146 471/565/471
f 471/565/471 73/165/146 74/163/144
f 471/565/471 74/163/144 472/566/472
f 472/566/472 74/163/144 75/161/142
f 472/566/472 75/161/142 473/567/473
f 473/567/473 75/161/142 76/159/140
f 473/567/473 76/159/140 474/568/474
f 474/568/474 76/159/140 77/156/138
f 474/568/474 77/156/138 475/569/475
f 475/569/475 77/156/138 78/13/136
f 475/569/475 78/13/136 476/570/476
f 476/571/476 78/154/136 79/151/134
f 476/571/476 79/151/134 477/572/477
f 477/572/477 79/151/134 80/150/132
f 477/572/477 80/150/132 478/573/478
f 478/574/478 80/148/132 81/146/130
f 478/574/478 81/146/130 479/575/479
f 479/575/479 81/146/130 82/144/128
f 479/575/479 82/144/128 480/576/480
f 480/576/480 82/144/128 83/141/125
f 480/576/480 83/141/125 481/577/481
f 83/141/125 84/60/54 85/59/53
f 83/141/125 85/59/53 481/577/481
f 481/577/481 85/59/53 86/62/56
f 481/577/481 86/62/56 482/578/482
f 482/578/482 86/62/56 87/64/58
f 482/578/482 87/64/58 483/579/483
f 483/580/483 87/68/58 88/67/60
f 483/580/483 88/67/60 484/581/484
f 484/581/484 88/67/60 89/70/62
f 484/581/484 89/70/62 485/582/485
f 485/582/485 89/70/62 90/72/64
f 485/582/485 90/72/64 486/583/486
f 486/584/486 90/76/64 91/75/66
f 486/584/486 91/75/66 487/585/487
f 487/585/487 91/75/66 92/78/68
f 487/585/487 92/78/68 488/586/488
f 488/586/488 92/78/68 93/80/70
f 488/586/488 93/80/70 489/587/489
f 489/587/489 93/80/70 94/82/72
f 489/587/489 94/82/72 490/588/490
f 490/588/490 94/82/72 95/84/74
f 490/588/490 95/84/74 491/589/491
f 95/84/74 96/85/75 97/192/171
f 95/84/74 97/192/171 491/589/491
f 491/589/491 97/192/171 98/190/169
f 491/589/491 98/190/169 492/590/492
f 492/590/492 98/190/169 99/188/167
f 492/590/492 99/188/167 493/591/493
f 493/591/493 99/188/167 100/186/165
f 493/591/493 100/186/165 494/592/494
f 494/592/494 100/186/165 101/183/163
f 494/592/494 101/183/163 495/593/495
f 495/593/495 101/183/163 102/182/161
f 495/593/495 102/182/161 496/594/496
f 496/595/496 102/180/161 103/178/159
f 496/595/496 103/178/159 497/596/497
f 497/596/497 103/178/159 104/176/157
f 497/596/497 104/176/157 498/597/498
f 498/597/498 104/176/157 105/174/155
f 498/597/498 105/174/155 499/598/499
f 499/598/499 105/174/155 106/172/153
f 499/598/499 106/172/153 500/599/500
f 500/599/500 106/172/153 107/169/150
f 500/599/500 107/169/150 471/565/471
f 500/599/500 471/565/471 472/566/472
f 500/599/500 472/566/472 501/600/501
f 501/600/501 472/566/472 473/567/473
f 501/600/501 473/567/473 502/601/502
f 502/601/502 473/567/473 474/568/474
f 502/601/502 474/568/474 503/602/503
f 503/602/503 474/568/474 475/569/475
f 503/602/503 475/569/475 504/603/504
f 504/603/504 475/569/475 476/570/476
f 504/603/504 476/570/476 505/604/505
f 505/605/505 476/571/476 477/572/477
f 505/605/505 477/572/477 506/606/506
f 506/606/506 477/572/477 478/573/478
f 506/606/506 478/573/478 507/607/507
f 507/608/507 478/574/478 479/575/479
f 507/608/507 479/575/479 508/609/508
f 508/609/508 479/575/479 480/576/480
f 508/609/508 480/576/480 509/610/509
f 480/576/480 481/577/481 482/578/482
f 480/576/480 482/578/482 509/610/509
f 509/610/509 482/578/482 483/579/483
f 509/610/509 483/579/483 510/611/510
f 510/612/510 483/580/483 484/581/484
f 510/612/510 484/581/484 511/613/511
f 511/613/511 484/581/484 485/582/485
f 511/613/511 485/582/485 512/614/512
f 512/614/512 485/582/485 486/583/486
f 512/614/512 486/583/486 513/615/513
f 513/616/513 486/584/486 487/585/487
f 513/616/513 487/585/487 514/617/514
f 514/617/514 487/585/487 488/586/488
f 514/617/514 488/586/488 515/618/515
f 515/618/515 488/586/488 489/587/489
f 515/618/515 489/587/489 516/619/516
f 516/619/516 489/587/489 490/588/490
f 516/619/516 490/588/490 517/620/517
f 490/588/490 491/589/491 492/590/492
f 490/588/490 492/590/492 517/620/517
f 517/620/517 492/590/492 493/591/493
f 517/620/517 493/591/493 518/621/518
f 518/621/518 493/591/493 494/592/494
f 518/621/518 494/592/494 519/622/519
f 519/622/519 494/592/494 495/593/495
f 519/622/519 495/593/495 520/623/520
f 520/623/520 495/593/495 496/594/496
f 520/623/520 496/594/496 521/624/521
f 521/625/521 496/595/496 497/596/497
f 521/625/521 497/596/497 522/626/522
f 522/626/522 497/596/497 498/597/498
f 522/626/522 498/597/498 523/627/523
f 523/627/523 498/597/498 499/598/499
f 523/627/523 499/598/499 524/628/524
f 524/628/524 499/598/499 500/599/500
f 524/628/524 500/599/500 501/600/501
f 524/628/524 501/600/501 502/601/502
f 524/628/524 502/601/502 525/629/525
f 525/629/525 502/601/502 503/602/503
f 525/629/525 503/602/503 526/630/526
f 526/630/526 503/602/503 504/603/504
f 526/630/526 504/603/504 527/631/527
f 527/631/527 504/603/504 505/604/505
f 527/631/527 505/604/505 528/632/528
f 528/633/528 505/605/505 506/606/506
f 528/633/528 506/606/506 529/634/529
f 529/634/529 506/606/506 507/607/507
f 529/634/529 507/607/507 530/635/530
f 530/636/530 507/608/507 508/609/508
f 530/636/530 508/609/508 531/637/531
f 508/609/508 509/610/509 510/611/510
f 508/609/508 510/611/510 531/637/531
f 531/638/531 510/612/510 511/613/511
f 531/638/531 511/613/511 532/639/532
f 532/639/532 511/613/511 512/614/512
f 532/639/532 512/614/512 533/640/533
f 533/640/533 512/614/512 513/615/513
f 533/640/533 513/615/513 534/641/534
f 534/642/534 513/616/513 514/617/514
f 534/642/534 514/617/514 535/643/535
f 535/643/535 514/617/514 515/618/515
f 535/643/535 515/618/515 536/644/536
f 536/644/536 515/618/515 516/619/516
f 536/644/536 516/619/516 537/645/537
f 516/619/516 517/620/517 518/621/518
f 516/619/516 518/621/518 537/645/537
f 537/645/537 518/621/518 519/622/519
f 537/645/537 519/622/519 538/646/538
f 538/646/538 519/622/519 520/623/520
f 538/646/538 520/623/520 539/647/539
f 539/647/539 520/623/520 521/624/521
f 539/647/539 521/624/521 540/648/540
f 540/649/540 521/625/521 522/626/522
f 540/649/540 522/626/522 541/650/541
f 541/650/541 522/626/522 523/627/523
f 541/650/541 523/627/523 542/651/542
f 542/651/542 523/627/523 524/628/524
f 542/651/542 524/628/524 525/629/525
f 542/651/542 525/629/525 526/630/526
f 542/651/542 526/630/526 543/652/543
f 543/652/543 526/630/526 527/631/527
f 543/652/543 527/631/527 544/653/544
f 544/653/544 527/631/527 528/632/528
f 544/653/544 528/632/528 545/654/545
f 545/655/545 528/633/528 529/634/529
f 545/655/545 529/634/529 546/656/546
f 546/656/546 529/634/529 530/635/530
f 546/656/546 530/635/530 547/657/547
f 530/658/530 531/638/531 532/639/532
f 530/659/530 532/660/532 547/661/547
f 547/662/547 532/639/532 533/640/533
f 547/662/547 533/640/533 548/663/548
f 548/663/548 533/640/533 534/641/534
f 548/663/548 534/641/534 549/664/549
f 549/665/549 534/642/534 535/643/535
f 549/665/549 535/643/535 550/666/550
f 550/666/550 535/643/535 536/644/536
f 550/666/550 536/644/536 551/667/551
f 536/644/536 537/645/537 538/646/538
f 536/644/536 538/646/538 551/667/551
f 551/667/551 538/646/538 539/647/539
f 551/667/551 539/647/539 552/668/552
f 552/668/552 539/647/539 540/648/540
f 552/668/552 540/648/540 553/669/553
f 553/670/553 540/649/540 541/650/541
f 553/670/553 541/650/541 554/671/554
f 554/671/554 541/650/541 542/651/542
f 554/671/554 542/651/542 543/652/543
f 554/671/554 543/652/543 544/653/544
f 554/671/554 544/653/544 555/672/555
f 555/672/555 544/653/544 545/654/545
f 555/672/555 545/654/545 556/673/556
f 556/674/556 545/655/545 546/656/546
f 556/674/556 546/656/546 557/675/557
f 546/676/546 547/662/547 548/663/548
f 546/676/546 548/663/548 557/677/557
f 557/677/557 548/663/548 549/664/549
f 557/677/557 549/664/549 558/678/558
f 558/679/558 549/665/549 550/666/550
f 558/679/558 550/666/550 559/680/559
f 550/666/550 551/667/551 552/668/552
f 550/666/550 552/668/552 559/680/559
f 559/680/559 552/668/552 553/669/553
f 559/680/559 553/669/553 560/681/560
f 560/682/560 553/670/553 554/671/554
f 560/682/560 554/671/554 555/672/555
f 560/682/560 555/672/555 556/673/556
f 560/682/560 556/673/556 561/683/561
f 556/674/556 557/675/557 558/684/558
f 556/685/556 558/686/558 561/687/561
f 558/679/558 559/680/559 560/681/560
f 558/679/558 560/681/560 561/688/561
f 143/139/123 144/140/124 109/219/194
f 143/139/123 109/219/194 562/689/562
f 562/689/562 109/219/194 110/216/192
f 562/689/562 110/216/192 563/690/563
f 563/690/563 110/216/192 111/215/190
f 563/690/563 111/215/190 564/691/564
f 564/691/564 111/215/190 112/692/188
f 564/691/564 112/692/188 565/693/565
f 565/694/565 112/211/188 113/208/186
f 565/694/565 113/208/186 566/695/566
f 566/695/566 113/208/186 114/207/184
f 566/695/566 114/207/184 567/696/567
f 567/697/567 114/205/184 115/203/182
f 567/697/567 115/203/182 568/698/568
f 568/698/568 115/203/182 116/201/180
f 568/698/568 116/201/180 569/699/569
f 569/699/569 116/201/180 117/199/178
f 569/699/569 117/199/178 570/700/570
f 570/700/570 117/199/178 118/197/176
f 570/700/570 118/197/176 571/701/571
f 571/701/571 118/197/176 119/194/173
f 571/701/571 119/194/173 572/702/572
f 119/194/173 120/171/152 121/170/151
f 119/194/173 121/170/151 572/702/572
f 572/702/572 121/170/151 122/173/154
f 572/702/572 122/173/154 573/703/573
f 573/703/573 122/173/154 123/175/156
f 573/703/573 123/175/156 574/704/574
f 574/704/574 123/175/156 124/177/158
f 574/704/574 124/177/158 575/705/575
f 575/705/575 124/177/158 125/179/160
f 575/705/575 125/179/160 576/706/576
f 576/706/576 125/179/160 126/181/162
f 576/706/576 126/181/162 577/707/577
f 577/708/577 126/185/162 127/184/164
f 577/708/577 127/184/164 578/709/578
f 578/709/578 127/184/164 128/187/166
f 578/709/578 128/187/166 579/710/579
f 579/710/579 128/187/166 129/189/168
f 579/710/579 129/189/168 580/711/580
f 580/711/580 129/189/168 130/191/170
f 580/711/580 130/191/170 581/712/581
f 581/712/581 130/191/170 131/193/172
f 581/712/581 131/193/172 582/713/582
f 131/193/172 132/117/103 133/116/102
f 131/193/172 133/116/102 582/713/582
f 582/713/582 133/116/102 134/119/105
f 582/713/582 134/119/105 583/714/583
f 583/714/583 134/119/105 135/121/107
f 583/714/583 135/121/107 584/715/584
f 584/715/584 135/121/107 136/123/109
f 584/715/584 136/123/109 585/716/585
f 585/716/585 136/123/109 137/125/111
f 585/716/585 137/125/111 586/717/586
f 586/717/586 137/125/111 138/127/113
f 586/717/586 138/127/113 587/718/587
f 587/719/587 138/131/113 139/130/115
f 587/719/587 139/130/115 588/720/588
f 588/720/588 139/130/115 140/133/117
f 588/720/588 140/133/117 589/721/589
f 589/721/589 140/133/117 141/135/119
f 589/721/589 141/135/119 590/722/590
f 590/722/590 141/135/119 142/137/121
f 590/722/590 142/137/121 591/723/591
f 591/723/591 142/137/121 143/139/123
f 591/723/591 143/139/123 562/689/562
f 591/723/591 562/689/562 563/690/563
f 591/723/591 563/690/563 592/724/592
f 592/724/592 563/690/563 564/691/564
f 592/724/592 564/691/564 593/725/593
f 593/725/593 564/691/564 565/693/565
f 593/725/593 565/693/565 594/726/594
f 594/727/594 565/694/565 566/695/566
f 594/727/594 566/695/566 595/728/595
f 595/728/595 566/695/566 567/696/567
f 595/728/595 567/696/567 596/729/596
f 596/730/596 567/697/567 568/698/568
f 596/730/596 568/698/568 597/731/597
f 597/731/597 568/698/568 569/699/569
f 597/731/597 569/699/569 598/732/598
f 598/732/598 569/699/569 570/700/570
f 598/732/598 570/700/570 599/733/599
f 599/733/599 570/700/570 571/701/571
f 599/733/599 571/701/571 600/734/600
f 571/701/571 572/702/572 573/703/573
f 571/701/571 573/703/573 600/734/600
f 600/734/600 573/703/573 574/704/574
f 600/734/600 574/704/574 601/735/601
f 601/735/601 574/704/574 575/705/575
f 601/735/601 575/705/575 602/736/602
f 602/736/602 575/705/575 576/706/576
f 602/736/602 576/706/576 603/737/603
f 603/737/603 576/706/576 577/707/577
f 603/737/603 577/707/577 604/738/604
f 604/739/604 577/708/577 578/709/578
f 604/739/604 578/709/578 605/740/605
f 605/740/605 578/709/578 579/710/579
f 605/740/605 579/710/579 606/741/606
f 606/741/606 579/710/579 580/711/580
f 606/741/606 580/711/580 607/742/607
f 607/742/607 580/711/580 581/712/581
f 607/742/607 581/712/581 608/743/608
f 581/712/581 582/713/582 583/714/583
f 581/712/581 583/714/583 608/743/608
f 608/743/608 583/714/583 584/715/584
f 608/743/608 584/715/584 609/744/609
f 609/744/609 584/715/584 585/716/585
f 609/744/609 585/716/585 610/745/610
f 610/745/610 585/716/585 586/717/586
f 610/745/610 586/717/586 611/746/611
f 611/746/611 586/717/586 587/718/587
f 611/746/611 587/718/587 612/747/612
f 612/748/612 587/719/587 588/720/588
f 612/748/612 588/720/588 613/749/613
f 613/749/613 588/720/588 589/721/589
f 613/749/613 589/721/589 614/750/614
f 614/750/614 589/721/589 590/722/590
f 614/750/614 590/722/590 615/751/615
f 615/751/615 590/722/590 591/723/591
f 615/751/615 591/723/591 592/724/592
f 615/751/615 592/724/592 593/725/593
f 615/751/615 593/725/593 616/752/616
f 616/752/616 593/725/593 594/726/594
f 616/752/616 594/726/594 617/753/617
f 617/754/617 594/727/594 595/728/595
f 617/754/617 595/728/595 618/755/618
f 618/755/618 595/728/595 596/729/596
f 618/755/618 596/729/596 619/756/619
f 619/757/619 596/730/596 597/731/597
f 619/757/619 597/731/597 620/758/620
f 620/758/620 597/731/597 598/732/598
f 620/758/620 598/732/598 621/759/621
f 621/759/621 598/732/598 599/733/599
f 621/759/621 599/733/599 622/760/622
f 599/733/599 600/734/600 601/735/601
f 599/733/599 601/735/601 622/760/622
f 622/760/622 601/735/601 602/736/602
f 622/760/622 602/736/602 623/761/623
f 623/761/623 602/736/602 603/737/603
f 623/761/623 603/737/603 624/762/624
f 624/762/624 603/737/603 604/738/604
f 624/762/624 604/738/604 625/763/625
f 625/764/625 604/765/604 605/766/605
f 625/767/625 605/740/605 626/768/626
f 626/768/626 605/740/605 606/741/606
f 626/768/626 606/741/606 627/769/627
f 627/769/627 606/741/606 607/742/607
f 627/769/627 607/742/607 628/770/628
f 607/742/607 608/743/608 609/744/609
f 607/742/607 609/744/609 628/770/628
f 628/770/628 609/744/609 610/745/610
f 628/770/628 610/745/610 629/771/629
f 629/771/629 610/745/610 611/746/611
f 629/771/629 611/746/611 630/772/630
f 630/772/630 611/746/611 612/747/612
f 630/772/630 612/747/612 631/773/631
f 631/774/631 612/748/612 613/749/613
f 631/774/631 613/749/613 632/775/632
f 632/775/632 613/749/613 614/750/614
f 632/775/632 614/750/614 633/776/633
f 633/776/633 614/750/614 615/751/615
f 633/776/633 615/751/615 616/752/616
f 633/776/633 616/752/616 617/753/617
f 633/776/633 617/753/617 634/777/634
f 634/777/634 617/753/617 618/778/618
f 634/777/634 618/778/618 635/779/635
f 635/780/635 618/755/618 619/756/619
f 635/780/635 619/756/619 636/781/636
f 636/782/636 619/757/619 620/758/620
f 636/782/636 620/758/620 637/783/637
f 637/783/637 620/758/620 621/759/621
f 637/783/637 621/759/621 638/784/638
f 621/759/621 622/760/622 623/761/623
f 621/759/621 623/761/623 638/784/638
f 638/784/638 623/761/623 624/762/624
f 638/784/638 624/762/624 639/785/639
f 639/785/639 624/762/624 625/763/625
f 639/785/639 625/763/625 640/786/640
f 640/787/640 625/788/625 626/789/626
f 640/790/640 626/768/626 641/791/641
f 641/791/641 626/768/626 627/769/627
f 641/791/641 627/769/627 642/792/642
f 627/769/627 628/770/628 629/771/629
f 627/769/627 629/771/629 642/792/642
f 642/792/642 629/771/629 630/772/630
f 642/792/642 630/772/630 643/793/643
f 643/793/643 630/772/630 631/773/631
f 643/793/643 631/773/631 644/794/644
f 644/795/644 631/774/631 632/775/632
f 644/795/644 632/775/632 645/796/645
f 645/796/645 632/775/632 633/776/633
f 645/796/645 633/776/633 634/777/634
f 645/796/645 634/777/634 635/779/635
f 645/796/645 635/779/635 646/797/646
f 646/798/646 635/780/635 636/781/636
f 646/798/646 636/781/636 647/799/647
f 647/800/647 636/782/636 637/783/637
f 647/800/647 637/783/637 648/801/648
f 637/783/637 638/784/638 639/785/639
f 637/783/637 639/785/639 648/801/648
f 648/801/648 639/785/639 640/786/640
f 648/801/648 640/786/640 649/802/649
f 649/803/649 640/804/640 641/805/641
f 649/806/649 641/791/641 650/807/650
f 641/791/641 642/792/642 643/793/643
f 641/791/641 643/793/643 650/807/650
f 650/807/650 643/793/643 644/794/644
f 650/807/650 644/794/644 651/808/651
f 651/809/651 644/795/644 645/796/645
f 651/809/651 645/796/645 646/797/646
f 651/810/651 646/798/646 647/799/647
f 651/811/651 647/812/647 652/813/652
f 647/800/647 648/801/648 649/802/649
f 647/800/647 649/802/649 652/814/652
f 649/815/649 650/816/650 651/817/651
f 649/818/649 651/819/651 652/820/652
f 179/250/221 180/248/219 145/246/217
f 179/250/221 145/246/217 653/821/653
f 653/821/653 145/246/217 146/244/215
f 653/821/653 146/244/215 654/822/654
f 654/822/654 146/244/215 147/242/213
f 654/822/654 147/242/213 655/823/655
f 655/823/655 147/242/213 148/240/211
f 655/823/655 148/240/211 656/824/656
f 656/824/656 148/240/211 149/237/209
f 656/824/656 149/237/209 657/825/657
f 657/825/657 149/237/209 150/236/207
f 657/825/657 150/236/207 658/826/658
f 658/827/658 150/233/207 151/232/205
f 658/827/658 151/232/205 659/828/659
f 659/829/659 151/230/205 152/228/203
f 659/829/659 152/228/203 660/830/660
f 660/830/660 152/228/203 153/226/201
f 660/830/660 153/226/201 661/831/661
f 661/831/661 153/226/201 154/224/199
f 661/831/661 154/224/199 662/832/662
f 662/832/662 154/224/199 155/222/197
f 662/832/662 155/222/197 663/833/663
f 155/222/197 156/143/127 157/142/126
f 155/222/197 157/142/126 663/833/663
f 663/833/663 157/142/126 158/145/129
f 663/833/663 158/145/129 664/834/664
f 664/834/664 158/145/129 159/147/131
f 664/834/664 159/147/131 665/835/665
f 665/835/665 159/147/131 160/149/133
f 665/835/665 160/149/133 666/836/666
f 666/837/666 160/153/133 161/152/135
f 666/837/666 161/152/135 667/838/667
f 667/838/667 161/152/135 162/155/137
f 667/838/667 162/155/137 668/839/668
f 668/840/668 162/158/137 163/157/139
f 668/840/668 163/157/139 669/841/669
f 669/841/669 163/157/139 164/160/141
f 669/841/669 164/160/141 670/842/670
f 670/842/670 164/160/141 165/162/143
f 670/842/670 165/162/143 671/843/671
f 671/843/671 165/162/143 166/164/145
f 671/843/671 166/164/145 672/844/672
f 672/844/672 166/164/145 167/166/147
f 672/844/672 167/166/147 673/845/673
f 167/166/147 168/168/149 169/273/242
f 167/166/147 169/273/242 673/845/673
f 673/845/673 169/273/242 170/271/240
f 673/845/673 170/271/240 674/846/674
f 674/846/674 170/271/240 171/269/238
f 674/846/674 171/269/238 675/847/675
f 675/847/675 171/269/238 172/267/236
f 675/847/675 172/267/236 676/848/676
f 676/848/676 172/267/236 173/264/234
f 676/848/676 173/264/234 677/849/677
f 677/849/677 173/264/234 174/263/232
f 677/849/677 174/263/232 678/850/678
f 678/851/678 174/261/232 175/259/230
f 678/851/678 175/259/230 679/852/679
f 679/852/679 175/259/230 176/257/228
f 679/852/679 176/257/228 680/853/680
f 680/853/680 176/257/228 177/255/226
f 680/853/680 177/255/226 681/854/681
f 681/854/681 177/255/226 178/253/224
f 681/854/681 178/253/224 682/855/682
f 682/855/682 178/253/224 179/250/221
f 682/855/682 179/250/221 653/821/653
f 682/855/682 653/821/653 654/822/654
f 682/855/682 654/822/654 683/856/683
f 683/856/683 654/822/654 655/823/655
f 683/856/683 655/823/655 684/857/684
f 684/857/684 655/823/655 656/824/656
f 684/857/684 656/824/656 685/858/685
f 685/858/685 656/824/656 657/825/657
f 685/858/685 657/825/657 686/859/686
f 686/859/686 657/825/657 658/826/658
f 686/859/686 658/826/658 687/860/687
f 687/861/687 658/827/658 659/828/659
f 687/861/687 659/828/659 688/862/688
f 688/863/688 659/829/659 660/830/660
f 688/863/688 660/830/660 689/864/689
f 689/864/689 660/830/660 661/831/661
f 689/864/689 661/831/661 690/865/690
f 690/865/690 661/831/661 662/832/662
f 690/865/690 662/832/662 691/866/691
f 662/832/662 663/833/663 664/834/664
f 662/832/662 664/834/664 691/866/691
f 691/866/691 664/834/664 665/835/665
f 691/866/691 665/835/665 692/867/692
f 692/867/692 665/835/665 666/836/666
f 692/867/692 666/836/666 693/868/693
f 693/869/693 666/837/666 667/838/667
f 693/869/693 667/838/667 694/870/694
f 694/870/694 667/838/667 668/839/668
f 694/870/694 668/839/668 695/871/695
f 695/872/695 668/840/668 669/841/669
f 695/872/695 669/841/669 696/873/696
f 696/873/696 669/841/669 670/842/670
f 696/873/696 670/842/670 697/874/697
f 697/874/697 670/842/670 671/843/671
f 697/874/697 671/843/671 698/875/698
f 698/875/698 671/843/671 672/844/672
f 698/875/698 672/844/672 699/876/699
f 672/844/672 673/845/673 674/846/674
f 672/844/672 674/846/674 699/876/699
f 699/876/699 674/846/674 675/847/675
f 699/876/699 675/847/675 700/877/700
f 700/877/700 675/847/675 676/848/676
f 700/877/700 676/848/676 701/878/701
f 701/878/701 676/848/676 677/849/677
f 701/878/701 677/849/677 702/879/702
f 702/879/702 677/849/677 678/850/678
f 702/879/702 678/850/678 703/880/703
f 703/881/703 678/851/678 679/852/679
f 703/881/703 679/852/679 704/882/704
f 704/882/704 679/852/679 680/853/680
f 704/882/704 680/853/680 705/883/705
f 705/883/705 680/853/680 681/854/681
f 705/883/705 681/854/681 706/884/706
f 706/884/706 681/854/681 682/855/682
f 706/884/706 682/855/682 683/856/683
f 706/884/706 683/856/683 684/857/684
f 706/884/706 684/857/684 707/885/707
f 707/885/707 684/857/684 685/858/685
f 707/885/707 685/858/685 708/886/708
f 708/886/708 685/858/685 686/859/686
f 708/886/708 686/859/686 709/887/709
f 709/887/709 686/859/686 687/860/687
f 709/887/709 687/860/687 710/888/710
f 710/889/710 687/861/687 688/862/688
f 710/889/710 688/862/688 711/890/711
f 711/891/711 688/863/688 689/864/689
f 711/891/711 689/864/689 712/892/712
f 712/892/712 689/864/689 690/865/690
f 712/892/712 690/865/690 713/893/713
f 690/865/690 691/866/691 692/867/692
f 690/865/690 692/867/692 713/893/713
f 713/893/713 692/867/692 693/868/693
f 713/893/713 693/868/693 714/894/714
f 714/895/714 693/869/693 694/870/694
f 714/895/714 694/870/694 715/896/715
f 715/896/715 694/870/694 695/871/695
f 715/896/715 695/871/695 716/897/716
f 716/898/716 695/872/695 696/873/696
f 716/898/716 696/873/696 717/899/717
f 717/899/717 696/873/696 697/874/697
f 717/899/717 697/874/697 718/900/718
f 718/900/718 697/874/697 698/875/698
f 718/900/718 698/875/698 719/901/719
f 698/875/698 699/876/699 700/877/700
f 698/875/698 700/877/700 719/901/719
f 719/901/719 700/877/700 701/878/701
f 719/901/719 701/878/701 720/902/720
f 720/902/720 701/878/701 702/879/702
f 720/902/720 702/879/702 721/903/721
f 721/903/721 702/879/702 703/880/703
f 721/903/721 703/880/703 722/904/722
f 722/905/722 703/906/703 704/907/704
f 722/905/722 704/907/704 723/908/723
f 723/909/723 704/882/704 705/883/705
f 723/909/723 705/883/705 724/910/724
f 724/910/724 705/883/705 706/884/706
f 724/910/724 706/884/706 707/885/707
f 724/910/724 707/885/707 708/886/708
f 724/910/724 708/886/708 725/911/725
f 725/911/725 708/886/708 709/887/709
f 725/911/725 709/887/709 726/912/726
f 726/912/726 709/887/709 710/888/710
f 726/912/726 710/888/710 727/913/727
f 727/914/727 710/889/710 711/890/711
f 727/914/727 711/890/711 728/915/728
f 728/916/728 711/891/711 712/892/712
f 728/916/728 712/892/712 729/917/729
f 712/892/712 713/893/713 714/894/714
f 712/892/712 714/894/714 729/917/729
f 729/918/729 714/895/714 715/896/715
f 729/918/729 715/896/715 730/919/730
f 730/919/730 715/896/715 716/897/716
f 730/919/730 716/897/716 731/920/731
f 731/921/731 716/898/716 717/899/717
f 731/921/731 717/899/717 732/922/732
f 732/922/732 717/899/717 718/900/718
f 732/922/732 718/900/718 733/923/733
f 718/900/718 719/901/719 720/902/720
f 718/900/718 720/902/720 733/923/733
f 733/923/733 720/902/720 721/903/721
f 733/923/733 721/903/721 734/924/734
f 734/924/734 721/903/721 722/904/722
f 734/924/734 722/904/722 735/925/735
f 735/926/735 722/905/722 723/908/723
f 735/926/735 723/908/723 736/927/736
f 736/928/736 723/909/723 724/910/724
f 736/928/736 724/910/724 725/911/725
f 736/928/736 725/911/725 726/912/726
f 736/928/736 726/912/726 737/929/737
f 737/929/737 726/912/726 727/913/727
f 737/929/737 727/913/727 738/930/738
f 738/931/738 727/932/727 728/933/728
f 738/931/738 728/933/728 739/934/739
f 728/933/728 729/918/729 730/919/730
f 728/935/728 730/936/730 739/937/739
f 739/934/739 730/919/730 731/920/731
f 739/934/739 731/920/731 740/938/740
f 740/939/740 731/921/731 732/922/732
f 740/939/740 732/922/732 741/940/741
f 732/922/732 733/923/733 734/924/734
f 732/922/732 734/924/734 741/940/741
f 741/940/741 734/924/734 735/925/735
f 741/940/741 735/925/735 742/941/742
f 742/942/742 735/926/735 736/927/736
f 742/942/742 736/927/736 737/943/737
f 742/942/742 737/943/737 738/944/738
f 742/945/742 738/946/738 743/947/743
f 738/931/738 739/934/739 740/938/740
f 738/931/738 740/938/740 743/948/743
f 740/939/740 741/940/741 742/941/742
f 740/939/740 742/941/742 743/949/743
f 215/220/195 216/221/196 181/299/265
f 215/220/195 181/299/265 744/950/744
f 744/950/744 181/299/265 182/298/263
f 744/950/744 182/298/263 745/951/745
f 745/952/745 182/296/263 183/294/261
f 745/952/745 183/294/261 746/953/746
f 746/953/746 183/294/261 184/292/259
f 746/953/746 184/292/259 747/954/747
f 747/954/747 184/292/259 185/289/257
f 747/954/747 185/289/257 748/955/748
f 748/955/748 185/289/257 186/288/255
f 748/955/748 186/288/255 749/956/749
f 749/957/749 186/286/255 187/284/253
f 749/957/749 187/284/253 750/958/750
f 750/958/750 187/284/253 188/282/251
f 750/958/750 188/282/251 751/959/751
f 751/959/751 188/282/251 189/280/249
f 751/959/751 189/280/249 752/960/752
f 752/960/752 189/280/249 190/278/247
f 752/960/752 190/278/247 753/961/753
f 753/961/753 190/278/247 191/275/244
f 753/961/753 191/275/244 754/962/754
f 191/275/244 192/252/223 193/251/222
f 191/275/244 193/251/222 754/962/754
f 754/962/754 193/251/222 194/254/225
f 754/962/754 194/254/225 755/963/755
f 755/963/755 194/254/225 195/256/227
f 755/963/755 195/256/227 756/964/756
f 756/964/756 195/256/227 196/258/229
f 756/964/756 196/258/229 757/965/757
f 757/965/757 196/258/229 197/260/231
f 757/965/757 197/260/231 758/966/758
f 758/966/758 197/260/231 198/262/233
f 758/966/758 198/262/233 759/967/759
f 759/968/759 198/266/233 199/265/235
f 759/968/759 199/265/235 760/969/760
f 760/969/760 199/265/235 200/268/237
f 760/969/760 200/268/237 761/970/761
f 761/970/761 200/268/237 201/270/239
f 761/970/761 201/270/239 762/971/762
f 762/971/762 201/270/239 202/272/241
f 762/971/762 202/272/241 763/972/763
f 763/972/763 202/272/241 203/274/243
f 763/972/763 203/274/243 764/973/764
f 203/274/243 204/196/175 205/195/174
f 203/274/243 205/195/174 764/973/764
f 764/973/764 205/195/174 206/198/177
f 764/973/764 206/198/177 765/974/765
f 765/974/765 206/198/177 207/200/179
f 765/974/765 207/200/179 766/975/766
f 766/975/766 207/200/179 208/202/181
f 766/975/766 208/202/181 767/976/767
f 767/976/767 208/202/181 209/204/183
f 767/976/767 209/204/183 768/977/768
f 768/977/768 209/204/183 210/206/185
f 768/977/768 210/206/185 769/978/769
f 769/979/769 210/210/185 211/209/187
f 769/979/769 211/209/187 770/980/770
f 770/980/770 211/209/187 212/212/189
f 770/980/770 212/212/189 771/981/771
f 771/981/771 212/212/189 213/214/191
f 771/981/771 213/214/191 772/982/772
f 772/983/772 213/218/191 214/217/193
f 772/983/772 214/217/193 773/984/773
f 773/984/773 214/217/193 215/220/195
f 773/984/773 215/220/195 744/950/744
f 773/984/773 744/950/744 745/951/745
f 773/984/773 745/951/745 774/985/774
f 774/986/774 745/952/745 746/953/746
f 774/986/774 746/953/746 775/987/775
f 775/987/775 746/953/746 747/954/747
f 775/987/775 747/954/747 776/988/776
f 776/988/776 747/954/747 748/955/748
f 776/988/776 748/955/748 777/989/777
f 777/989/777 748/955/748 749/956/749
f 777/989/777 749/956/749 778/990/778
f 778/991/778 749/957/749 750/958/750
f 778/991/778 750/958/750 779/992/779
f 779/992/779 750/958/750 751/959/751
f 779/992/779 751/959/751 780/993/780
f 780/993/780 751/959/751 752/960/752
f 780/993/780 752/960/752 781/994/781
f 781/994/781 752/960/752 753/961/753
f 781/994/781 753/961/753 782/995/782
f 753/961/753 754/962/754 755/963/755
f 753/961/753 755/963/755 782/995/782
f 782/995/782 755/963/755 756/964/756
f 782/995/782 756/964/756 783/996/783
f 783/996/783 756/964/756 757/965/757
f 783/996/783 757/965/757 784/997/784
f 784/997/784 757/965/757 758/966/758
f 784/997/784 758/966/758 785/998/785
f 785/998/785 758/966/758 759/967/759
f 785/998/785 759/967/759 786/999/786
f 786/1000/786 759/968/759 760/969/760
f 786/1000/786 760/969/760 787/1001/787
f 787/1001/787 760/969/760 761/970/761
f 787/1001/787 761/970/761 788/1002/788
f 788/1002/788 761/970/761 762/971/762
f 788/1002/788 762/971/762 789/1003/789
f 789/1003/789 762/971/762 763/972/763
f 789/1003/789 763/972/763 790/1004/790
f 763/972/763 764/973/764 765/974/765
f 763/972/763 765/974/765 790/1004/790
f 790/1004/790 765/974/765 766/975/766
f 790/1004/790 766/975/766 791/1005/791
f 791/1005/791 766/975/766 767/976/767
f 791/1005/791 767/976/767 792/1006/792
f 792/1006/792 767/976/767 768/977/768
f 792/1006/792 768/977/768 793/1007/793
f 793/1007/793 768/977/768 769/978/769
f 793/1007/793 769/978/769 794/1008/794
f 794/1009/794 769/979/769 770/980/770
f 794/1009/794 770/980/770 795/1010/795
f 795/1010/795 770/980/770 771/981/771
f 795/1010/795 771/981/771 796/1011/796
f 796/1011/796 771/981/771 772/982/772
f 796/1011/796 772/982/772 797/1012/797
f 797/1013/797 772/983/772 773/984/773
f 797/1013/797 773/984/773 774/985/774
f 797/1014/797 774/986/774 775/987/775
f 797/1014/797 775/987/775 798/1015/798
f 798/1015/798 775/987/775 776/988/776
f 798/1015/798 776/988/776 799/1016/799
f 799/1016/799 776/988/776 777/989/777
f 799/1016/799 777/989/777 800/1017/800
f 800/1017/800 777/989/777 778/990/778
f 800/1017/800 778/990/778 801/1018/801
f 801/1019/801 778/991/778 779/992/779
f 801/1019/801 779/992/779 802/1020/802
f 802/1020/802 779/992/779 780/993/780
f 802/1020/802 780/993/780 803/1021/803
f 803/1021/803 780/993/780 781/994/781
f 803/1021/803 781/994/781 804/1022/804
f 781/994/781 782/995/782 783/996/783
f 781/994/781 783/996/783 804/1022/804
f 804/1022/804 783/996/783 784/997/784
f 804/1022/804 784/997/784 805/1023/805
f 805/1023/805 784/997/784 785/998/785
f 805/1023/805 785/998/785 806/1024/806
f 806/1024/806 785/998/785 786/999/786
f 806/1024/806 786/999/786 807/1025/807
f 807/1026/807 786/1000/786 787/1001/787
f 807/1026/807 787/1001/787 808/1027/808
f 808/1027/808 787/1001/787 788/1002/788
f 808/1027/808 788/1002/788 809/1028/809
f 809/1028/809 788/1002/788 789/1003/789
f 809/1028/809 789/1003/789 810/1029/810
f 789/1003/789 790/1004/790 791/1005/791
f 789/1003/789 791/1005/791 810/1029/810
f 810/1029/810 791/1005/791 792/1006/792
f 810/1029/810 792/1006/792 811/1030/811
f 811/1030/811 792/1006/792 793/1007/793
f 811/1030/811 793/1007/793 812/1031/812
f 812/1031/812 793/1007/793 794/1008/794
f 812/1031/812 794/1008/794 813/1032/813
f 813/1033/813 794/1009/794 795/1010/795
f 813/1033/813 795/1010/795 814/1034/814
f 814/1034/814 795/1010/795 796/1011/796
f 814/1034/814 796/1011/796 815/1035/815
f 815/1035/815 796/1011/796 797/1012/797
f 815/1035/815 797/1012/797 798/1036/798
f 815/1037/815 798/1015/798 799/1016/799
f 815/1037/815 799/1016/799 816/1038/816
f 816/1038/816 799/1016/799 800/1017/800
f 816/1038/816 800/1017/800 817/1039/817
f 817/1039/817 800/1017/800 801/1018/801
f 817/1039/817 801/1018/801 818/1040/818
f 818/1041/818 801/1019/801 802/1020/802
f 818/1041/818 802/1020/802 819/1042/819
f 819/1042/819 802/1020/802 803/1021/803
f 819/1042/819 803/1021/803 820/1043/820
f 803/1021/803 804/1022/804 805/1023/805
f 803/1021/803 805/1023/805 820/1043/820
f 820/1043/820 805/1023/805 806/1024/806
f 820/1043/820 806/1024/806 821/1044/821
f 821/1044/821 806/1024/806 807/1025/807
f 821/1044/821 807/1025/807 822/1045/822
f 822/1046/822 807/1026/807 808/1027/808
f 822/1046/822 808/1027/808 823/1047/823
f 823/1047/823 808/1027/808 809/1028/809
f 823/1047/823 809/1028/809 824/1048/824
f 809/1028/809 810/1029/810 811/1030/811
f 809/1028/809 811/1030/811 824/1048/824
f 824/1048/824 811/1030/811 812/1031/812
f 824/1048/824 812/1031/812 825/1049/825
f 825/1049/825 812/1031/812 813/1032/813
f 825/1049/825 813/1032/813 826/1050/826
f 826/1051/826 813/1033/813 814/1034/814
f 826/1051/826 814/1034/814 827/1052/827
f 827/1052/827 814/1034/814 815/1035/815
f 827/1052/827 815/1035/815 816/1053/816
f 827/1054/827 816/1038/816 817/1039/817
f 827/1054/827 817/1039/817 828/1055/828
f 828/1055/828 817/1039/817 818/1040/818
f 828/1055/828 818/1040/818 829/1056/829
f 829/1057/829 818/1041/818 819/1042/819
f 829/1057/829 819/1042/819 830/1058/830
f 819/1042/819 820/1043/820 821/1044/821
f 819/1042/819 821/1044/821 830/1058/830
f 830/1058/830 821/1044/821 822/1045/822
f 830/1058/830 822/1045/822 831/1059/831
f 831/1060/831 822/1046/822 823/1047/823
f 831/1060/831 823/1047/823 832/1061/832
f 823/1047/823 824/1048/824 825/1049/825
f 823/1047/823 825/1049/825 832/1061/832
f 832/1061/832 825/1049/825 826/1050/826
f 832/1061/832 826/1050/826 833/1062/833
f 833/1063/833 826/1051/826 827/1052/827
f 833/1063/833 827/1052/827 828/1064/828
f 833/1065/833 828/1055/828 829/1056/829
f 833/1065/833 829/1056/829 834/1066/834
f 829/1057/829 830/1058/830 831/1059/831
f 829/1057/829 831/1059/831 834/1067/834
f 831/1060/831 832/1061/832 833/1062/833
f 831/1060/831 833/1062/833 834/1068/834
f 251/302/267 252/4/4 217/3/3
f 251/302/267 217/3/3 835/1069/835
f 835/1069/835 217/3/3 218/6/6
f 835/1069/835 218/6/6 836/1070/836
f 836/1070/836 218/6/6 219/8/8
f 836/1070/836 219/8/8 837/1071/837
f 837/1071/837 219/8/8 220/10/10
f 837/1071/837 220/10/10 838/1072/838
f 838/1072/838 220/10/10 221/12/12
f 838/1072/838 221/12/12 839/1073/839
f 839/1073/839 221/12/12 222/14/14
f 839/1073/839 222/14/14 840/1074/840
f 840/1075/840 222/18/14 223/17/16
f 840/1075/840 223/17/16 841/1076/841
f 841/1076/841 223/17/16 224/20/18
f 841/1076/841 224/20/18 842/1077/842
f 842/1078/842 224/24/18 225/23/20
f 842/1078/842 225/23/20 843/1079/843
f 843/1079/843 225/23/20 226/26/22
f 843/1079/843 226/26/22 844/1080/844
f 844/1080/844 226/26/22 227/28/24
f 844/1080/844 227/28/24 845/1081/845
f 227/28/24 228/30/26 229/223/198
f 227/28/24 229/223/198 845/1081/845
f 845/1081/845 229/223/198 230/225/200
f 845/1081/845 230/225/200 846/1082/846
f 846/1082/846 230/225/200 231/227/202
f 846/1082/846 231/227/202 847/1083/847
f 847/1083/847 231/227/202 232/229/204
f 847/1083/847 232/229/204 848/1084/848
f 848/1084/848 232/229/204 233/231/206
f 848/1084/848 233/231/206 849/1085/849
f 849/1086/849 233/235/206 234/234/208
f 849/1086/849 234/234/208 850/1087/850
f 850/1088/850 234/239/208 235/238/210
f 850/1088/850 235/238/210 851/1089/851
f 851/1089/851 235/238/210 236/241/212
f 851/1089/851 236/241/212 852/1090/852
f 852/1090/852 236/241/212 237/243/214
f 852/1090/852 237/243/214 853/1091/853
f 853/1091/853 237/243/214 238/245/216
f 853/1091/853 238/245/216 854/1092/854
f 854/1092/854 238/245/216 239/247/218
f 854/1092/854 239/247/218 855/1093/855
f 239/247/218 240/249/220 241/324/287
f 239/247/218 241/324/287 855/1093/855
f 855/1093/855 241/324/287 242/322/285
f 855/1093/855 242/322/285 856/1094/856
f 856/1094/856 242/322/285 243/320/283
f 856/1094/856 243/320/283 857/1095/857
f 857/1095/857 243/320/283 244/318/281
f 857/1095/857 244/318/281 858/1096/858
f 858/1096/858 244/318/281 245/315/279
f 858/1096/858 245/315/279 859/1097/859
f 859/1097/859 245/315/279 246/314/277
f 859/1097/859 246/314/277 860/1098/860
f 860/1099/860 246/312/277 247/310/275
f 860/1099/860 247/310/275 861/1100/861
f 861/1100/861 247/310/275 248/308/273
f 861/1100/861 248/308/273 862/1101/862
f 862/1101/862 248/308/273 249/306/271
f 862/1101/862 249/306/271 863/1102/863
f 863/1102/863 249/306/271 250/304/269
f 863/1102/863 250/304/269 864/1103/864
f 864/1103/864 250/304/269 251/302/267
f 864/1103/864 251/302/267 835/1069/835
f 864/1103/864 835/1069/835 836/1070/836
f 864/1103/864 836/1070/836 865/1104/865
f 865/1104/865 836/1070/836 837/1071/837
f 865/1104/865 837/1071/837 866/1105/866
f 866/1105/866 837/1071/837 838/1072/838
f 866/1105/866 838/1072/838 867/1106/867
f 867/1106/867 838/1072/838 839/1073/839
f 867/1106/867 839/1073/839 868/1107/868
f 868/1107/868 839/1073/839 840/1074/840
f 868/1107/868 840/1074/840 869/1108/869
f 869/1109/869 840/1075/840 841/1076/841
f 869/1109/869 841/1076/841 870/1110/870
f 870/1110/870 841/1076/841 842/1077/842
f 870/1110/870 842/1077/842 871/1111/871
f 871/1112/871 842/1078/842 843/1079/843
f 871/1112/871 843/1079/843 872/1113/872
f 872/1113/872 843/1079/843 844/1080/844
f 872/1113/872 844/1080/844 873/1114/873
f 844/1080/844 845/1081/845 846/1082/846
f 844/1080/844 846/1082/846 873/1114/873
f 873/1114/873 846/1082/846 847/1083/847
f 873/1114/873 847/1083/847 874/1115/874
f 874/1115/874 847/1083/847 848/1084/848
f 874/1115/874 848/1084/848 875/1116/875
f 875/1116/875 848/1084/848 849/1085/849
f 875/1116/875 849/1085/849 876/1117/876
f 876/1118/876 849/1086/849 850/1087/850
f 876/1118/876 850/1087/850 877/1119/877
f 877/1120/877 850/1088/850 851/1089/851
f 877/1120/877 851/1089/851 878/1121/878
f 878/1121/878 851/1089/851 852/1090/852
f 878/1121/878 852/1090/852 879/1122/879
f 879/1122/879 852/1090/852 853/1091/853
f 879/1122/879 853/1091/853 880/1123/880
f 880/1123/880 853/1091/853 854/1092/854
f 880/1123/880 854/1092/854 881/1124/881
f 854/1092/854 855/1093/855 856/1094/856
f 854/1092/854 856/1094/856 881/1124/881
f 881/1124/881 856/1094/856 857/1095/857
f 881/1124/881 857/1095/857 882/1125/882
f 882/1125/882 857/1095/857 858/1096/858
f 882/1125/882 858/1096/858 883/1126/883
f 883/1126/883 858/1096/858 859/1097/859
f 883/1126/883 859/1097/859 884/1127/884
f 884/1127/884 859/1097/859 860/1098/860
f 884/1127/884 860/1098/860 885/1128/885
f 885/1129/885 860/1099/860 861/1100/861
f 885/1129/885 861/1100/861 886/1130/886
f 886/1130/886 861/1100/861 862/1101/862
f 886/1130/886 862/1101/862 887/1131/887
f 887/1131/887 862/1101/862 863/1102/863
f 887/1131/887 863/1102/863 888/1132/888
f 888/1132/888 863/1102/863 864/1103/864
f 888/1132/888 864/1103/864 865/1104/865
f 888/1132/888 865/1104/865 866/1105/866
f 888/1132/888 866/1105/866 889/1133/889
f 889/1133/889 866/1105/866 867/1106/867
f 889/1133/889 867/1106/867 890/1134/890
f 890/1134/890 867/1106/867 868/1107/868
f 890/1134/890 868/1107/868 891/1135/891
f 891/1135/891 868/1107/868 869/1108/869
f 891/1135/891 869/1108/869 892/1136/892
f 892/1137/892 869/1109/869 870/1110/870
f 892/1137/892 870/1110/870 893/1138/893
f 893/1138/893 870/1110/870 871/1111/871
f 893/1138/893 871/1111/871 894/1139/894
f 894/1140/894 871/1112/871 872/1113/872
f 894/1140/894 872/1113/872 895/1141/895
f 872/1113/872 873/1114/873 874/1115/874
f 872/1113/872 874/1115/874 895/1141/895
f 895/1141/895 874/1115/874 875/1116/875
f 895/1141/895 875/1116/875 896/1142/896
f 896/1142/896 875/1116/875 876/1117/876
f 896/1142/896 876/1117/876 897/1143/897
f 897/1144/897 876/1118/876 877/1119/877
f 897/1144/897 877/1119/877 898/1145/898
f 898/1146/898 877/1120/877 878/1121/878
f 898/1146/898 878/1121/878 899/1147/899
f 899/1147/899 878/1121/878 879/1122/879
f 899/1147/899 879/1122/879 900/1148/900
f 900/1148/900 879/1122/879 880/1123/880
f 900/1148/900 880/1123/880 901/1149/901
f 880/1123/880 881/1124/881 882/1125/882
f 880/1123/880 882/1125/882 901/1149/901
f 901/1149/901 882/1125/882 883/1126/883
f 901/1149/901 883/1126/883 902/1150/902
f 902/1150/902 883/1126/883 884/1127/884
f 902/1150/902 884/1127/884 903/1151/903
f 903/1152/903 884/1153/884 885/1154/885
f 903/1155/903 885/1156/885 904/1157/904
f 904/1158/904 885/1129/885 886/1130/886
f 904/1158/904 886/1130/886 905/1159/905
f 905/1159/905 886/1130/886 887/1131/887
f 905/1159/905 887/1131/887 906/1160/906
f 906/1160/906 887/1131/887 888/1132/888
f 906/1160/906 888/1132/888 889/1133/889
f 906/1160/906 889/1133/889 890/1134/890
f 906/1160/906 890/1134/890 907/1161/907
f 907/1161/907 890/1134/890 891/1135/891
f 907/1161/907 891/1135/891 908/1162/908
f 908/1162/908 891/1135/891 892/1136/892
f 908/1162/908 892/1136/892 909/1163/909
f 909/1164/909 892/1137/892 893/1138/893
f 909/1164/909 893/1138/893 910/1165/910
f 910/1165/910 893/1138/893 894/1139/894
f 910/1165/910 894/1139/894 911/1166/911
f 894/1140/894 895/1141/895 896/1142/896
f 894/1140/894 896/1142/896 911/1167/911
f 911/1167/911 896/1142/896 897/1143/897
f 911/1167/911 897/1143/897 912/1168/912
f 912/1169/912 897/1144/897 898/1145/898
f 912/1169/912 898/1145/898 913/1170/913
f 913/1171/913 898/1146/898 899/1147/899
f 913/1171/913 899/1147/899 914/1172/914
f 914/1172/914 899/1147/899 900/1148/900
f 914/1172/914 900/1148/900 915/1173/915
f 900/1148/900 901/1149/901 902/1150/902
f 900/1148/900 902/1150/902 915/1173/915
f 915/1173/915 902/1150/902 903/1151/903
f 915/1173/915 903/1151/903 916/1174/916
f 916/1175/916 903/1176/903 904/1177/904
f 916/1175/916 904/1177/904 917/1178/917
f 917/1179/917 904/1158/904 905/1159/905
f 917/1179/917 905/1159/905 918/1180/918
f 918/1180/918 905/1159/905 906/1160/906
f 918/1180/918 906/1160/906 907/1161/907
f 918/1180/918 907/1161/907 908/1162/908
f 918/1180/918 908/1162/908 919/1181/919
f 919/1181/919 908/1162/908 909/1163/909
f 919/1181/919 909/1163/909 920/1182/920
f 920/1183/920 909/1164/909 910/1165/910
f 920/1183/920 910/1165/910 921/1184/921
f 910/1165/910 911/1166/911 912/1185/912
f 910/1186/910 912/1187/912 921/1188/921
f 921/1184/921 912/1185/912 913/1189/913
f 921/1184/921 913/1189/913 922/1190/922
f 922/1191/922 913/1171/913 914/1172/914
f 922/1191/922 914/1172/914 923/1192/923
f 914/1172/914 915/1173/915 916/1174/916
f 914/1172/914 916/1174/916 923/1192/923
f 923/1193/923 916/1175/916 917/1178/917
f 923/1193/923 917/1178/917 924/1194/924
f 924/1195/924 917/1179/917 918/1180/918
f 924/1195/924 918/1180/918 919/1181/919
f 924/1195/924 919/1181/919 920/1182/920
f 924/1195/924 920/1182/920 925/1196/925
f 920/1183/920 921/1184/921 922/1190/922
f 920/1183/920 922/1190/922 925/1197/925
f 922/1198/922 923/1193/923 924/1194/924
f 922/1199/922 924/1200/924 925/1201/925
f 287/300/266 288/89/79 253/88/78
f 287/300/266 253/88/78 926/1202/926
f 926/1202/926 253/88/78 254/91/81
f 926/1202/926 254/91/81 927/1203/927
f 927/1203/927 254/91/81 255/93/83
f 927/1203/927 255/93/83 928/1204/928
f 928/1205/928 255/97/83 256/96/85
f 928/1205/928 256/96/85 929/1206/929
f 929/1206/929 256/96/85 257/99/87
f 929/1206/929 257/99/87 930/1207/930
f 930/1207/930 257/99/87 258/101/89
f 930/1207/930 258/101/89 931/1208/931
f 931/1209/931 258/105/89 259/104/91
f 931/1209/931 259/104/91 932/1210/932
f 932/1210/932 259/104/91 260/107/93
f 932/1210/932 260/107/93 933/1211/933
f 933/1211/933 260/107/93 261/109/95
f 933/1211/933 261/109/95 934/1212/934
f 934/1212/934 261/109/95 262/111/97
f 934/1212/934 262/111/97 935/1213/935
f 935/1213/935 262/111/97 263/113/99
f 935/1213/935 263/113/99 936/1214/936
f 263/113/99 264/114/100 265/303/268
f 263/113/99 265/303/268 936/1214/936
f 936/1214/936 265/303/268 266/305/270
f 936/1214/936 266/305/270 937/1215/937
f 937/1215/937 266/305/270 267/307/272
f 937/1215/937 267/307/272 938/1216/938
f 938/1216/938 267/307/272 268/309/274
f 938/1216/938 268/309/274 939/1217/939
f 939/1217/939 268/309/274 269/311/276
f 939/1217/939 269/311/276 940/1218/940
f 940/1218/940 269/311/276 270/313/278
f 940/1218/940 270/313/278 941/1219/941
f 941/1220/941 270/317/278 271/316/280
f 941/1220/941 271/316/280 942/1221/942
f 942/1221/942 271/316/280 272/319/282
f 942/1221/942 272/319/282 943/1222/943
f 943/1222/943 272/319/282 273/321/284
f 943/1222/943 273/321/284 944/1223/944
f 944/1223/944 273/321/284 274/323/286
f 944/1223/944 274/323/286 945/1224/945
f 945/1224/945 274/323/286 275/325/288
f 945/1224/945 275/325/288 946/1225/946
f 275/325/288 276/277/246 277/276/245
f 275/325/288 277/276/245 946/1225/946
f 946/1225/946 277/276/245 278/279/248
f 946/1225/946 278/279/248 947/1226/947
f 947/1226/947 278/279/248 279/281/250
f 947/1226/947 279/281/250 948/1227/948
f 948/1227/948 279/281/250 280/283/252
f 948/1227/948 280/283/252 949/1228/949
f 949/1228/949 280/283/252 281/285/254
f 949/1228/949 281/285/254 950/1229/950
f 950/1229/950 281/285/254 282/287/256
f 950/1229/950 282/287/256 951/1230/951
f 951/1231/951 282/291/256 283/290/258
f 951/1231/951 283/290/258 952/1232/952
f 952/1232/952 283/290/258 284/293/260
f 952/1232/952 284/293/260 953/1233/953
f 953/1233/953 284/293/260 285/295/262
f 953/1233/953 285/295/262 954/1234/954
f 954/1234/954 285/295/262 286/297/264
f 954/1234/954 286/297/264 955/1235/955
f 955/1236/955 286/301/264 287/300/266
f 955/1236/955 287/300/266 926/1202/926
f 955/1236/955 926/1202/926 927/1203/927
f 955/1236/955 927/1203/927 956/1237/956
f 956/1237/956 927/1203/927 928/1204/928
f 956/1237/956 928/1204/928 957/1238/957
f 957/1239/957 928/1205/928 929/1206/929
f 957/1239/957 929/1206/929 958/1240/958
f 958/1240/958 929/1206/929 930/1207/930
f 958/1240/958 930/1207/930 959/1241/959
f 959/1241/959 930/1207/930 931/1208/931
f 959/1241/959 931/1208/931 960/1242/960
f 960/1243/960 931/1209/931 932/1210/932
f 960/1243/960 932/1210/932 961/1244/961
f 961/1244/961 932/1210/932 933/1211/933
f 961/1244/961 933/1211/933 962/1245/962
f 962/1245/962 933/1211/933 934/1212/934
f 962/1245/962 934/1212/934 963/1246/963
f 963/1246/963 934/1212/934 935/1213/935
f 963/1246/963 935/1213/935 964/1247/964
f 935/1213/935 936/1214/936 937/1215/937
f 935/1213/935 937/1215/937 964/1247/964
f 964/1247/964 937/1215/937 938/1216/938
f 964/1247/964 938/1216/938 965/1248/965
f 965/1248/965 938/1216/938 939/1217/939
f 965/1248/965 939/1217/939 966/1249/966
f 966/1249/966 939/1217/939 940/1218/940
f 966/1249/966 940/1218/940 967/1250/967
f 967/1250/967 940/1218/940 941/1219/941
f 967/1250/967 941/1219/941 968/1251/968
f 968/1252/968 941/1220/941 942/1221/942
f 968/1252/968 942/1221/942 969/1253/969
f 969/1253/969 942/1221/942 943/1222/943
f 969/1253/969 943/1222/943 970/1254/970
f 970/1254/970 943/1222/943 944/1223/944
f 970/1254/970 944/1223/944 971/1255/971
f 971/1255/971 944/1223/944 945/1224/945
f 971/1255/971 945/1224/945 972/1256/972
f 945/1224/945 946/1225/946 947/1226/947
f 945/1224/945 947/1226/947 972/1256/972
f 972/1256/972 947/1226/947 948/1227/948
f 972/1256/972 948/1227/948 973/1257/973
f 973/1257/973 948/1227/948 949/1228/949
f 973/1257/973 949/1228/949 974/1258/974
f 974/1258/974 949/1228/949 950/1229/950
f 974/1258/974 950/1229/950 975/1259/975
f 975/1259/975 950/1229/950 951/1230/951
f 975/1259/975 951/1230/951 976/1260/976
f 976/1261/976 951/1231/951 952/1232/952
f 976/1261/976 952/1232/952 977/1262/977
f 977/1262/977 952/1232/952 953/1233/953
f 977/1262/977 953/1233/953 978/1263/978
f 978/1263/978 953/1233/953 954/1234/954
f 978/1263/978 954/1234/954 979/1264/979
f 979/1264/979 954/1234/954 955/1235/955
f 979/1264/979 955/1235/955 956/1265/956
f 979/1264/979 956/1265/956 957/1266/957
f 979/1264/979 957/1266/957 980/1267/980
f 980/1268/980 957/1239/957 958/1240/958
f 980/1268/980 958/1240/958 981/1269/981
f 981/1269/981 958/1240/958 959/1241/959
f 981/1269/981 959/1241/959 982/1270/982
f 982/1270/982 959/1241/959 960/1242/960
f 982/1270/982 960/1242/960 983/1271/983
f 983/1272/983 960/1243/960 961/1244/961
f 983/1272/983 961/1244/961 984/1273/984
f 984/1273/984 961/1244/961 962/1245/962
f 984/1273/984 962/1245/962 985/1274/985
f 985/1274/985 962/1245/962 963/1246/963
f 985/1274/985 963/1246/963 986/1275/986
f 963/1246/963 964/1247/964 965/1248/965
f 963/1246/963 965/1248/965 986/1275/986
f 986/1275/986 965/1248/965 966/1249/966
f 986/1275/986 966/1249/966 987/1276/987
f 987/1276/987 966/1249/966 967/1250/967
f 987/1276/987 967/1250/967 988/1277/988
f 988/1277/988 967/1250/967 968/1251/968
f 988/1277/988 968/1251/968 989/1278/989
f 989/1279/989 968/1252/968 969/1253/969
f 989/1279/989 969/1253/969 990/1280/990
f 990/1280/990 969/1253/969 970/1254/970
f 990/1280/990 970/1254/970 991/1281/991
f 991/1281/991 970/1254/970 971/1255/971
f 991/1281/991 971/1255/971 992/1282/992
f 971/1255/971 972/1256/972 973/1257/973
f 971/1255/971 973/1257/973 992/1282/992
f 992/1282/992 973/1257/973 974/1258/974
f 992/1282/992 974/1258/974 993/1283/993
f 993/1283/993 974/1258/974 975/1259/975
f 993/1283/993 975/1259/975 994/1284/994
f 994/1284/994 975/1259/975 976/1260/976
f 994/1284/994 976/1260/976 995/1285/995
f 995/1286/995 976/1261/976 977/1262/977
f 995/1286/995 977/1262/977 996/1287/996
f 996/1287/996 977/1262/977 978/1263/978
f 996/1287/996 978/1263/978 997/1288/997
f 997/1288/997 978/1263/978 979/1264/979
f 997/1288/997 979/1264/979 980/1267/980
f 997/1288/997 980/1267/980 981/1289/981
f 997/1288/997 981/1289/981 998/1290/998
f 998/1291/998 981/1269/981 982/1270/982
f 998/1291/998 982/1270/982 999/1292/999
f 999/1292/999 982/1270/982 983/1271/983
f 999/1292/999 983/1271/983 1000/1293/1000
f 1000/1294/1000 983/1272/983 984/1273/984
f 1000/1294/1000 984/1273/984 1001/1295/1001
f 1001/1295/1001 984/1273/984 985/1274/985
f 1001/1295/1001 985/1274/985 1002/1296/1002
f 985/1274/985 986/1275/986 987/1276/987
f 985/1274/985 987/1276/987 1002/1296/1002
f 1002/1296/1002 987/1276/987 988/1277/988
f 1002/1296/1002 988/1277/988 1003/1297/1003
f 1003/1297/1003 988/1277/988 989/1278/989
f 1003/1297/1003 989/1278/989 1004/1298/1004
f 1004/1299/1004 989/1279/989 990/1280/990
f 1004/1299/1004 990/1280/990 1005/1300/1005
f 1005/1300/1005 990/1280/990 991/1281/991
f 1005/1300/1005 991/1281/991 1006/1301/1006
f 991/1281/991 992/1282/992 993/1283/993
f 991/1281/991 993/1283/993 1006/1301/1006
f 1006/1301/1006 993/1283/993 994/1284/994
f 1006/1301/1006 994/1284/994 1007/1302/1007
f 1007/1302/1007 994/1284/994 995/1285/995
f 1007/1302/1007 995/1285/995 1008/1303/1008
f 1008/1304/1008 995/1286/995 996/1287/996
f 1008/1304/1008 996/1287/996 1009/1305/1009
f 1009/1305/1009 996/1287/996 997/1288/997
f 1009/1305/1009 997/1288/997 998/1290/998
f 1009/1305/1009 998/1290/998 999/1306/999
f 1009/1305/1009 999/1306/999 1010/1307/1010
f 1010/1308/1010 999/1292/999 1000/1293/1000
f 1010/1308/1010 1000/1293/1000 1011/1309/1011
f 1011/1310/1011 1000/1294/1000 1001/1295/1001
f 1011/1310/1011 1001/1295/1001 1012/1311/1012
f 1001/1295/1001 1002/1296/1002 1003/1297/1003
f 1001/1295/1001 1003/1297/1003 1012/1311/1012
f 1012/1311/1012 1003/1297/1003 1004/1298/1004
f 1012/1311/1012 1004/1298/1004 1013/1312/1013
f 1013/1313/1013 1004/1299/1004 1005/1300/1005
f 1013/1313/1013 1005/1300/1005 1014/1314/1014
f 1005/1300/1005 1006/1301/1006 1007/1302/1007
f 1005/1300/1005 1007/1302/1007 1014/1314/1014
f 1014/1314/1014 1007/1302/1007 1008/1303/1008
f 1014/1314/1014 1008/1303/1008 1015/1315/1015
f 1015/1316/1015 1008/1304/1008 1009/1305/1009
f 1015/1316/1015 1009/1305/1009 1010/1307/1010
f 1015/1316/1015 1010/1307/1010 1011/1317/1011
f 1015/1316/1015 1011/1317/1011 1016/1318/1016
f 1011/1310/1011 1012/1311/1012 1013/1312/1013
f 1011/1310/1011 1013/1312/1013 1016/1319/1016
f 1013/1313/1013 1014/1314/1014 1015/1315/1015
f 1013/1313/1013 1015/1315/1015 1016/1320/1016
o DoorMain_DoorMain_7.002
v 1.110264 0.804559 0.083714
v 1.117861 0.805093 0.069928
v 1.180735 0.875603 0.101841
v 1.164923 0.846020 0.093815
v 1.243743 0.804559 0.134670
v 1.174090 0.734050 0.116111
v 1.180869 0.734050 0.102756
v 1.173138 0.876137 0.115628
v 1.110264 0.805627 0.083714
v 1.166270 0.821072 0.094499
v 1.195200 0.821072 0.109183
v 1.196546 0.820851 0.109867
v 1.243608 0.805093 0.133755
v 1.196546 0.764166 0.109867
v 1.196546 0.789335 0.109867
v 1.180735 0.734584 0.101841
v 1.164923 0.764166 0.093815
v 1.206172 0.780025 0.078168
v 1.177661 0.769372 0.075007
v 1.184828 0.780025 0.067335
v 1.196175 0.844384 0.108833
v 1.197514 0.820697 0.103361
v 1.204660 0.840185 0.089283
v 1.195200 0.789115 0.109183
v 1.166270 0.789115 0.094499
v 1.164923 0.789335 0.093815
v 1.204209 0.769372 0.088482
v 1.166652 0.765067 0.093862
v 1.169603 0.789489 0.089194
v 1.165977 0.765802 0.093505
v 1.196546 0.846020 0.109867
v 1.200513 0.791558 0.091006
v 1.204660 0.770002 0.089283
v 1.206573 0.780536 0.079069
v 1.177661 0.840814 0.075007
v 1.206172 0.830162 0.078169
v 1.184828 0.830162 0.067335
v 1.189411 0.817592 0.064754
v 1.205550 0.817592 0.072947
v 1.191039 0.805093 0.064475
v 1.204814 0.805093 0.071467
v 1.189411 0.792595 0.064754
v 1.205550 0.792595 0.072947
v 1.197514 0.789489 0.103361
v 1.176749 0.840185 0.075116
v 1.177806 0.818628 0.079480
v 1.169603 0.820697 0.089194
v 1.188403 0.817354 0.065050
v 1.182716 0.813213 0.076253
v 1.190022 0.805093 0.064789
v 1.184882 0.805093 0.074916
v 1.182716 0.796974 0.076253
v 1.188403 0.792832 0.065050
v 1.177806 0.791558 0.079480
v 1.176749 0.770002 0.075116
v 1.204209 0.840814 0.088482
v 1.200513 0.818628 0.091006
v 1.206573 0.829650 0.079069
v 1.205906 0.817354 0.073935
v 1.200220 0.813213 0.085138
v 1.205161 0.805093 0.072473
v 1.200220 0.796974 0.085138
v 1.205906 0.792832 0.073935
v 1.165977 0.844384 0.093505
v 1.164923 0.820851 0.093815
v 1.117043 0.805627 0.070359
v 1.179917 0.876137 0.102273
v 1.166071 0.789159 0.093570
v 1.196068 0.789159 0.108796
v 1.166071 0.821027 0.093570
v 1.196175 0.765802 0.108833
v 1.179917 0.734050 0.102273
v 1.195488 0.845119 0.108499
v 1.166652 0.845119 0.093862
v 1.236964 0.805627 0.148025
v 1.243743 0.805627 0.134670
v 1.117043 0.804559 0.070359
v 1.180869 0.876137 0.102756
v 1.174090 0.876137 0.116111
v 1.173138 0.734050 0.115628
v 1.183865 0.780536 0.067543
v 1.183865 0.829650 0.067543
v 1.195488 0.765067 0.108499
v 1.236964 0.804559 0.148025
v 1.196068 0.821027 0.108796
v 1.200021 0.805093 0.082600
v 1.134247 0.769569 0.062360
v 1.137606 0.758021 0.056755
v 1.133425 0.757778 0.061411
v 1.138406 0.769496 0.057679
v 1.143556 0.758199 0.054814
v 1.144297 0.768810 0.055668
v 1.149683 0.758264 0.056108
v 1.150341 0.767696 0.056867
v 1.154344 0.758199 0.060290
v 1.156804 0.765411 0.066834
v 1.156290 0.758021 0.066239
v 1.155492 0.764852 0.072931
v 1.150819 0.757535 0.077018
v 1.154999 0.757778 0.072362
v 1.151334 0.764925 0.077612
v 1.144868 0.757357 0.078958
v 1.139399 0.766725 0.078424
v 1.138741 0.757292 0.077665
v 1.134820 0.767969 0.074337
v 1.134080 0.757357 0.073483
v 1.132135 0.757535 0.067534
v 1.137110 0.780906 0.064324
v 1.146873 0.779014 0.057436
v 1.152630 0.776766 0.058438
v 1.154919 0.766452 0.060954
v 1.158599 0.772518 0.068065
v 1.157210 0.771655 0.074109
v 1.153128 0.772032 0.078843
v 1.145442 0.765611 0.079622
v 1.141689 0.775795 0.079995
v 1.137397 0.778173 0.076105
v 1.132935 0.769010 0.068457
v 1.141904 0.791355 0.067229
v 1.141192 0.780529 0.059590
v 1.151188 0.788418 0.060050
v 1.160279 0.781703 0.064362
v 1.156923 0.774389 0.062329
v 1.161604 0.779067 0.069886
v 1.156133 0.778581 0.080664
v 1.147447 0.773547 0.080998
v 1.150803 0.780861 0.083031
v 1.141711 0.787576 0.078719
v 1.135720 0.780043 0.070369
v 1.152223 0.799611 0.066050
v 1.145857 0.790698 0.062417
v 1.161699 0.792452 0.063748
v 1.156466 0.785125 0.060762
v 1.164857 0.788114 0.066975
v 1.160086 0.777924 0.075852
v 1.164011 0.783419 0.078092
v 1.155382 0.787272 0.085644
v 1.145524 0.784154 0.082319
v 1.150757 0.791480 0.085305
v 1.146752 0.799125 0.076828
v 1.140387 0.790212 0.073195
v 1.148445 0.800513 0.070961
v 1.160044 0.806926 0.070350
v 1.157074 0.796661 0.063410
v 1.168128 0.798465 0.067283
v 1.170483 0.793375 0.070068
v 1.170741 0.789518 0.074994
v 1.165704 0.784807 0.072225
v 1.168833 0.787929 0.080743
v 1.160233 0.784321 0.083003
v 1.165270 0.789032 0.085773
v 1.161007 0.792533 0.088736
v 1.157186 0.797493 0.088839
v 1.147599 0.795819 0.082079
v 1.154573 0.806440 0.081128
v 1.165704 0.813614 0.080312
v 1.156481 0.808029 0.075380
v 1.169020 0.812361 0.075151
v 1.164307 0.803425 0.067386
v 1.175506 0.802933 0.071229
v 1.176522 0.793019 0.078086
v 1.174367 0.791280 0.083703
v 1.171051 0.792533 0.088865
v 1.164564 0.801961 0.092786
v 1.154831 0.802583 0.086055
v 1.163549 0.811875 0.085929
v 1.175760 0.817054 0.085572
v 1.178806 0.815708 0.080269
v 1.172608 0.808451 0.071826
v 1.183551 0.805684 0.075437
v 1.176939 0.797284 0.073521
v 1.183978 0.799692 0.077202
v 1.182824 0.795175 0.081383
v 1.177354 0.794689 0.092161
v 1.174502 0.798850 0.095871
v 1.167463 0.796443 0.092190
v 1.172609 0.804713 0.096993
v 1.163132 0.807610 0.090495
v 1.173335 0.815222 0.091047
v 1.189026 0.816838 0.085507
v 1.191109 0.812592 0.081403
v 1.181657 0.811547 0.076559
v 1.191952 0.806613 0.079743
v 1.189406 0.795902 0.084757
v 1.180400 0.793343 0.086858
v 1.183936 0.795417 0.095535
v 1.181853 0.799663 0.099639
v 1.181633 0.811750 0.100072
v 1.172181 0.810705 0.095228
v 1.183555 0.816352 0.096286
v 1.196804 0.817054 0.096254
v 1.186261 0.818215 0.090955
v 1.199286 0.815708 0.090664
v 1.200598 0.811547 0.086173
v 1.200386 0.805684 0.083982
v 1.191329 0.800505 0.080970
v 1.198709 0.799692 0.084679
v 1.196015 0.795175 0.088078
v 1.186700 0.794040 0.090088
v 1.189233 0.798850 0.103348
v 1.189444 0.804713 0.105539
v 1.181010 0.805642 0.101299
v 1.191122 0.810705 0.104841
v 1.193816 0.815222 0.101443
v 1.209194 0.812361 0.095543
v 1.208531 0.802933 0.087992
v 1.202396 0.793019 0.091220
v 1.199135 0.791280 0.096275
v 1.193027 0.793343 0.093267
v 1.190544 0.794689 0.098857
v 1.196926 0.792533 0.101998
v 1.196359 0.796443 0.106857
v 1.197589 0.801961 0.109549
v 1.200284 0.807610 0.109352
v 1.203723 0.811875 0.106321
v 1.206985 0.813614 0.101266
v 1.218368 0.806926 0.099954
v 1.218244 0.803425 0.094764
v 1.209760 0.808451 0.090684
v 1.216071 0.798465 0.091618
v 1.205835 0.797284 0.088188
v 1.212434 0.793375 0.091361
v 1.208304 0.789518 0.094061
v 1.202834 0.789032 0.104840
v 1.202958 0.792533 0.110030
v 1.205130 0.797493 0.113175
v 1.208768 0.802583 0.113432
v 1.212897 0.806440 0.110732
v 1.224721 0.800513 0.109678
v 1.216411 0.808029 0.105799
v 1.225723 0.796661 0.098255
v 1.218251 0.788114 0.094077
v 1.209777 0.783419 0.101322
v 1.204791 0.787929 0.098994
v 1.208043 0.784321 0.107271
v 1.208775 0.787272 0.112745
v 1.216247 0.795819 0.116923
v 1.220984 0.799125 0.114507
v 1.231595 0.791355 0.112754
v 1.226455 0.799611 0.103729
v 1.231910 0.788418 0.101023
v 1.222720 0.792452 0.094722
v 1.223063 0.781703 0.096230
v 1.213513 0.784807 0.096493
v 1.213902 0.777924 0.103168
v 1.213587 0.780861 0.114899
v 1.211778 0.791480 0.116278
v 1.222434 0.787576 0.119692
v 1.236769 0.780906 0.114909
v 1.233146 0.790698 0.106723
v 1.238181 0.780529 0.108820
v 1.232358 0.776767 0.098907
v 1.228219 0.785125 0.097182
v 1.226685 0.774389 0.097739
v 1.217822 0.779067 0.098421
v 1.221065 0.772518 0.099772
v 1.215594 0.772032 0.110550
v 1.212351 0.778581 0.109199
v 1.217209 0.773547 0.116407
v 1.217277 0.784154 0.118739
v 1.221417 0.775795 0.120464
v 1.232710 0.780043 0.119599
v 1.227675 0.790212 0.117501
v 1.241369 0.769496 0.109941
v 1.239514 0.768810 0.103999
v 1.236566 0.779014 0.102963
v 1.234979 0.767696 0.099828
v 1.228978 0.766452 0.098545
v 1.218971 0.764852 0.105152
v 1.217006 0.771655 0.104461
v 1.219502 0.765611 0.117213
v 1.230038 0.767969 0.122668
v 1.227090 0.778172 0.121632
v 1.235898 0.769010 0.120720
v 1.240045 0.769569 0.116061
v 1.242586 0.758021 0.110042
v 1.235980 0.758264 0.099911
v 1.229853 0.758199 0.098617
v 1.223118 0.765411 0.100493
v 1.219722 0.757778 0.105214
v 1.217648 0.764925 0.111272
v 1.220377 0.757357 0.117286
v 1.225038 0.757292 0.121468
v 1.224037 0.766725 0.121385
v 1.237115 0.757535 0.120820
v 1.241296 0.757778 0.116164
v 1.241786 0.746546 0.109119
v 1.240640 0.758199 0.104092
v 1.223387 0.750631 0.099963
v 1.223902 0.758021 0.100558
v 1.218431 0.757535 0.111337
v 1.231164 0.757357 0.122761
v 1.236315 0.746060 0.119897
v 1.239000 0.735512 0.107207
v 1.239900 0.747587 0.103238
v 1.233032 0.739761 0.097580
v 1.235322 0.748831 0.099152
v 1.229278 0.749945 0.097953
v 1.221593 0.743524 0.098732
v 1.217511 0.743901 0.103466
v 1.217916 0.750145 0.110742
v 1.219229 0.750704 0.104644
v 1.216122 0.743038 0.109510
v 1.219802 0.749104 0.116622
v 1.222090 0.738790 0.119137
v 1.224380 0.747860 0.120708
v 1.233529 0.735027 0.117985
v 1.237611 0.734650 0.113251
v 1.234334 0.725344 0.104380
v 1.237324 0.737383 0.101471
v 1.229197 0.731402 0.095257
v 1.223918 0.734695 0.094545
v 1.227274 0.742009 0.096578
v 1.218588 0.736975 0.096912
v 1.213117 0.736489 0.107690
v 1.217798 0.741167 0.115247
v 1.214442 0.733853 0.113214
v 1.218255 0.730430 0.116814
v 1.227848 0.736542 0.120139
v 1.223533 0.727138 0.117525
v 1.228864 0.724858 0.115159
v 1.226276 0.715043 0.106614
v 1.232817 0.724201 0.110347
v 1.227123 0.719737 0.095497
v 1.233009 0.727980 0.098857
v 1.219339 0.728284 0.091932
v 1.214488 0.731235 0.094572
v 1.214635 0.737632 0.101723
v 1.209017 0.730749 0.105350
v 1.209863 0.727442 0.110600
v 1.217646 0.718895 0.114166
v 1.218240 0.707527 0.102196
v 1.227969 0.716431 0.100747
v 1.219890 0.712973 0.091521
v 1.223964 0.724076 0.092270
v 1.217535 0.718063 0.088736
v 1.209451 0.726524 0.091803
v 1.205888 0.727627 0.096833
v 1.210710 0.732137 0.099483
v 1.203980 0.726038 0.102581
v 1.206593 0.717091 0.110293
v 1.213022 0.723104 0.113827
v 1.210414 0.712131 0.110189
v 1.222498 0.715945 0.111525
v 1.213223 0.700076 0.090081
v 1.220148 0.709116 0.096447
v 1.213938 0.705921 0.083912
v 1.212182 0.713704 0.080845
v 1.208407 0.721344 0.081730
v 1.213714 0.723023 0.088839
v 1.203626 0.726771 0.086343
v 1.199130 0.728514 0.093442
v 1.196129 0.726105 0.101113
v 1.204237 0.722181 0.107508
v 1.195434 0.720192 0.107289
v 1.197229 0.712376 0.110304
v 1.201022 0.704773 0.109360
v 1.214677 0.708630 0.107226
v 1.205782 0.699415 0.104740
v 1.158310 0.707527 0.071777
v 1.171050 0.700076 0.068674
v 1.166666 0.697703 0.075575
v 1.161824 0.709116 0.066843
v 1.175607 0.705921 0.064456
v 1.165953 0.712973 0.064143
v 1.179120 0.713704 0.064064
v 1.169591 0.718063 0.064400
v 1.180634 0.721344 0.067633
v 1.171763 0.723023 0.067546
v 1.179732 0.726771 0.074215
v 1.171887 0.726524 0.072736
v 1.176656 0.728514 0.082035
v 1.166416 0.726038 0.083514
v 1.172235 0.726105 0.088985
v 1.162287 0.722181 0.086214
v 1.167661 0.720192 0.093192
v 1.158649 0.717091 0.085957
v 1.164167 0.712376 0.093522
v 1.156477 0.712131 0.082812
v 1.162690 0.704773 0.089904
v 1.156353 0.708630 0.077622
v 1.163609 0.699415 0.083334
v 1.153737 0.716431 0.063068
v 1.158474 0.719737 0.060652
v 1.162943 0.724076 0.061297
v 1.165946 0.728284 0.064830
v 1.166679 0.731235 0.070305
v 1.169930 0.727627 0.078581
v 1.161207 0.730749 0.081083
v 1.156470 0.727442 0.083499
v 1.152001 0.723104 0.082854
v 1.148998 0.718895 0.079321
v 1.148266 0.715945 0.073846
v 1.143126 0.724201 0.064821
v 1.150000 0.715043 0.067898
v 1.152287 0.727980 0.057883
v 1.157443 0.731402 0.058836
v 1.162370 0.736975 0.068376
v 1.164944 0.732137 0.076254
v 1.156899 0.736489 0.079155
v 1.146502 0.730430 0.080393
v 1.142811 0.727138 0.076552
v 1.142011 0.735512 0.057976
v 1.147047 0.725344 0.060074
v 1.153304 0.739761 0.057112
v 1.161134 0.734695 0.062677
v 1.159127 0.743524 0.067026
v 1.160820 0.737632 0.074408
v 1.153656 0.743038 0.077804
v 1.151658 0.733853 0.081345
v 1.142362 0.738789 0.078669
v 1.136540 0.735027 0.068755
v 1.141576 0.724858 0.070852
v 1.137951 0.734650 0.062666
v 1.138823 0.746546 0.056856
v 1.147630 0.737383 0.055944
v 1.150684 0.748831 0.056191
v 1.155219 0.749945 0.060362
v 1.157512 0.742009 0.061168
v 1.157074 0.750631 0.066304
v 1.157715 0.743901 0.073115
v 1.151602 0.750145 0.077082
v 1.148036 0.741167 0.079837
v 1.145743 0.749104 0.079031
v 1.139742 0.747860 0.077747
v 1.138154 0.736542 0.074612
v 1.133352 0.746060 0.067634
v 1.134676 0.745987 0.061514
v 1.144682 0.747587 0.054907
v 1.155750 0.750704 0.072424
v 1.135207 0.746746 0.073576
v 1.210241 0.697703 0.097693
v 1.203120 0.696629 0.084779
v 1.204700 0.702777 0.079071
v 1.204131 0.710951 0.076635
v 1.201557 0.718983 0.078136
v 1.197652 0.724716 0.083200
v 1.193467 0.726577 0.090480
v 1.190141 0.724048 0.097999
v 1.188575 0.717830 0.103711
v 1.189179 0.709623 0.106094
v 1.191775 0.701629 0.104535
v 1.195665 0.695966 0.099467
v 1.188541 0.692891 0.086461
v 1.199816 0.694138 0.092240
v 1.192229 0.695424 0.079196
v 1.195718 0.710021 0.072323
v 1.194582 0.718212 0.074561
v 1.191736 0.724061 0.080168
v 1.187939 0.725966 0.087647
v 1.181600 0.717059 0.100136
v 1.180765 0.708693 0.101781
v 1.184773 0.694762 0.093885
v 1.181293 0.696629 0.073700
v 1.184969 0.702777 0.069056
v 1.194854 0.701688 0.074024
v 1.187271 0.710951 0.068077
v 1.187579 0.718983 0.071041
v 1.185796 0.724716 0.077182
v 1.178284 0.724048 0.091981
v 1.184224 0.723394 0.094966
v 1.174597 0.717830 0.096616
v 1.172318 0.709623 0.097535
v 1.181929 0.700540 0.099489
v 1.172044 0.701629 0.094520
v 1.173838 0.695966 0.088388
v 1.177221 0.694138 0.080772
v 1.182390 0.726577 0.084858
v 1.240474 0.745987 0.115216
v 1.230425 0.746746 0.121907
v -0.710296 0.804559 -0.943473
v -0.640644 0.734050 -0.924914
v -0.647423 0.734050 -0.911559
v -0.702700 0.805093 -0.957259
v -0.639826 0.875603 -0.925345
v -0.655638 0.846021 -0.933371
v -0.576818 0.804559 -0.892517
v -0.646471 0.734050 -0.911076
v -0.639692 0.734050 -0.924431
v -0.647423 0.876137 -0.911559
v -0.703518 0.805627 -0.956828
v -0.710296 0.805627 -0.943473
v -0.654291 0.821072 -0.932688
v -0.625361 0.821072 -0.918003
v -0.624014 0.820851 -0.917320
v -0.576953 0.805093 -0.893432
v -0.624014 0.764166 -0.917320
v -0.624014 0.789336 -0.917320
v -0.639826 0.734584 -0.925346
v -0.655638 0.764166 -0.933371
v -0.614389 0.780025 -0.949018
v -0.642900 0.769372 -0.952180
v -0.635733 0.780025 -0.959852
v -0.623047 0.820698 -0.923826
v -0.615900 0.840185 -0.937904
v -0.625361 0.789115 -0.918003
v -0.654291 0.789115 -0.932688
v -0.655638 0.789336 -0.933371
v -0.616351 0.769372 -0.938705
v -0.653909 0.765067 -0.933325
v -0.650958 0.789489 -0.937993
v -0.654584 0.765802 -0.933682
v -0.624014 0.846021 -0.917320
v -0.620047 0.791558 -0.936181
v -0.615900 0.770002 -0.937904
v -0.613988 0.780536 -0.948118
v -0.642900 0.840814 -0.952180
v -0.614389 0.830162 -0.949018
v -0.635733 0.830162 -0.959852
v -0.631150 0.817592 -0.962433
v -0.615010 0.817592 -0.954241
v -0.629522 0.805093 -0.962712
v -0.615747 0.805093 -0.955720
v -0.631150 0.792595 -0.962433
v -0.615010 0.792595 -0.954241
v -0.623047 0.789489 -0.923826
v -0.643812 0.840185 -0.952071
v -0.642755 0.818629 -0.947707
v -0.650958 0.820698 -0.937993
v -0.632158 0.817354 -0.962137
v -0.637845 0.813213 -0.950934
v -0.630539 0.805093 -0.962398
v -0.635679 0.805093 -0.952271
v -0.637845 0.796974 -0.950934
v -0.632158 0.792832 -0.962137
v -0.642755 0.791558 -0.947707
v -0.643812 0.770002 -0.952071
v -0.616352 0.840814 -0.938704
v -0.620047 0.818629 -0.936181
v -0.613988 0.829650 -0.948118
v -0.614655 0.817354 -0.953252
v -0.620341 0.813213 -0.942049
v -0.615400 0.805093 -0.954714
v -0.620341 0.796974 -0.942049
v -0.614655 0.792832 -0.953252
v -0.654584 0.844384 -0.933682
v -0.655638 0.820851 -0.933371
v -0.576818 0.805627 -0.892517
v -0.703518 0.804559 -0.956828
v -0.639692 0.876137 -0.924431
v -0.654490 0.789159 -0.933617
v -0.624493 0.789159 -0.918391
v -0.654490 0.821028 -0.933617
v -0.624493 0.821028 -0.918391
v -0.624386 0.765802 -0.918354
v -0.625073 0.845119 -0.918688
v -0.624386 0.844384 -0.918354
v -0.653909 0.845119 -0.933325
v -0.583597 0.805627 -0.879162
v -0.646471 0.876137 -0.911076
v -0.636696 0.780536 -0.959645
v -0.636696 0.829650 -0.959644
v -0.625073 0.765067 -0.918688
v -0.583597 0.804559 -0.879162
v -0.640644 0.876137 -0.924914
v -0.620540 0.805093 -0.944587
v -0.686314 0.769569 -0.964827
v -0.682955 0.758021 -0.970431
v -0.687136 0.757778 -0.965776
v -0.682155 0.769496 -0.969509
v -0.677004 0.758199 -0.972373
v -0.676265 0.768811 -0.971519
v -0.670878 0.758264 -0.971079
v -0.670220 0.767697 -0.970320
v -0.666217 0.758199 -0.966897
v -0.663756 0.765411 -0.960353
v -0.664272 0.758021 -0.960948
v -0.665069 0.764853 -0.954256
v -0.665562 0.757778 -0.954825
v -0.669742 0.757535 -0.950169
v -0.669227 0.764925 -0.949575
v -0.675693 0.757357 -0.948228
v -0.681162 0.766725 -0.948763
v -0.681820 0.757292 -0.949522
v -0.685741 0.767969 -0.952850
v -0.686480 0.757357 -0.953704
v -0.688426 0.757535 -0.959653
v -0.683451 0.780906 -0.962863
v -0.673688 0.779014 -0.969751
v -0.667930 0.776767 -0.968749
v -0.665642 0.766452 -0.966233
v -0.661962 0.772518 -0.959122
v -0.663351 0.771655 -0.953077
v -0.667433 0.772032 -0.948344
v -0.675118 0.765611 -0.947565
v -0.678872 0.775795 -0.947192
v -0.683164 0.778173 -0.951082
v -0.687626 0.769010 -0.958730
v -0.678657 0.791355 -0.959958
v -0.679369 0.780530 -0.967596
v -0.669374 0.788418 -0.967137
v -0.660282 0.781703 -0.962825
v -0.663638 0.774389 -0.964858
v -0.658957 0.779067 -0.957301
v -0.664428 0.778581 -0.946523
v -0.673114 0.773547 -0.946189
v -0.669758 0.780861 -0.944156
v -0.678849 0.787576 -0.948468
v -0.684840 0.780044 -0.956818
v -0.668338 0.799611 -0.961137
v -0.674704 0.790698 -0.964770
v -0.658862 0.792452 -0.963439
v -0.664095 0.785126 -0.966425
v -0.655704 0.788114 -0.960212
v -0.656550 0.783419 -0.949095
v -0.660475 0.777924 -0.951335
v -0.665179 0.787272 -0.941543
v -0.675037 0.784154 -0.944868
v -0.669804 0.791480 -0.941882
v -0.673809 0.799125 -0.950358
v -0.680174 0.790212 -0.953992
v -0.672116 0.800513 -0.956225
v -0.660517 0.806926 -0.956837
v -0.663486 0.796661 -0.963777
v -0.652433 0.798465 -0.959904
v -0.650078 0.793375 -0.957119
v -0.649820 0.789518 -0.952193
v -0.654857 0.784807 -0.954962
v -0.651728 0.787929 -0.946444
v -0.660328 0.784321 -0.944183
v -0.655291 0.789032 -0.941414
v -0.659554 0.792533 -0.938451
v -0.663375 0.797493 -0.938347
v -0.672962 0.795819 -0.945108
v -0.665988 0.806440 -0.946059
v -0.654857 0.813614 -0.946874
v -0.664080 0.808029 -0.951808
v -0.651541 0.812361 -0.952036
v -0.656254 0.803425 -0.959801
v -0.645055 0.802933 -0.955958
v -0.644039 0.793019 -0.949100
v -0.646194 0.791280 -0.943484
v -0.649510 0.792533 -0.938322
v -0.655996 0.801961 -0.934401
v -0.665730 0.802584 -0.941132
v -0.657012 0.811875 -0.941258
v -0.644801 0.817054 -0.941615
v -0.641755 0.815708 -0.946918
v -0.647953 0.808452 -0.955361
v -0.637010 0.805685 -0.951750
v -0.643622 0.797284 -0.953666
v -0.636583 0.799692 -0.949985
v -0.637736 0.795175 -0.945804
v -0.643207 0.794689 -0.935026
v -0.646059 0.798850 -0.931316
v -0.653098 0.796443 -0.934997
v -0.647952 0.804713 -0.930193
v -0.657429 0.807610 -0.936692
v -0.647226 0.815222 -0.936140
v -0.631535 0.816839 -0.941680
v -0.629452 0.812592 -0.945784
v -0.638903 0.811547 -0.950628
v -0.628609 0.806614 -0.947444
v -0.631154 0.795903 -0.942430
v -0.640161 0.793343 -0.940329
v -0.636625 0.795417 -0.931652
v -0.638708 0.799663 -0.927548
v -0.638928 0.811750 -0.927115
v -0.648379 0.810705 -0.931959
v -0.637006 0.816353 -0.930902
v -0.623757 0.817054 -0.930933
v -0.634300 0.818215 -0.936233
v -0.621275 0.815708 -0.936522
v -0.619963 0.811547 -0.941014
v -0.620174 0.805685 -0.943205
v -0.629232 0.800505 -0.946217
v -0.621852 0.799692 -0.942508
v -0.624546 0.795175 -0.939109
v -0.633860 0.794040 -0.937099
v -0.627534 0.793343 -0.933920
v -0.631328 0.798850 -0.923839
v -0.631117 0.804713 -0.921648
v -0.639551 0.805642 -0.925888
v -0.629439 0.810705 -0.922345
v -0.626745 0.815222 -0.925744
v -0.611367 0.812361 -0.931644
v -0.612030 0.802933 -0.939195
v -0.618165 0.793019 -0.935967
v -0.621426 0.791280 -0.930912
v -0.630017 0.794689 -0.928330
v -0.623636 0.792533 -0.925189
v -0.624201 0.796443 -0.920330
v -0.622972 0.801961 -0.917638
v -0.620277 0.807610 -0.917834
v -0.616838 0.811875 -0.920866
v -0.613576 0.813614 -0.925921
v -0.602193 0.806926 -0.927233
v -0.602317 0.803425 -0.932423
v -0.610801 0.808452 -0.936503
v -0.604489 0.798465 -0.935569
v -0.614726 0.797284 -0.938999
v -0.608127 0.793375 -0.935826
v -0.612256 0.789518 -0.933126
v -0.617727 0.789032 -0.922347
v -0.617603 0.792533 -0.917157
v -0.615431 0.797493 -0.914012
v -0.611793 0.802584 -0.913755
v -0.607664 0.806440 -0.916455
v -0.595840 0.800513 -0.917509
v -0.604150 0.808029 -0.921388
v -0.594838 0.796661 -0.928932
v -0.602310 0.788114 -0.933110
v -0.615770 0.787929 -0.928193
v -0.610784 0.783419 -0.925865
v -0.612518 0.784321 -0.919916
v -0.611786 0.787272 -0.914441
v -0.604314 0.795819 -0.910264
v -0.599577 0.799125 -0.912680
v -0.588966 0.791355 -0.914432
v -0.594105 0.799611 -0.923458
v -0.588651 0.788418 -0.926164
v -0.597841 0.792452 -0.932465
v -0.597498 0.781703 -0.930957
v -0.607048 0.784807 -0.930695
v -0.606659 0.777924 -0.924019
v -0.606974 0.780861 -0.912288
v -0.608783 0.791480 -0.910909
v -0.598127 0.787576 -0.907495
v -0.583791 0.780906 -0.912277
v -0.587416 0.790698 -0.920464
v -0.582380 0.780529 -0.918366
v -0.588202 0.776767 -0.928280
v -0.592342 0.785126 -0.930004
v -0.593876 0.774389 -0.929448
v -0.602739 0.779067 -0.928766
v -0.599496 0.772518 -0.927415
v -0.604967 0.772032 -0.916637
v -0.608210 0.778581 -0.917988
v -0.603352 0.773547 -0.910779
v -0.603283 0.784154 -0.908447
v -0.599144 0.775795 -0.906723
v -0.587851 0.780044 -0.907588
v -0.592887 0.790212 -0.909686
v -0.579192 0.769496 -0.917246
v -0.581046 0.768811 -0.923188
v -0.583994 0.779014 -0.924224
v -0.585582 0.767696 -0.927359
v -0.591583 0.766452 -0.928642
v -0.603555 0.771655 -0.922726
v -0.601590 0.764853 -0.922035
v -0.601059 0.765611 -0.909974
v -0.590522 0.767969 -0.904519
v -0.593470 0.778173 -0.905555
v -0.584663 0.769010 -0.906468
v -0.580516 0.769569 -0.911126
v -0.577975 0.758021 -0.917145
v -0.584581 0.758264 -0.927276
v -0.590708 0.758199 -0.928570
v -0.597443 0.765411 -0.926694
v -0.600839 0.757778 -0.921973
v -0.602913 0.764925 -0.915915
v -0.600183 0.757357 -0.909901
v -0.595523 0.757292 -0.905720
v -0.596524 0.766725 -0.905802
v -0.583446 0.757535 -0.906367
v -0.579265 0.757778 -0.911023
v -0.578774 0.746546 -0.918069
v -0.579920 0.758199 -0.923095
v -0.591283 0.749945 -0.929234
v -0.596659 0.758021 -0.926629
v -0.602129 0.757535 -0.915850
v -0.589396 0.757357 -0.904426
v -0.584246 0.746060 -0.907290
v -0.581561 0.735513 -0.919980
v -0.580660 0.747587 -0.923948
v -0.587529 0.739761 -0.929606
v -0.585239 0.748832 -0.928035
v -0.598968 0.743524 -0.928455
v -0.597174 0.750631 -0.927224
v -0.602644 0.750145 -0.916445
v -0.601332 0.750704 -0.922542
v -0.604439 0.743038 -0.917676
v -0.600759 0.749104 -0.910565
v -0.598471 0.738790 -0.908050
v -0.596180 0.747860 -0.906478
v -0.590136 0.746746 -0.905280
v -0.587032 0.735027 -0.909202
v -0.582950 0.734650 -0.913936
v -0.586226 0.725344 -0.922807
v -0.583237 0.737384 -0.925716
v -0.591364 0.731403 -0.931930
v -0.596643 0.734695 -0.932642
v -0.593287 0.742009 -0.930609
v -0.601973 0.736975 -0.930275
v -0.603050 0.743901 -0.923721
v -0.607444 0.736489 -0.919497
v -0.602763 0.741167 -0.911940
v -0.606119 0.733853 -0.913973
v -0.602306 0.730431 -0.910374
v -0.592713 0.736542 -0.907048
v -0.597027 0.727138 -0.909662
v -0.591697 0.724858 -0.912028
v -0.594285 0.715043 -0.920573
v -0.587744 0.724201 -0.916840
v -0.593438 0.719737 -0.931690
v -0.587552 0.727980 -0.928330
v -0.601222 0.728284 -0.935255
v -0.606073 0.731235 -0.932615
v -0.605926 0.737632 -0.925464
v -0.611544 0.730749 -0.921837
v -0.610697 0.727443 -0.916587
v -0.602914 0.718895 -0.913021
v -0.602321 0.707527 -0.924991
v -0.592592 0.716431 -0.926440
v -0.600671 0.712973 -0.935666
v -0.596597 0.724076 -0.934917
v -0.603026 0.718063 -0.938451
v -0.611110 0.726524 -0.935384
v -0.614673 0.727627 -0.930355
v -0.609851 0.732137 -0.927703
v -0.616581 0.726038 -0.924606
v -0.613968 0.717091 -0.916894
v -0.607539 0.723104 -0.913360
v -0.610147 0.712131 -0.916997
v -0.598063 0.715945 -0.915662
v -0.607338 0.700077 -0.937106
v -0.600413 0.709116 -0.930739
v -0.606622 0.705921 -0.943275
v -0.608379 0.713704 -0.946341
v -0.612154 0.721344 -0.945457
v -0.606847 0.723023 -0.938348
v -0.616934 0.726771 -0.940844
v -0.621431 0.728514 -0.933745
v -0.624432 0.726105 -0.926074
v -0.616323 0.722181 -0.919679
v -0.625127 0.720192 -0.919898
v -0.623332 0.712376 -0.916883
v -0.619539 0.704773 -0.917827
v -0.605884 0.708630 -0.919961
v -0.614778 0.699416 -0.922447
v -0.662251 0.707527 -0.955411
v -0.649511 0.700077 -0.958512
v -0.653894 0.697704 -0.951612
v -0.658737 0.709116 -0.960344
v -0.644954 0.705921 -0.962731
v -0.654608 0.712973 -0.963043
v -0.641441 0.713704 -0.963123
v -0.650970 0.718063 -0.962787
v -0.639927 0.721344 -0.959554
v -0.648798 0.723023 -0.959641
v -0.640829 0.726771 -0.952972
v -0.648673 0.726524 -0.954451
v -0.643905 0.728514 -0.945152
v -0.654145 0.726038 -0.943673
v -0.648326 0.726105 -0.938202
v -0.658274 0.722181 -0.940973
v -0.652900 0.720192 -0.933995
v -0.661912 0.717091 -0.941230
v -0.656393 0.712376 -0.933665
v -0.664084 0.712131 -0.944375
v -0.657871 0.704773 -0.937283
v -0.664208 0.708630 -0.949565
v -0.656951 0.699416 -0.943853
v -0.666824 0.716431 -0.964119
v -0.662087 0.719737 -0.966535
v -0.657618 0.724076 -0.965890
v -0.654614 0.728284 -0.962357
v -0.653882 0.731235 -0.956882
v -0.650631 0.727627 -0.948606
v -0.659353 0.730749 -0.946104
v -0.664091 0.727443 -0.943688
v -0.668560 0.723104 -0.944333
v -0.671563 0.718895 -0.947866
v -0.672295 0.715945 -0.953341
v -0.677435 0.724201 -0.962366
v -0.670561 0.715043 -0.959290
v -0.668274 0.727980 -0.969303
v -0.663117 0.731403 -0.968351
v -0.658191 0.736975 -0.958811
v -0.655617 0.732137 -0.950933
v -0.663662 0.736489 -0.948032
v -0.674059 0.730431 -0.946794
v -0.677750 0.727138 -0.950635
v -0.678550 0.735513 -0.969211
v -0.673514 0.725344 -0.967113
v -0.667257 0.739761 -0.970075
v -0.659426 0.734695 -0.964510
v -0.661434 0.743524 -0.960162
v -0.659741 0.737632 -0.952779
v -0.666905 0.743038 -0.949383
v -0.668903 0.733853 -0.945841
v -0.678199 0.738789 -0.948518
v -0.684021 0.735027 -0.958432
v -0.678985 0.724858 -0.956334
v -0.682609 0.734650 -0.964521
v -0.681738 0.746546 -0.970331
v -0.672930 0.737383 -0.971243
v -0.669877 0.748832 -0.970996
v -0.665342 0.749945 -0.966825
v -0.663049 0.742009 -0.966019
v -0.663487 0.750631 -0.960883
v -0.662846 0.743901 -0.954072
v -0.668958 0.750145 -0.950105
v -0.672525 0.741167 -0.947350
v -0.674818 0.749104 -0.948156
v -0.680819 0.747860 -0.949439
v -0.682406 0.736542 -0.952574
v -0.687209 0.746060 -0.959553
v -0.685885 0.745987 -0.965672
v -0.675878 0.747587 -0.972279
v -0.664811 0.750704 -0.954763
v -0.685354 0.746746 -0.953611
v -0.610320 0.697704 -0.929494
v -0.617440 0.696629 -0.942408
v -0.615861 0.702777 -0.948117
v -0.616430 0.710951 -0.950552
v -0.619004 0.718983 -0.949051
v -0.622909 0.724716 -0.943987
v -0.627094 0.726577 -0.936706
v -0.630420 0.724049 -0.929188
v -0.631986 0.717830 -0.923476
v -0.631382 0.709623 -0.921094
v -0.628786 0.701629 -0.922652
v -0.624895 0.695966 -0.927720
v -0.632020 0.692891 -0.940725
v -0.620745 0.694138 -0.934947
v -0.628332 0.695424 -0.947990
v -0.624843 0.710021 -0.954864
v -0.625979 0.718212 -0.952626
v -0.628825 0.724062 -0.947019
v -0.638961 0.717059 -0.927051
v -0.639796 0.708693 -0.925406
v -0.635787 0.694762 -0.933302
v -0.639268 0.696629 -0.953487
v -0.635592 0.702777 -0.958132
v -0.625706 0.701688 -0.953163
v -0.633290 0.710951 -0.959110
v -0.632982 0.718983 -0.956146
v -0.634765 0.724716 -0.950005
v -0.632622 0.725966 -0.939540
v -0.642277 0.724049 -0.935206
v -0.636336 0.723394 -0.932220
v -0.645963 0.717830 -0.930571
v -0.648243 0.709623 -0.929652
v -0.638632 0.700540 -0.927698
v -0.648517 0.701629 -0.932666
v -0.646723 0.695966 -0.938799
v -0.643339 0.694138 -0.946415
v -0.638171 0.726577 -0.942329
v -0.580087 0.745987 -0.911971
v 0.205681 0.804559 -0.430840
v 0.213599 0.805093 -0.444445
v 0.275708 0.875603 -0.411069
v 0.260089 0.846020 -0.419463
v 0.337932 0.804559 -0.376776
v 0.268732 0.734050 -0.396959
v 0.267792 0.876137 -0.397464
v 0.205681 0.805627 -0.430840
v 0.261419 0.821072 -0.418748
v 0.289998 0.821072 -0.403391
v 0.291328 0.820851 -0.402676
v 0.337819 0.805093 -0.377694
v 0.291328 0.764166 -0.402676
v 0.291328 0.789335 -0.402676
v 0.275709 0.734584 -0.411069
v 0.260089 0.764166 -0.419463
v 0.301692 0.780025 -0.434141
v 0.273264 0.769372 -0.437968
v 0.280608 0.780025 -0.445471
v 0.290981 0.844384 -0.403718
v 0.292448 0.820697 -0.409157
v 0.299921 0.840185 -0.423064
v 0.289998 0.789115 -0.403391
v 0.261419 0.789115 -0.418748
v 0.260089 0.789335 -0.419463
v 0.299489 0.769372 -0.423876
v 0.261816 0.765067 -0.419376
v 0.264876 0.789489 -0.423974
v 0.261150 0.765802 -0.419748
v 0.291328 0.846020 -0.402676
v 0.295735 0.791558 -0.421439
v 0.299921 0.770002 -0.423065
v 0.302072 0.780536 -0.433231
v 0.273264 0.840814 -0.437968
v 0.301692 0.830162 -0.434141
v 0.280608 0.830162 -0.445471
v 0.285249 0.817592 -0.447943
v 0.301193 0.817592 -0.439376
v 0.286884 0.805093 -0.448184
v 0.300492 0.805093 -0.440872
v 0.285250 0.792595 -0.447944
v 0.301193 0.792595 -0.439376
v 0.292448 0.789489 -0.409157
v 0.272349 0.840185 -0.437881
v 0.273303 0.818629 -0.433493
v 0.264875 0.820697 -0.423974
v 0.284235 0.817354 -0.447671
v 0.278288 0.813213 -0.436604
v 0.285860 0.805093 -0.447894
v 0.280484 0.805093 -0.437890
v 0.278288 0.796974 -0.436604
v 0.284235 0.792832 -0.447671
v 0.273303 0.791558 -0.433493
v 0.272349 0.770002 -0.437881
v 0.299489 0.840814 -0.423876
v 0.295735 0.818629 -0.421439
v 0.302072 0.829650 -0.433231
v 0.301526 0.817354 -0.438380
v 0.295579 0.813213 -0.427312
v 0.300815 0.805093 -0.439858
v 0.295579 0.796974 -0.427312
v 0.301526 0.792832 -0.438380
v 0.261242 0.821028 -0.419682
v 0.260089 0.820851 -0.419463
v 0.337932 0.805627 -0.376776
v 0.212771 0.804559 -0.444032
v 0.212771 0.805627 -0.444032
v 0.275821 0.876137 -0.410151
v 0.274881 0.876137 -0.410657
v 0.261242 0.789159 -0.419682
v 0.290875 0.821028 -0.403758
v 0.290981 0.765802 -0.403718
v 0.275822 0.734050 -0.410151
v 0.274881 0.734050 -0.410657
v 0.290302 0.845119 -0.404068
v 0.261816 0.845119 -0.419376
v 0.261150 0.844384 -0.419748
v 0.330843 0.805627 -0.363583
v 0.268732 0.876137 -0.396959
v 0.267792 0.734050 -0.397464
v 0.279640 0.780536 -0.445286
v 0.279640 0.829650 -0.445285
v 0.290302 0.765067 -0.404068
v 0.330843 0.804559 -0.363583
v 0.290875 0.789159 -0.403758
v 0.295439 0.805093 -0.429854
v 0.230157 0.769569 -0.451627
v 0.233646 0.758021 -0.457151
v 0.229358 0.757778 -0.452595
v 0.234424 0.769496 -0.456210
v 0.239640 0.758199 -0.458953
v 0.240360 0.768810 -0.458082
v 0.245735 0.758264 -0.457516
v 0.246375 0.767696 -0.456742
v 0.250297 0.758199 -0.453227
v 0.252604 0.765411 -0.446627
v 0.252103 0.758021 -0.447234
v 0.251149 0.764852 -0.440562
v 0.250670 0.757778 -0.441143
v 0.246381 0.757535 -0.436586
v 0.246882 0.764925 -0.435980
v 0.240387 0.757357 -0.434785
v 0.234932 0.766725 -0.435447
v 0.234292 0.757292 -0.436221
v 0.230450 0.767969 -0.439640
v 0.229730 0.757357 -0.440511
v 0.227924 0.757535 -0.446504
v 0.232973 0.780906 -0.449597
v 0.242894 0.779014 -0.456254
v 0.248627 0.776767 -0.455118
v 0.250856 0.766452 -0.452549
v 0.254369 0.772518 -0.445354
v 0.252839 0.771655 -0.439344
v 0.248648 0.772032 -0.434707
v 0.240946 0.765611 -0.434107
v 0.237184 0.775795 -0.433823
v 0.232985 0.778173 -0.437812
v 0.228702 0.769010 -0.445562
v 0.237698 0.791355 -0.446580
v 0.237165 0.780529 -0.454233
v 0.247147 0.788418 -0.453540
v 0.256135 0.781703 -0.449017
v 0.252828 0.774389 -0.451128
v 0.257331 0.779067 -0.443464
v 0.251609 0.778581 -0.432816
v 0.242918 0.773547 -0.432686
v 0.246225 0.780861 -0.430575
v 0.237237 0.787576 -0.435098
v 0.231443 0.780043 -0.443586
v 0.248042 0.799611 -0.447518
v 0.241763 0.790698 -0.451299
v 0.257569 0.792452 -0.449597
v 0.252407 0.785126 -0.452705
v 0.260651 0.788114 -0.446297
v 0.259545 0.783419 -0.435203
v 0.255674 0.777924 -0.437534
v 0.250741 0.787272 -0.427855
v 0.240965 0.784154 -0.431410
v 0.246126 0.791480 -0.428302
v 0.242320 0.799125 -0.436870
v 0.236041 0.790212 -0.440651
v 0.244150 0.800513 -0.442696
v 0.255760 0.806926 -0.443036
v 0.252953 0.796661 -0.450043
v 0.263914 0.798465 -0.445913
v 0.266202 0.793375 -0.443074
v 0.266346 0.789518 -0.438143
v 0.261374 0.784807 -0.441029
v 0.264303 0.787929 -0.432441
v 0.255653 0.784321 -0.430381
v 0.260624 0.789032 -0.427495
v 0.256293 0.792533 -0.424632
v 0.252471 0.797493 -0.424618
v 0.243043 0.795819 -0.431602
v 0.250039 0.806440 -0.432389
v 0.261186 0.813614 -0.432943
v 0.252081 0.808029 -0.438091
v 0.264621 0.812361 -0.438027
v 0.260091 0.803425 -0.445899
v 0.271198 0.802933 -0.441795
v 0.272053 0.793019 -0.434916
v 0.269766 0.791280 -0.429352
v 0.266331 0.792533 -0.424269
v 0.259754 0.801961 -0.420500
v 0.250181 0.802583 -0.427458
v 0.258900 0.811875 -0.427379
v 0.271115 0.817054 -0.427451
v 0.274285 0.815708 -0.432681
v 0.268286 0.808452 -0.441267
v 0.279141 0.805684 -0.437401
v 0.272576 0.797284 -0.439471
v 0.279527 0.799692 -0.435626
v 0.278276 0.795175 -0.431473
v 0.272555 0.794689 -0.420826
v 0.269617 0.798850 -0.417184
v 0.262667 0.796443 -0.421028
v 0.267698 0.804713 -0.416106
v 0.258376 0.807610 -0.422825
v 0.268564 0.815222 -0.422034
v 0.284379 0.816839 -0.427205
v 0.286558 0.812592 -0.431259
v 0.277223 0.811547 -0.436323
v 0.287439 0.806614 -0.432899
v 0.284778 0.795903 -0.427947
v 0.275725 0.793343 -0.426056
v 0.279056 0.795417 -0.417299
v 0.276878 0.799663 -0.413245
v 0.276648 0.811750 -0.412817
v 0.267313 0.810705 -0.417881
v 0.278658 0.816352 -0.416558
v 0.291904 0.817054 -0.416280
v 0.281488 0.818215 -0.421824
v 0.294517 0.815708 -0.421809
v 0.295933 0.811547 -0.426269
v 0.295773 0.805684 -0.428464
v 0.286788 0.800505 -0.431687
v 0.294079 0.799692 -0.427806
v 0.291307 0.795175 -0.424471
v 0.281948 0.794040 -0.422680
v 0.284169 0.798850 -0.409364
v 0.284330 0.804713 -0.407169
v 0.275996 0.805642 -0.411604
v 0.286023 0.810705 -0.407827
v 0.288795 0.815222 -0.411162
v 0.304308 0.812361 -0.416701
v 0.303821 0.802933 -0.424265
v 0.297613 0.793019 -0.421181
v 0.288198 0.793343 -0.419354
v 0.294234 0.791280 -0.416204
v 0.285586 0.794689 -0.413824
v 0.291891 0.792533 -0.410534
v 0.291212 0.796443 -0.405689
v 0.292378 0.801961 -0.402970
v 0.295077 0.807610 -0.403103
v 0.298586 0.811875 -0.406053
v 0.301965 0.813614 -0.411031
v 0.313376 0.806926 -0.412076
v 0.313373 0.803425 -0.417268
v 0.304987 0.808452 -0.421545
v 0.311275 0.798465 -0.420463
v 0.301122 0.797284 -0.424131
v 0.307644 0.793375 -0.420805
v 0.303453 0.789518 -0.418203
v 0.297731 0.789032 -0.407555
v 0.297734 0.792533 -0.402363
v 0.299832 0.797493 -0.399168
v 0.303463 0.802583 -0.398826
v 0.307654 0.806440 -0.401429
v 0.319499 0.800513 -0.402206
v 0.311283 0.808029 -0.406279
v 0.320768 0.796661 -0.413603
v 0.313396 0.788114 -0.417955
v 0.304755 0.783419 -0.410909
v 0.299825 0.787929 -0.413353
v 0.302882 0.784321 -0.405003
v 0.303486 0.787272 -0.399512
v 0.310859 0.795819 -0.395161
v 0.315651 0.799125 -0.397465
v 0.326300 0.791355 -0.398970
v 0.321373 0.799611 -0.408113
v 0.326889 0.788418 -0.410690
v 0.317849 0.792452 -0.417205
v 0.318156 0.781703 -0.415689
v 0.308603 0.784807 -0.415650
v 0.308835 0.777924 -0.408968
v 0.308246 0.780861 -0.397247
v 0.306406 0.791480 -0.395910
v 0.316979 0.787576 -0.392249
v 0.331423 0.780906 -0.396694
v 0.327991 0.790698 -0.404963
v 0.332976 0.780529 -0.402749
v 0.327387 0.776767 -0.412796
v 0.323289 0.785126 -0.414616
v 0.321742 0.774389 -0.414096
v 0.312866 0.779067 -0.413622
v 0.316077 0.772518 -0.412195
v 0.310355 0.772032 -0.401548
v 0.307144 0.778581 -0.402974
v 0.311832 0.773547 -0.395654
v 0.311846 0.784154 -0.393321
v 0.315944 0.775795 -0.391501
v 0.327255 0.780043 -0.392101
v 0.322269 0.790212 -0.394316
v 0.336137 0.769496 -0.401554
v 0.334422 0.768810 -0.407537
v 0.331499 0.779014 -0.408642
v 0.329985 0.767696 -0.411814
v 0.324016 0.766452 -0.413237
v 0.311909 0.771655 -0.407602
v 0.313857 0.764852 -0.406866
v 0.314106 0.765611 -0.394795
v 0.324512 0.767969 -0.389095
v 0.321589 0.778173 -0.390200
v 0.330415 0.769010 -0.390906
v 0.334670 0.769569 -0.395466
v 0.337351 0.758021 -0.401425
v 0.330984 0.758264 -0.411708
v 0.324889 0.758199 -0.413144
v 0.318112 0.765411 -0.411426
v 0.314606 0.757778 -0.406786
v 0.312391 0.764925 -0.400778
v 0.314979 0.757357 -0.394702
v 0.319541 0.757292 -0.390413
v 0.318542 0.766725 -0.390518
v 0.331630 0.757535 -0.390777
v 0.335918 0.757778 -0.395334
v 0.335545 0.758199 -0.407418
v 0.330344 0.748831 -0.412481
v 0.318895 0.758021 -0.411343
v 0.313173 0.757535 -0.400695
v 0.318901 0.747860 -0.391186
v 0.325635 0.757357 -0.388976
v 0.330852 0.746060 -0.391719
v 0.335119 0.745987 -0.396301
v 0.333833 0.735512 -0.404343
v 0.336573 0.746546 -0.402366
v 0.334826 0.747587 -0.408289
v 0.328091 0.739761 -0.414106
v 0.324330 0.749945 -0.413821
v 0.316628 0.743524 -0.413222
v 0.318394 0.750631 -0.411949
v 0.314127 0.750704 -0.407367
v 0.312672 0.750145 -0.401302
v 0.310907 0.743038 -0.402574
v 0.314420 0.749104 -0.395379
v 0.316648 0.738790 -0.392811
v 0.328111 0.735027 -0.393695
v 0.332303 0.734650 -0.398332
v 0.329235 0.725344 -0.407278
v 0.332291 0.737384 -0.410116
v 0.324311 0.731402 -0.416519
v 0.319051 0.734695 -0.417354
v 0.322358 0.742009 -0.415243
v 0.313667 0.736975 -0.415112
v 0.312437 0.743901 -0.408585
v 0.307945 0.736489 -0.404465
v 0.312448 0.741167 -0.396801
v 0.309141 0.733853 -0.398912
v 0.312868 0.730431 -0.395224
v 0.322381 0.736542 -0.391674
v 0.318129 0.727138 -0.394388
v 0.323513 0.724858 -0.396630
v 0.321126 0.715043 -0.405233
v 0.327578 0.724201 -0.401348
v 0.322232 0.719737 -0.416327
v 0.328039 0.727980 -0.412831
v 0.314535 0.728284 -0.420073
v 0.309623 0.731235 -0.417547
v 0.309602 0.737632 -0.410395
v 0.303901 0.730749 -0.406900
v 0.304625 0.727443 -0.401631
v 0.312322 0.718895 -0.397885
v 0.313195 0.707527 -0.409838
v 0.322956 0.716431 -0.411059
v 0.315094 0.712973 -0.420471
v 0.319150 0.724076 -0.419627
v 0.312805 0.718063 -0.423310
v 0.304652 0.726524 -0.420434
v 0.300972 0.727627 -0.415488
v 0.305731 0.732137 -0.412726
v 0.298930 0.726038 -0.409786
v 0.301362 0.717091 -0.402016
v 0.307707 0.723104 -0.398332
v 0.305184 0.712131 -0.402030
v 0.317234 0.715945 -0.400411
v 0.308464 0.700077 -0.422067
v 0.315237 0.709116 -0.415540
v 0.309323 0.705921 -0.428217
v 0.307638 0.713704 -0.431324
v 0.303844 0.721344 -0.430528
v 0.308983 0.723023 -0.423296
v 0.298956 0.726771 -0.426028
v 0.294295 0.728514 -0.419036
v 0.291116 0.726105 -0.411437
v 0.299073 0.722181 -0.404855
v 0.290276 0.720192 -0.405280
v 0.292001 0.712376 -0.402223
v 0.295815 0.704773 -0.403078
v 0.309515 0.708630 -0.404893
v 0.300682 0.699416 -0.407585
v 0.253993 0.707527 -0.441650
v 0.266803 0.700077 -0.444454
v 0.262258 0.697704 -0.437657
v 0.257621 0.709116 -0.446500
v 0.271457 0.705921 -0.448564
v 0.261813 0.712973 -0.449103
v 0.274978 0.713704 -0.448874
v 0.265444 0.718063 -0.448760
v 0.276408 0.721344 -0.445271
v 0.267541 0.723023 -0.445566
v 0.275353 0.726771 -0.438711
v 0.267544 0.726524 -0.440374
v 0.272094 0.728514 -0.430966
v 0.261823 0.726038 -0.429726
v 0.267512 0.726105 -0.424121
v 0.257632 0.722181 -0.427123
v 0.262841 0.720192 -0.420022
v 0.254001 0.717091 -0.427465
v 0.259341 0.712376 -0.419774
v 0.251903 0.712131 -0.430661
v 0.257948 0.704773 -0.423426
v 0.251900 0.708630 -0.435853
v 0.259021 0.699416 -0.429972
v 0.249625 0.716431 -0.450463
v 0.254417 0.719737 -0.452768
v 0.258870 0.724076 -0.452019
v 0.261790 0.728284 -0.448416
v 0.262394 0.731235 -0.442926
v 0.265451 0.727627 -0.434576
v 0.256672 0.730749 -0.432279
v 0.251880 0.727442 -0.429974
v 0.247427 0.723104 -0.430724
v 0.244507 0.718895 -0.434326
v 0.243903 0.715945 -0.439816
v 0.238976 0.724201 -0.448959
v 0.245776 0.715043 -0.445723
v 0.248297 0.727980 -0.455680
v 0.253430 0.731402 -0.454608
v 0.258131 0.736975 -0.444955
v 0.260521 0.732137 -0.437019
v 0.252410 0.736489 -0.434307
v 0.241987 0.730431 -0.433313
v 0.238387 0.727138 -0.437238
v 0.238021 0.735512 -0.455828
v 0.243006 0.725344 -0.453613
v 0.249332 0.739761 -0.456428
v 0.257030 0.734695 -0.450682
v 0.254921 0.743524 -0.446381
v 0.256440 0.737632 -0.438961
v 0.249199 0.743038 -0.435733
v 0.247119 0.733853 -0.432240
v 0.237889 0.738789 -0.435133
v 0.232300 0.735027 -0.445180
v 0.237285 0.724858 -0.442965
v 0.233854 0.734650 -0.451234
v 0.234860 0.746546 -0.457023
v 0.243687 0.737383 -0.457729
v 0.246734 0.748831 -0.457410
v 0.251170 0.749945 -0.453134
v 0.253444 0.742009 -0.452275
v 0.252885 0.750631 -0.447151
v 0.253367 0.743901 -0.440327
v 0.247163 0.750145 -0.436503
v 0.243534 0.741167 -0.433833
v 0.241260 0.749104 -0.434692
v 0.235291 0.747860 -0.436115
v 0.233777 0.736542 -0.439287
v 0.229139 0.746060 -0.446375
v 0.230606 0.745987 -0.452462
v 0.240764 0.747587 -0.458833
v 0.251419 0.750704 -0.441063
v 0.230854 0.746746 -0.440392
v 0.305304 0.697704 -0.414527
v 0.298487 0.696629 -0.427603
v 0.300200 0.702777 -0.433273
v 0.299688 0.710951 -0.435721
v 0.297079 0.718983 -0.434281
v 0.293058 0.724716 -0.429310
v 0.288703 0.726577 -0.422129
v 0.285202 0.724048 -0.414691
v 0.283503 0.717830 -0.409016
v 0.284051 0.709623 -0.406621
v 0.286682 0.701629 -0.408118
v 0.290691 0.695966 -0.413093
v 0.283873 0.692891 -0.426262
v 0.295009 0.694138 -0.420222
v 0.287729 0.695424 -0.433439
v 0.291378 0.710021 -0.440230
v 0.290190 0.718212 -0.438018
v 0.287214 0.724061 -0.432480
v 0.283243 0.725966 -0.425091
v 0.276614 0.717059 -0.412753
v 0.275741 0.708693 -0.411129
v 0.279932 0.694762 -0.418929
v 0.276925 0.696629 -0.439190
v 0.280709 0.702777 -0.443747
v 0.290475 0.701688 -0.438549
v 0.283032 0.710951 -0.444672
v 0.283271 0.718983 -0.441701
v 0.281345 0.724716 -0.435603
v 0.273489 0.724048 -0.420984
v 0.279358 0.723394 -0.417861
v 0.269695 0.717830 -0.416436
v 0.267395 0.709623 -0.415571
v 0.276958 0.700540 -0.413393
v 0.267191 0.701629 -0.418592
v 0.269128 0.695966 -0.424680
v 0.272689 0.694138 -0.432215
v 0.277760 0.726577 -0.428009
v 0.324916 0.746746 -0.389847
v 0.588603 0.804559 1.178124
v 0.641588 0.734050 1.226997
v 0.649234 0.734050 1.214118
v 0.581031 0.805093 1.191925
v 0.641662 0.875603 1.227919
v 0.626415 0.846020 1.218867
v 0.650152 0.734050 1.214664
v 0.642507 0.734050 1.227542
v 0.649234 0.876137 1.214118
v 0.588603 0.805627 1.178124
v 0.627713 0.821072 1.219638
v 0.655611 0.821072 1.236199
v 0.656910 0.820851 1.236971
v 0.702292 0.805093 1.263912
v 0.656910 0.764166 1.236971
v 0.656910 0.789335 1.236971
v 0.641662 0.734584 1.227919
v 0.626415 0.764166 1.218867
v 0.635300 0.780025 1.262080
v 0.617357 0.769372 1.239699
v 0.614718 0.780025 1.249861
v 0.655837 0.844384 1.237211
v 0.651935 0.820697 1.241273
v 0.643875 0.840185 1.254849
v 0.655611 0.789115 1.236199
v 0.627713 0.789115 1.219638
v 0.626415 0.789335 1.218867
v 0.642957 0.769372 1.254897
v 0.625019 0.789489 1.225294
v 0.656910 0.846020 1.236971
v 0.643109 0.791558 1.250424
v 0.643875 0.770002 1.254849
v 0.636275 0.780536 1.261936
v 0.617357 0.840814 1.239699
v 0.635300 0.830162 1.262080
v 0.614718 0.830162 1.249861
v 0.614993 0.817592 1.255112
v 0.630558 0.817592 1.264352
v 0.615631 0.805093 1.256637
v 0.628914 0.805093 1.264523
v 0.614993 0.792595 1.255112
v 0.630558 0.792595 1.264352
v 0.651935 0.789489 1.241273
v 0.655837 0.765802 1.237211
v 0.616960 0.840185 1.238870
v 0.621211 0.818628 1.237425
v 0.625019 0.820697 1.225294
v 0.614704 0.817354 1.254102
v 0.621117 0.813212 1.243299
v 0.615351 0.805093 1.255611
v 0.621148 0.805093 1.245845
v 0.621117 0.796974 1.243299
v 0.614704 0.792832 1.254102
v 0.621211 0.791558 1.237425
v 0.616960 0.770002 1.238870
v 0.627380 0.845119 1.220302
v 0.642957 0.840814 1.254897
v 0.643109 0.818628 1.250424
v 0.636275 0.829650 1.261936
v 0.631583 0.817354 1.264123
v 0.637996 0.813212 1.253320
v 0.629949 0.805093 1.264277
v 0.637996 0.796974 1.253320
v 0.631583 0.792832 1.264123
v 0.626415 0.820851 1.218867
v 0.703137 0.804559 1.263535
v 0.703137 0.805627 1.263535
v 0.580958 0.805627 1.191003
v 0.642507 0.876137 1.227542
v 0.641588 0.876137 1.226997
v 0.626822 0.789159 1.219968
v 0.626821 0.821027 1.219968
v 0.655748 0.821027 1.237140
v 0.627380 0.765067 1.220302
v 0.626717 0.765802 1.219923
v 0.655188 0.845119 1.236810
v 0.626717 0.844384 1.219923
v 0.710783 0.805627 1.250657
v 0.580958 0.804559 1.191003
v 0.650152 0.876137 1.214664
v 0.614377 0.780536 1.248936
v 0.614377 0.829650 1.248936
v 0.655188 0.765067 1.236810
v 0.710783 0.804559 1.250657
v 0.655748 0.789159 1.237140
v 0.635747 0.805093 1.254511
v 0.583419 0.769569 1.209815
v 0.580487 0.758021 1.215654
v 0.582178 0.757778 1.209630
v 0.581695 0.769496 1.215835
v 0.582036 0.758199 1.221719
v 0.583153 0.768810 1.221886
v 0.586410 0.758264 1.226199
v 0.587403 0.767696 1.226347
v 0.592438 0.758199 1.227894
v 0.599282 0.765411 1.226466
v 0.598504 0.758021 1.226350
v 0.603728 0.764852 1.222092
v 0.604674 0.757535 1.215956
v 0.602982 0.757778 1.221980
v 0.605452 0.764925 1.216073
v 0.603125 0.757357 1.209892
v 0.599743 0.766725 1.205560
v 0.598751 0.757292 1.205411
v 0.593840 0.767969 1.203883
v 0.592723 0.757357 1.203716
v 0.586657 0.757535 1.205260
v 0.586612 0.780906 1.211180
v 0.586026 0.779014 1.223114
v 0.589957 0.776766 1.227439
v 0.593307 0.766452 1.228024
v 0.601283 0.772518 1.227322
v 0.605643 0.771655 1.222911
v 0.607453 0.772032 1.216928
v 0.603994 0.765611 1.210021
v 0.602298 0.775795 1.206652
v 0.596714 0.778172 1.205111
v 0.587865 0.769010 1.205441
v 0.591633 0.791355 1.213672
v 0.584802 0.780529 1.217163
v 0.590544 0.788418 1.225357
v 0.599056 0.781703 1.230724
v 0.595542 0.774389 1.228980
v 0.604430 0.779067 1.228884
v 0.610600 0.778581 1.218490
v 0.606229 0.773547 1.210977
v 0.609743 0.780861 1.212721
v 0.601232 0.787576 1.207354
v 0.590972 0.780043 1.206769
v 0.596166 0.799611 1.223018
v 0.589688 0.790698 1.219589
v 0.599299 0.792452 1.232252
v 0.593974 0.785125 1.229433
v 0.603715 0.788114 1.233190
v 0.612649 0.783419 1.226520
v 0.608655 0.777924 1.224406
v 0.614402 0.787272 1.215188
v 0.606315 0.784154 1.208646
v 0.611639 0.791480 1.211464
v 0.602336 0.799125 1.212623
v 0.595858 0.790212 1.209195
v 0.598289 0.800513 1.217196
v 0.603986 0.806926 1.227318
v 0.596535 0.796661 1.228528
v 0.605728 0.798465 1.235788
v 0.609340 0.793375 1.236284
v 0.613638 0.789518 1.233862
v 0.608602 0.784807 1.231092
v 0.617470 0.787929 1.229172
v 0.614772 0.784321 1.220698
v 0.619809 0.789032 1.223468
v 0.620028 0.792533 1.218281
v 0.618068 0.797493 1.214999
v 0.607222 0.795819 1.210526
v 0.610157 0.806440 1.216924
v 0.615431 0.813614 1.226760
v 0.606325 0.808029 1.221615
v 0.612849 0.812361 1.232326
v 0.603767 0.803425 1.232506
v 0.613012 0.802933 1.239903
v 0.619347 0.793019 1.237087
v 0.622934 0.791280 1.232259
v 0.625517 0.792533 1.226693
v 0.625353 0.801961 1.219115
v 0.614455 0.802583 1.214503
v 0.619019 0.811875 1.221931
v 0.625259 0.817054 1.232434
v 0.622413 0.815708 1.237846
v 0.611963 0.808451 1.237136
v 0.620875 0.805684 1.244442
v 0.615715 0.797284 1.239885
v 0.622594 0.799692 1.243857
v 0.625507 0.795175 1.240643
v 0.631677 0.794689 1.230249
v 0.633282 0.798850 1.225854
v 0.626402 0.796443 1.221883
v 0.633215 0.804713 1.223654
v 0.622651 0.807610 1.219133
v 0.628584 0.815222 1.227453
v 0.632311 0.816838 1.243670
v 0.629962 0.812592 1.247627
v 0.620808 0.811547 1.242242
v 0.629011 0.806613 1.249229
v 0.631881 0.795902 1.244394
v 0.628831 0.793343 1.235662
v 0.638052 0.795417 1.234000
v 0.640401 0.799663 1.230043
v 0.640649 0.811750 1.229625
v 0.631496 0.810705 1.224239
v 0.638481 0.816352 1.233276
v 0.645552 0.817054 1.244481
v 0.635430 0.818215 1.238417
v 0.642163 0.815708 1.249571
v 0.639072 0.811547 1.253085
v 0.637110 0.805684 1.254080
v 0.629714 0.800505 1.248045
v 0.636800 0.799692 1.252290
v 0.638227 0.795175 1.248195
v 0.634933 0.794040 1.239253
v 0.641007 0.793343 1.242891
v 0.647487 0.798850 1.234287
v 0.649450 0.804713 1.233292
v 0.641352 0.805642 1.228441
v 0.649760 0.810705 1.235082
v 0.648333 0.815222 1.239177
v 0.651589 0.812361 1.255324
v 0.644859 0.802933 1.258809
v 0.644298 0.793019 1.251900
v 0.646819 0.791280 1.246438
v 0.644397 0.794689 1.237800
v 0.650468 0.792533 1.241506
v 0.654268 0.796443 1.238425
v 0.657199 0.801961 1.238021
v 0.658478 0.807610 1.240402
v 0.657760 0.811875 1.244930
v 0.655239 0.813614 1.250392
v 0.660229 0.806926 1.260707
v 0.655780 0.803425 1.263383
v 0.647790 0.808451 1.258405
v 0.651961 0.798465 1.263234
v 0.643580 0.797284 1.256428
v 0.649794 0.793375 1.260300
v 0.649862 0.789518 1.255367
v 0.656033 0.789032 1.244973
v 0.660481 0.792533 1.242297
v 0.664301 0.797493 1.242446
v 0.666468 0.802583 1.245380
v 0.666400 0.806440 1.250313
v 0.671843 0.800513 1.260862
v 0.664116 0.808029 1.255923
v 0.662734 0.796661 1.267828
v 0.655204 0.788114 1.263757
v 0.656782 0.783419 1.252720
v 0.652145 0.787929 1.249757
v 0.660876 0.784321 1.248068
v 0.665891 0.787272 1.245754
v 0.673422 0.795819 1.249825
v 0.673920 0.799125 1.255120
v 0.678124 0.791355 1.265019
v 0.667749 0.799611 1.265514
v 0.668387 0.788418 1.271569
v 0.658142 0.792452 1.267184
v 0.659600 0.781703 1.266666
v 0.654706 0.784807 1.258462
v 0.660550 0.777924 1.255214
v 0.670287 0.780861 1.248663
v 0.670483 0.791480 1.246397
v 0.679074 0.787576 1.253566
v 0.682715 0.780906 1.268233
v 0.673861 0.790698 1.269559
v 0.678330 0.780529 1.272687
v 0.666840 0.776767 1.273082
v 0.663166 0.785125 1.270510
v 0.662814 0.774389 1.268916
v 0.658642 0.779067 1.261067
v 0.661520 0.772518 1.263082
v 0.667691 0.772032 1.252689
v 0.664813 0.778581 1.250674
v 0.673501 0.773547 1.250914
v 0.675507 0.784154 1.249722
v 0.679181 0.775795 1.252294
v 0.684500 0.780043 1.262293
v 0.680032 0.790212 1.259165
v 0.680984 0.769496 1.274778
v 0.674974 0.768810 1.276396
v 0.672519 0.779014 1.274462
v 0.669022 0.767696 1.274801
v 0.664723 0.766452 1.270421
v 0.663305 0.771655 1.257142
v 0.664941 0.764852 1.258432
v 0.675410 0.765611 1.252418
v 0.685661 0.767969 1.258393
v 0.683207 0.778172 1.256459
v 0.687155 0.769010 1.264385
v 0.685443 0.769569 1.270382
v 0.681722 0.758021 1.275753
v 0.669628 0.758264 1.275601
v 0.665254 0.758199 1.271121
v 0.663230 0.765411 1.264429
v 0.665396 0.757778 1.259033
v 0.669400 0.764925 1.254035
v 0.675941 0.757357 1.253119
v 0.681968 0.757292 1.254814
v 0.681362 0.766725 1.254013
v 0.687892 0.757535 1.265359
v 0.686200 0.757778 1.271383
v 0.680513 0.746546 1.275572
v 0.675655 0.758199 1.277296
v 0.668634 0.748831 1.275453
v 0.662926 0.750631 1.264940
v 0.663704 0.758021 1.265056
v 0.669097 0.750145 1.254547
v 0.669875 0.757535 1.254663
v 0.675071 0.749104 1.252988
v 0.686343 0.757357 1.259294
v 0.684959 0.745987 1.271197
v 0.677406 0.735512 1.274243
v 0.666081 0.739761 1.274361
v 0.664384 0.749945 1.270991
v 0.660926 0.743524 1.264084
v 0.662736 0.743901 1.258102
v 0.664651 0.750704 1.258921
v 0.667095 0.743038 1.253691
v 0.678421 0.738790 1.253573
v 0.680975 0.747860 1.254665
v 0.685226 0.746746 1.259127
v 0.683577 0.735027 1.263850
v 0.686684 0.746060 1.265178
v 0.681766 0.734650 1.269832
v 0.672520 0.725344 1.271818
v 0.671665 0.737383 1.275901
v 0.662064 0.731402 1.272367
v 0.658635 0.734695 1.268291
v 0.662150 0.742009 1.270036
v 0.657778 0.736975 1.262523
v 0.663948 0.736489 1.252128
v 0.672837 0.741167 1.252033
v 0.669322 0.733853 1.250289
v 0.674405 0.730430 1.251580
v 0.682352 0.736542 1.257898
v 0.677833 0.727138 1.255656
v 0.678691 0.724858 1.261424
v 0.670090 0.715043 1.263817
v 0.676746 0.724201 1.267340
v 0.661156 0.719737 1.270487
v 0.667146 0.727980 1.273658
v 0.653976 0.728284 1.265825
v 0.653606 0.731235 1.260314
v 0.659723 0.737632 1.256606
v 0.659777 0.730749 1.249920
v 0.664663 0.727442 1.247822
v 0.671843 0.718895 1.252485
v 0.662054 0.707527 1.259398
v 0.666042 0.716431 1.268389
v 0.653923 0.712973 1.266510
v 0.656739 0.724076 1.269548
v 0.650310 0.718063 1.266013
v 0.648569 0.726524 1.257544
v 0.655729 0.732137 1.254492
v 0.650908 0.727627 1.251841
v 0.654740 0.726038 1.247150
v 0.662651 0.717091 1.245226
v 0.669080 0.723104 1.248761
v 0.664611 0.712131 1.248507
v 0.672213 0.715945 1.257995
v 0.649136 0.700076 1.261653
v 0.658222 0.709116 1.264088
v 0.644311 0.705921 1.265561
v 0.640780 0.713704 1.265720
v 0.639505 0.721344 1.262059
v 0.648350 0.723023 1.262731
v 0.640839 0.726771 1.255551
v 0.644425 0.728514 1.247951
v 0.649294 0.726105 1.241308
v 0.659038 0.722181 1.244729
v 0.654136 0.720192 1.237412
v 0.657644 0.712376 1.237313
v 0.658879 0.704773 1.241021
v 0.664392 0.708630 1.253694
v 0.657528 0.699415 1.247516
v 0.604262 0.707527 1.225089
v 0.608468 0.700076 1.237509
v 0.611946 0.697703 1.230110
v 0.601979 0.709116 1.230699
v 0.607347 0.705921 1.243617
v 0.601911 0.712973 1.235633
v 0.608898 0.713704 1.246793
v 0.604077 0.718063 1.238566
v 0.612723 0.721344 1.246160
v 0.607896 0.723023 1.238716
v 0.617798 0.726771 1.241872
v 0.612346 0.726524 1.236040
v 0.622753 0.728514 1.235085
v 0.618517 0.726038 1.225646
v 0.626253 0.726105 1.227629
v 0.618584 0.722181 1.220713
v 0.627355 0.720192 1.221513
v 0.616418 0.717091 1.217779
v 0.625762 0.712376 1.218386
v 0.612599 0.712131 1.217630
v 0.621915 0.704773 1.219077
v 0.608149 0.708630 1.220306
v 0.616860 0.699415 1.223373
v 0.594459 0.716431 1.225893
v 0.594957 0.719737 1.231187
v 0.597895 0.724076 1.234616
v 0.602487 0.728284 1.235259
v 0.607502 0.731235 1.232944
v 0.616233 0.727627 1.231256
v 0.613673 0.730749 1.222551
v 0.613175 0.727442 1.217256
v 0.610236 0.723104 1.213828
v 0.605644 0.718895 1.213185
v 0.600629 0.715945 1.215499
v 0.590254 0.724201 1.215994
v 0.596535 0.715043 1.220150
v 0.589304 0.727980 1.227447
v 0.592871 0.731402 1.231290
v 0.603566 0.736975 1.230339
v 0.611597 0.732137 1.228292
v 0.609737 0.736489 1.219945
v 0.605212 0.730430 1.210503
v 0.599992 0.727138 1.209444
v 0.583878 0.735512 1.218720
v 0.588347 0.725344 1.221848
v 0.589197 0.739761 1.228719
v 0.598091 0.734695 1.232349
v 0.600688 0.743524 1.228324
v 0.607828 0.737632 1.225799
v 0.606858 0.743038 1.217930
v 0.608779 0.733853 1.214346
v 0.601538 0.738789 1.207931
v 0.590048 0.735027 1.208325
v 0.594517 0.724858 1.211454
v 0.585663 0.734650 1.212780
v 0.581224 0.746546 1.216628
v 0.585172 0.737383 1.224554
v 0.587016 0.748831 1.227000
v 0.592968 0.749945 1.228595
v 0.594877 0.742009 1.230099
v 0.598979 0.750631 1.226977
v 0.605073 0.743901 1.223870
v 0.605149 0.750145 1.216584
v 0.605564 0.741167 1.212096
v 0.603655 0.749104 1.210592
v 0.599357 0.747860 1.206212
v 0.595859 0.736542 1.206551
v 0.587394 0.746060 1.206234
v 0.582936 0.745987 1.210630
v 0.582717 0.747587 1.222620
v 0.603437 0.750704 1.222581
v 0.593404 0.746746 1.204617
v 0.653967 0.697703 1.255056
v 0.639247 0.696629 1.255962
v 0.635273 0.702777 1.260353
v 0.632912 0.710951 1.261178
v 0.632800 0.718983 1.258200
v 0.634984 0.724716 1.252190
v 0.638890 0.726577 1.244756
v 0.643456 0.724048 1.237919
v 0.647441 0.717830 1.233537
v 0.649777 0.709623 1.232771
v 0.649851 0.701629 1.235797
v 0.647656 0.695966 1.241798
v 0.632858 0.692891 1.242750
v 0.643777 0.694138 1.249174
v 0.628699 0.695424 1.249755
v 0.624763 0.710021 1.256384
v 0.626045 0.718212 1.254225
v 0.629255 0.724061 1.248819
v 0.640686 0.717059 1.229563
v 0.641628 0.708693 1.227976
v 0.637107 0.694762 1.235591
v 0.618199 0.696629 1.243466
v 0.616246 0.702777 1.249058
v 0.625737 0.701688 1.254743
v 0.616653 0.710951 1.251526
v 0.619321 0.718983 1.250198
v 0.623551 0.724716 1.245402
v 0.633536 0.725966 1.241606
v 0.632023 0.724048 1.231131
v 0.637726 0.723394 1.234548
v 0.633962 0.717830 1.225535
v 0.633517 0.709623 1.223119
v 0.640315 0.700540 1.230187
v 0.630824 0.701629 1.224502
v 0.626608 0.695966 1.229302
v 0.621989 0.694138 1.236239
v 0.628208 0.726577 1.238414
v 0.674538 0.747587 1.277129
v -1.233973 0.804559 0.153878
v -1.180989 0.734050 0.202750
v -1.241545 0.805093 0.167679
v -1.180915 0.875603 0.203672
v -1.196163 0.846021 0.194620
v -1.172425 0.734050 0.190417
v -1.173343 0.876137 0.189872
v -1.241619 0.805627 0.166757
v -1.233973 0.805627 0.153878
v -1.194864 0.821072 0.195391
v -1.166966 0.821072 0.211953
v -1.165667 0.820851 0.212724
v -1.120285 0.805093 0.239666
v -1.165667 0.764166 0.212724
v -1.165667 0.789336 0.212724
v -1.180915 0.734584 0.203672
v -1.196162 0.764166 0.194620
v -1.187277 0.780025 0.237833
v -1.205220 0.769372 0.215453
v -1.207859 0.780025 0.225615
v -1.170642 0.820698 0.217027
v -1.178701 0.840185 0.230603
v -1.166966 0.789115 0.211953
v -1.194864 0.789115 0.195391
v -1.196162 0.789336 0.194620
v -1.179619 0.769372 0.230651
v -1.197558 0.789489 0.201048
v -1.165667 0.846021 0.212724
v -1.179468 0.791558 0.226178
v -1.178701 0.770002 0.230603
v -1.186302 0.780536 0.237690
v -1.205220 0.840814 0.215453
v -1.187277 0.830162 0.237833
v -1.207858 0.830162 0.225614
v -1.207584 0.817592 0.230867
v -1.192019 0.817592 0.240106
v -1.206946 0.805093 0.232391
v -1.193663 0.805093 0.240277
v -1.207584 0.792595 0.230867
v -1.192019 0.792595 0.240106
v -1.170642 0.789489 0.217027
v -1.205617 0.840185 0.214624
v -1.201366 0.818629 0.213179
v -1.197558 0.820698 0.201048
v -1.207873 0.817354 0.229856
v -1.201460 0.813213 0.219053
v -1.207226 0.805093 0.231364
v -1.201429 0.805093 0.221599
v -1.201460 0.796974 0.219053
v -1.207873 0.792832 0.229856
v -1.201366 0.791558 0.213179
v -1.205617 0.770002 0.214624
v -1.195197 0.845119 0.196055
v -1.179619 0.840814 0.230651
v -1.179468 0.818629 0.226178
v -1.186302 0.829650 0.237690
v -1.190994 0.817354 0.239877
v -1.184581 0.813213 0.229074
v -1.192628 0.805093 0.240031
v -1.184581 0.796974 0.229074
v -1.190994 0.792832 0.239877
v -1.195755 0.821028 0.195721
v -1.196163 0.820851 0.194620
v -1.119440 0.804559 0.239290
v -1.119440 0.805627 0.239290
v -1.241619 0.804559 0.166757
v -1.195755 0.789159 0.195721
v -1.166829 0.789159 0.212894
v -1.195197 0.765067 0.196055
v -1.195860 0.765802 0.195677
v -1.167389 0.765067 0.212563
v -1.166739 0.765802 0.212964
v -1.180070 0.734050 0.203296
v -1.166739 0.844384 0.212964
v -1.195860 0.844384 0.195677
v -1.111795 0.805627 0.226411
v -1.180070 0.876137 0.203296
v -1.172425 0.876137 0.190417
v -1.173343 0.734050 0.189872
v -1.167389 0.845119 0.212563
v -1.208199 0.780536 0.224690
v -1.208199 0.829650 0.224690
v -1.111795 0.804559 0.226411
v -1.180989 0.876137 0.202750
v -1.166828 0.821028 0.212894
v -1.186830 0.805093 0.230265
v -1.239157 0.769569 0.185569
v -1.242090 0.758021 0.191408
v -1.240399 0.757778 0.185384
v -1.240883 0.769496 0.191588
v -1.240541 0.758199 0.197473
v -1.239424 0.768811 0.197639
v -1.236167 0.758264 0.201952
v -1.235174 0.767696 0.202101
v -1.230139 0.758199 0.203648
v -1.223295 0.765411 0.202220
v -1.224073 0.758021 0.202104
v -1.218850 0.764853 0.197846
v -1.219594 0.757778 0.197734
v -1.217903 0.757535 0.191710
v -1.217125 0.764925 0.191826
v -1.219452 0.757357 0.185645
v -1.222833 0.766725 0.181313
v -1.223826 0.757292 0.181165
v -1.228737 0.767969 0.179637
v -1.229854 0.757357 0.179470
v -1.235920 0.757535 0.181014
v -1.235965 0.780906 0.186935
v -1.236551 0.779014 0.198868
v -1.232620 0.776767 0.203193
v -1.229270 0.766452 0.203777
v -1.221294 0.772518 0.203076
v -1.216934 0.771655 0.198665
v -1.215124 0.772032 0.192682
v -1.218583 0.765611 0.185775
v -1.220279 0.775795 0.182406
v -1.225863 0.778173 0.180865
v -1.234712 0.769010 0.181195
v -1.230944 0.791355 0.189426
v -1.237775 0.780530 0.192917
v -1.232032 0.788418 0.201111
v -1.223521 0.781703 0.206478
v -1.227035 0.774389 0.204733
v -1.218147 0.779067 0.204638
v -1.211977 0.778581 0.194244
v -1.216348 0.773547 0.186731
v -1.212833 0.780861 0.188475
v -1.221345 0.787576 0.183109
v -1.231605 0.780044 0.182523
v -1.226411 0.799611 0.198771
v -1.232889 0.790698 0.195343
v -1.223278 0.792452 0.208005
v -1.228603 0.785126 0.205187
v -1.218862 0.788114 0.208944
v -1.213921 0.777924 0.200160
v -1.209928 0.783419 0.202274
v -1.208174 0.787272 0.190942
v -1.216262 0.784154 0.184399
v -1.210938 0.791480 0.187218
v -1.220241 0.799125 0.188377
v -1.226719 0.790212 0.184949
v -1.224288 0.800513 0.192950
v -1.218591 0.806926 0.203072
v -1.226042 0.796661 0.204282
v -1.216850 0.798465 0.211541
v -1.213236 0.793375 0.212038
v -1.208938 0.789518 0.209616
v -1.213975 0.784807 0.206846
v -1.205107 0.787929 0.204925
v -1.207805 0.784321 0.196452
v -1.202767 0.789032 0.199222
v -1.202549 0.792533 0.194035
v -1.204509 0.797493 0.190753
v -1.215354 0.795819 0.186279
v -1.212420 0.806440 0.192678
v -1.207146 0.813614 0.202514
v -1.216252 0.808029 0.197369
v -1.209728 0.812361 0.208079
v -1.218810 0.803425 0.208259
v -1.209565 0.802933 0.215657
v -1.203230 0.793019 0.212841
v -1.199642 0.791280 0.208012
v -1.197060 0.792533 0.202447
v -1.197223 0.801961 0.194869
v -1.208122 0.802584 0.190257
v -1.203558 0.811875 0.197685
v -1.197318 0.817054 0.208187
v -1.200164 0.815708 0.213601
v -1.210613 0.808452 0.212890
v -1.201702 0.805685 0.220196
v -1.206862 0.797284 0.215639
v -1.199983 0.799692 0.219611
v -1.197070 0.795175 0.216397
v -1.190900 0.794689 0.206003
v -1.189295 0.798850 0.201608
v -1.196175 0.796443 0.197637
v -1.189362 0.804713 0.199408
v -1.199926 0.807610 0.194887
v -1.193993 0.815222 0.203207
v -1.190266 0.816839 0.219423
v -1.192615 0.812592 0.223381
v -1.201768 0.811547 0.217996
v -1.193565 0.806614 0.224982
v -1.190696 0.795903 0.220148
v -1.193745 0.793343 0.211417
v -1.184525 0.795417 0.209754
v -1.182176 0.799663 0.205797
v -1.181928 0.811750 0.205379
v -1.191081 0.810705 0.199993
v -1.184096 0.816353 0.209030
v -1.177024 0.817054 0.220235
v -1.187147 0.818215 0.214171
v -1.180414 0.815708 0.225325
v -1.183504 0.811547 0.228838
v -1.185467 0.805685 0.229834
v -1.192863 0.800505 0.223799
v -1.185777 0.799692 0.228044
v -1.184350 0.795175 0.223948
v -1.187644 0.794040 0.215007
v -1.175090 0.798850 0.210041
v -1.173127 0.804713 0.209046
v -1.181225 0.805642 0.204195
v -1.172817 0.810705 0.210836
v -1.174244 0.815222 0.214931
v -1.170987 0.812361 0.231078
v -1.177718 0.802933 0.234563
v -1.178279 0.793019 0.227654
v -1.175758 0.791280 0.222192
v -1.181570 0.793343 0.218645
v -1.178180 0.794689 0.213554
v -1.172109 0.792533 0.217260
v -1.168309 0.796443 0.214179
v -1.165377 0.801961 0.213775
v -1.164099 0.807610 0.216156
v -1.164817 0.811875 0.220684
v -1.167338 0.813614 0.226146
v -1.162348 0.806926 0.236461
v -1.166797 0.803425 0.239137
v -1.174787 0.808452 0.234159
v -1.170616 0.798465 0.238987
v -1.178997 0.797284 0.232182
v -1.172782 0.793375 0.236053
v -1.172715 0.789518 0.231120
v -1.166545 0.789032 0.220727
v -1.162095 0.792533 0.218051
v -1.158276 0.797493 0.218200
v -1.156109 0.802584 0.221134
v -1.156177 0.806440 0.226067
v -1.150733 0.800513 0.236616
v -1.158460 0.808029 0.231677
v -1.159842 0.796661 0.243581
v -1.167373 0.788114 0.239510
v -1.165795 0.783419 0.228474
v -1.170431 0.787929 0.225510
v -1.161701 0.784321 0.223822
v -1.156686 0.787272 0.221508
v -1.149155 0.795819 0.225579
v -1.148657 0.799125 0.230874
v -1.144453 0.791355 0.240773
v -1.154827 0.799611 0.241268
v -1.154190 0.788418 0.247323
v -1.164435 0.792452 0.242939
v -1.162977 0.781703 0.242420
v -1.167871 0.784807 0.234216
v -1.162027 0.777924 0.230968
v -1.152290 0.780861 0.224418
v -1.152094 0.791480 0.222151
v -1.143503 0.787576 0.229320
v -1.139861 0.780906 0.243987
v -1.148715 0.790698 0.245313
v -1.144247 0.780529 0.248441
v -1.155737 0.776767 0.248836
v -1.159410 0.785126 0.246264
v -1.159763 0.774389 0.244670
v -1.163935 0.779067 0.236821
v -1.161057 0.772518 0.238836
v -1.154886 0.772032 0.228442
v -1.157764 0.778581 0.226428
v -1.149076 0.773547 0.226668
v -1.147070 0.784154 0.225476
v -1.143396 0.775795 0.228048
v -1.138076 0.780044 0.238047
v -1.142545 0.790212 0.234919
v -1.141593 0.769496 0.250532
v -1.147603 0.768811 0.252149
v -1.150057 0.779014 0.250215
v -1.153555 0.767696 0.250555
v -1.157853 0.766452 0.246174
v -1.157636 0.764853 0.234186
v -1.159272 0.771655 0.232896
v -1.147166 0.765611 0.228172
v -1.136916 0.767969 0.234147
v -1.139370 0.778173 0.232213
v -1.135422 0.769010 0.240138
v -1.137134 0.769569 0.246136
v -1.140856 0.758021 0.251506
v -1.152949 0.758264 0.251355
v -1.157324 0.758199 0.246875
v -1.159347 0.765411 0.240183
v -1.157181 0.757778 0.234786
v -1.153177 0.764925 0.229789
v -1.146636 0.757357 0.228873
v -1.140609 0.757292 0.230568
v -1.141214 0.766725 0.229767
v -1.134685 0.757535 0.241112
v -1.136377 0.757778 0.247137
v -1.146922 0.758199 0.253050
v -1.158872 0.758021 0.240811
v -1.152702 0.757535 0.230416
v -1.141601 0.747860 0.230419
v -1.136234 0.757357 0.235048
v -1.145170 0.735513 0.249997
v -1.142064 0.746546 0.251326
v -1.156496 0.739761 0.250115
v -1.153943 0.748832 0.251207
v -1.158192 0.749945 0.246745
v -1.161651 0.743524 0.239839
v -1.159651 0.750631 0.240694
v -1.159841 0.743901 0.233856
v -1.153480 0.750145 0.230300
v -1.157926 0.750704 0.234675
v -1.155481 0.743038 0.229445
v -1.147505 0.749104 0.228743
v -1.144156 0.738790 0.229327
v -1.139000 0.735027 0.239603
v -1.135893 0.746060 0.240932
v -1.140811 0.734650 0.245586
v -1.150057 0.725344 0.247572
v -1.150912 0.737384 0.251655
v -1.160513 0.731403 0.248121
v -1.163942 0.734695 0.244045
v -1.160427 0.742009 0.245790
v -1.164798 0.736975 0.238276
v -1.158628 0.736489 0.227883
v -1.149740 0.741167 0.227787
v -1.153254 0.733853 0.226042
v -1.148172 0.730431 0.227334
v -1.140224 0.736542 0.233652
v -1.144743 0.727138 0.231409
v -1.143886 0.724858 0.237178
v -1.152488 0.715043 0.239571
v -1.145831 0.724201 0.243094
v -1.161421 0.719737 0.246241
v -1.155431 0.727980 0.249412
v -1.168601 0.728284 0.241579
v -1.168971 0.731235 0.236068
v -1.162854 0.737632 0.232360
v -1.162800 0.730749 0.225674
v -1.157914 0.727443 0.223576
v -1.150734 0.718895 0.228238
v -1.160523 0.707527 0.235152
v -1.156534 0.716431 0.244143
v -1.168653 0.712973 0.242264
v -1.165838 0.724076 0.245302
v -1.172266 0.718063 0.241767
v -1.174007 0.726524 0.233298
v -1.171669 0.727627 0.227595
v -1.166847 0.732137 0.230247
v -1.167837 0.726038 0.222905
v -1.159926 0.717091 0.220979
v -1.153497 0.723104 0.224515
v -1.157966 0.712131 0.224261
v -1.150364 0.715945 0.233749
v -1.173441 0.700077 0.237406
v -1.164355 0.709116 0.239842
v -1.178266 0.705921 0.241315
v -1.181797 0.713704 0.241474
v -1.183072 0.721344 0.237813
v -1.174226 0.723023 0.238485
v -1.181738 0.726771 0.231305
v -1.178152 0.728514 0.223705
v -1.173283 0.726105 0.217061
v -1.163539 0.722181 0.220483
v -1.168440 0.720192 0.213166
v -1.164933 0.712376 0.213067
v -1.163697 0.704773 0.216775
v -1.158185 0.708630 0.229449
v -1.165048 0.699416 0.223270
v -1.218315 0.707527 0.200843
v -1.214109 0.700077 0.213263
v -1.210631 0.697704 0.205864
v -1.220598 0.709116 0.206453
v -1.215230 0.705921 0.219370
v -1.220666 0.712973 0.211386
v -1.213679 0.713704 0.222547
v -1.218499 0.718063 0.214321
v -1.209854 0.721344 0.221914
v -1.214680 0.723023 0.214469
v -1.204780 0.726771 0.217626
v -1.210231 0.726524 0.211794
v -1.199824 0.728514 0.210839
v -1.204060 0.726038 0.201400
v -1.196324 0.726105 0.203383
v -1.203993 0.722181 0.196467
v -1.195222 0.720192 0.197267
v -1.206159 0.717091 0.193533
v -1.196815 0.712376 0.194140
v -1.209978 0.712131 0.193384
v -1.200662 0.704773 0.194831
v -1.214428 0.708630 0.196059
v -1.205717 0.699416 0.199127
v -1.228118 0.716431 0.201646
v -1.227620 0.719737 0.206941
v -1.224682 0.724076 0.210369
v -1.220089 0.728284 0.211012
v -1.215074 0.731235 0.208698
v -1.206344 0.727627 0.207010
v -1.208904 0.730749 0.198305
v -1.209402 0.727443 0.193010
v -1.212341 0.723104 0.189582
v -1.216933 0.718895 0.188939
v -1.221948 0.715945 0.191253
v -1.232322 0.724201 0.191748
v -1.226042 0.715043 0.195904
v -1.233273 0.727980 0.203200
v -1.229706 0.731403 0.207044
v -1.219011 0.736975 0.206093
v -1.210980 0.732137 0.204047
v -1.212841 0.736489 0.195699
v -1.217365 0.730431 0.186257
v -1.222585 0.727138 0.185198
v -1.238699 0.735513 0.194473
v -1.234230 0.725344 0.197601
v -1.233379 0.739761 0.204473
v -1.224486 0.734695 0.208103
v -1.221889 0.743524 0.204078
v -1.214748 0.737632 0.201553
v -1.215719 0.743038 0.193684
v -1.213798 0.733853 0.190100
v -1.221039 0.738789 0.183685
v -1.232529 0.735027 0.184079
v -1.228060 0.724858 0.187208
v -1.236914 0.734650 0.188533
v -1.241353 0.746546 0.192382
v -1.237405 0.737383 0.200307
v -1.235561 0.748832 0.202753
v -1.229609 0.749945 0.204349
v -1.227700 0.742009 0.205853
v -1.223598 0.750631 0.202731
v -1.217503 0.743901 0.199624
v -1.217428 0.750145 0.192337
v -1.217013 0.741167 0.187850
v -1.218921 0.749104 0.186346
v -1.223220 0.747860 0.181966
v -1.226718 0.736542 0.182305
v -1.235183 0.746060 0.181988
v -1.239641 0.745987 0.186384
v -1.239860 0.747587 0.198373
v -1.219140 0.750704 0.198335
v -1.229172 0.746746 0.180371
v -1.168610 0.697704 0.230810
v -1.183329 0.696629 0.231716
v -1.187304 0.702777 0.236107
v -1.189665 0.710951 0.236932
v -1.189777 0.718983 0.233953
v -1.187592 0.724716 0.227944
v -1.183687 0.726577 0.220510
v -1.179120 0.724049 0.213673
v -1.175136 0.717830 0.209291
v -1.172800 0.709623 0.208524
v -1.172726 0.701629 0.211551
v -1.174921 0.695966 0.217551
v -1.189720 0.692891 0.218503
v -1.178800 0.694138 0.224928
v -1.193878 0.695424 0.225509
v -1.197814 0.710021 0.232138
v -1.196532 0.718212 0.229979
v -1.193322 0.724062 0.224573
v -1.189041 0.725966 0.217360
v -1.181891 0.717059 0.205317
v -1.180949 0.708693 0.203731
v -1.185470 0.694762 0.211345
v -1.204378 0.696629 0.219220
v -1.206331 0.702777 0.224812
v -1.196839 0.701688 0.230497
v -1.205924 0.710951 0.227280
v -1.203256 0.718983 0.225952
v -1.199026 0.724716 0.221156
v -1.190554 0.724049 0.206885
v -1.184851 0.723394 0.210302
v -1.188615 0.717830 0.201289
v -1.189060 0.709623 0.198872
v -1.182261 0.700540 0.205941
v -1.191752 0.701629 0.200256
v -1.195969 0.695966 0.205056
v -1.200588 0.694138 0.211993
v -1.194369 0.726577 0.214168
v -1.137618 0.745987 0.246951
v -1.148039 0.747587 0.252883
v -1.137352 0.746746 0.234881
v -0.318983 0.804559 0.671964
v -0.257528 0.734050 0.706530
v -0.326230 0.805093 0.685937
v -0.264774 0.875603 0.720503
v -0.280230 0.846020 0.711810
v -0.256597 0.734050 0.707053
v -0.263939 0.734050 0.720107
v -0.257528 0.876137 0.706530
v -0.318983 0.805627 0.671964
v -0.278913 0.821072 0.712551
v -0.250636 0.821072 0.728456
v -0.249319 0.820851 0.729196
v -0.203319 0.805093 0.755069
v -0.249319 0.764166 0.729196
v -0.249319 0.789335 0.729196
v -0.264774 0.734584 0.720503
v -0.280230 0.764166 0.711810
v -0.270336 0.780025 0.754804
v -0.288798 0.769372 0.732849
v -0.291198 0.780025 0.743070
v -0.254192 0.820697 0.733613
v -0.261932 0.840185 0.747374
v -0.250636 0.789115 0.728456
v -0.278913 0.789115 0.712551
v -0.280230 0.789335 0.711810
v -0.262848 0.769372 0.747444
v -0.279231 0.765067 0.713222
v -0.281474 0.789489 0.718268
v -0.279797 0.789159 0.712902
v -0.249319 0.846020 0.729196
v -0.262802 0.791558 0.742969
v -0.261932 0.770002 0.747374
v -0.269365 0.780536 0.754637
v -0.288798 0.840814 0.732849
v -0.270336 0.830162 0.754804
v -0.291198 0.830162 0.743070
v -0.290800 0.817592 0.748314
v -0.275024 0.817592 0.757186
v -0.290127 0.805093 0.749823
v -0.276663 0.805093 0.757396
v -0.290800 0.792595 0.748314
v -0.275024 0.792595 0.757186
v -0.254192 0.789489 0.733613
v -0.250386 0.765802 0.729461
v -0.289214 0.840185 0.732030
v -0.284997 0.818629 0.730485
v -0.281474 0.820697 0.718268
v -0.291113 0.817354 0.747311
v -0.284954 0.813213 0.736361
v -0.290431 0.805093 0.748803
v -0.284863 0.805093 0.738904
v -0.284954 0.796974 0.736361
v -0.291113 0.792832 0.747311
v -0.284997 0.791558 0.730485
v -0.289214 0.770002 0.732030
v -0.262848 0.840814 0.747444
v -0.262802 0.818629 0.742969
v -0.269365 0.829650 0.754637
v -0.274004 0.817354 0.756934
v -0.267845 0.813213 0.745984
v -0.275634 0.805093 0.757126
v -0.267845 0.796974 0.745984
v -0.274004 0.792832 0.756934
v -0.279902 0.844384 0.712859
v -0.280230 0.820851 0.711810
v -0.202483 0.804559 0.754673
v -0.202483 0.805627 0.754673
v -0.326325 0.805627 0.685017
v -0.264870 0.876137 0.719583
v -0.250477 0.789159 0.729392
v -0.279797 0.821028 0.712902
v -0.250477 0.821028 0.729392
v -0.279903 0.765802 0.712859
v -0.264870 0.734050 0.719583
v -0.250385 0.844384 0.729461
v -0.279231 0.845119 0.713222
v -0.195141 0.805627 0.741619
v -0.326325 0.804559 0.685017
v -0.263939 0.876137 0.720107
v -0.256597 0.876137 0.707053
v -0.251045 0.845119 0.729075
v -0.291560 0.780536 0.742153
v -0.291560 0.829650 0.742153
v -0.251045 0.765067 0.729075
v -0.195141 0.804559 0.741619
v -0.270066 0.805093 0.747227
v -0.323424 0.769569 0.703767
v -0.326220 0.758021 0.709672
v -0.324669 0.757778 0.703610
v -0.325008 0.769496 0.709825
v -0.324530 0.758199 0.715699
v -0.323409 0.768810 0.715840
v -0.320052 0.758264 0.720076
v -0.319055 0.767696 0.720201
v -0.313986 0.758199 0.721630
v -0.307177 0.765411 0.720043
v -0.307958 0.758021 0.719944
v -0.303582 0.757778 0.715471
v -0.302835 0.764852 0.715565
v -0.302032 0.757535 0.709409
v -0.301251 0.764925 0.709507
v -0.303722 0.757357 0.703382
v -0.307204 0.766725 0.699131
v -0.308200 0.757292 0.699006
v -0.313145 0.767969 0.697593
v -0.314266 0.757357 0.697452
v -0.320294 0.757535 0.699137
v -0.320201 0.780906 0.705057
v -0.320508 0.779014 0.717001
v -0.316476 0.776767 0.721233
v -0.313114 0.766452 0.721739
v -0.305157 0.772518 0.720851
v -0.300901 0.771655 0.716339
v -0.299231 0.772032 0.710316
v -0.302851 0.765611 0.703492
v -0.304626 0.775795 0.700163
v -0.310244 0.778173 0.698754
v -0.319082 0.769010 0.699290
v -0.315123 0.791355 0.707431
v -0.321871 0.780529 0.711080
v -0.315938 0.788418 0.719138
v -0.307303 0.781703 0.724304
v -0.310858 0.774389 0.722643
v -0.301974 0.779067 0.722339
v -0.296048 0.778581 0.711804
v -0.300594 0.773547 0.704395
v -0.297040 0.780861 0.706057
v -0.305675 0.787576 0.700891
v -0.315945 0.780043 0.700545
v -0.310373 0.799611 0.716668
v -0.316929 0.790698 0.713391
v -0.307025 0.792452 0.725826
v -0.312415 0.785126 0.723132
v -0.302587 0.788114 0.726661
v -0.293812 0.783419 0.719784
v -0.297854 0.777924 0.717764
v -0.292324 0.787272 0.708413
v -0.300563 0.784154 0.702062
v -0.295174 0.791480 0.704755
v -0.304447 0.799125 0.706132
v -0.311003 0.790212 0.702856
v -0.308386 0.800513 0.710798
v -0.302454 0.806926 0.720784
v -0.309875 0.796661 0.722168
v -0.300515 0.798465 0.729210
v -0.296892 0.793375 0.729622
v -0.292651 0.789518 0.727101
v -0.297751 0.784807 0.724450
v -0.288930 0.787929 0.722321
v -0.291826 0.784321 0.713914
v -0.286725 0.789032 0.716565
v -0.286628 0.792533 0.711374
v -0.288664 0.797493 0.708139
v -0.299611 0.795819 0.703920
v -0.296529 0.806440 0.710249
v -0.291025 0.813614 0.719958
v -0.300250 0.808029 0.715028
v -0.293477 0.812361 0.725583
v -0.302551 0.803425 0.725975
v -0.293136 0.802933 0.733154
v -0.286869 0.793019 0.730192
v -0.283395 0.791280 0.725280
v -0.280944 0.792533 0.719656
v -0.281285 0.801961 0.712084
v -0.292288 0.802583 0.707727
v -0.287551 0.811875 0.715047
v -0.281067 0.817054 0.725400
v -0.283786 0.815708 0.730879
v -0.294249 0.808452 0.730413
v -0.285170 0.805684 0.737508
v -0.290434 0.797284 0.733073
v -0.283464 0.799692 0.736883
v -0.280628 0.795175 0.733602
v -0.274702 0.794689 0.723067
v -0.273201 0.798850 0.718635
v -0.280171 0.796443 0.714826
v -0.273319 0.804713 0.716438
v -0.283986 0.807610 0.712166
v -0.277861 0.815222 0.720343
v -0.273754 0.816839 0.736469
v -0.276010 0.812592 0.740480
v -0.285287 0.811547 0.735310
v -0.276924 0.806614 0.742104
v -0.274167 0.795903 0.737202
v -0.277421 0.793343 0.728545
v -0.268242 0.795417 0.726668
v -0.265986 0.799663 0.722656
v -0.265747 0.811750 0.722233
v -0.275024 0.810705 0.717063
v -0.267829 0.816352 0.725933
v -0.260498 0.817054 0.736970
v -0.270760 0.818215 0.731145
v -0.263768 0.815708 0.742138
v -0.266775 0.811547 0.745723
v -0.268714 0.805684 0.746764
v -0.276249 0.800505 0.740904
v -0.269065 0.799692 0.744981
v -0.267735 0.795175 0.740854
v -0.271236 0.794040 0.731992
v -0.265079 0.793343 0.735487
v -0.258802 0.798850 0.726734
v -0.256863 0.804713 0.725693
v -0.265072 0.805642 0.721033
v -0.256511 0.810705 0.727475
v -0.257842 0.815222 0.731603
v -0.254209 0.812361 0.747669
v -0.260856 0.802933 0.751310
v -0.261578 0.793019 0.744416
v -0.259186 0.791280 0.738896
v -0.261809 0.794689 0.730318
v -0.255653 0.792533 0.733881
v -0.251926 0.796443 0.730712
v -0.249005 0.801961 0.730240
v -0.247671 0.807610 0.732590
v -0.248283 0.811875 0.737134
v -0.250676 0.813614 0.742653
v -0.245446 0.806926 0.752849
v -0.249831 0.803425 0.755628
v -0.257935 0.808452 0.750838
v -0.253653 0.798465 0.755568
v -0.262190 0.797284 0.748960
v -0.255887 0.793375 0.752685
v -0.255935 0.789518 0.747752
v -0.250009 0.789032 0.737217
v -0.245623 0.792533 0.734437
v -0.241802 0.797493 0.734497
v -0.239568 0.802583 0.737380
v -0.239520 0.806440 0.742314
v -0.233831 0.800513 0.752732
v -0.241671 0.808029 0.747975
v -0.242774 0.796661 0.759909
v -0.250399 0.788114 0.756015
v -0.253783 0.787929 0.742090
v -0.249079 0.783419 0.744944
v -0.245094 0.784321 0.740198
v -0.240135 0.787272 0.737767
v -0.232511 0.795819 0.741661
v -0.231890 0.799125 0.746942
v -0.227455 0.791355 0.756741
v -0.237815 0.799611 0.757478
v -0.237036 0.788418 0.763516
v -0.247381 0.792452 0.759373
v -0.245935 0.781703 0.758820
v -0.251020 0.784807 0.750733
v -0.245253 0.777924 0.747349
v -0.235672 0.780861 0.740573
v -0.235529 0.791480 0.738303
v -0.226773 0.787576 0.745269
v -0.222789 0.780906 0.759847
v -0.231610 0.790698 0.761379
v -0.227069 0.780529 0.764402
v -0.238547 0.776767 0.765065
v -0.242280 0.785126 0.762580
v -0.242669 0.774389 0.760995
v -0.247024 0.779067 0.753246
v -0.244099 0.772518 0.755193
v -0.238174 0.772032 0.744657
v -0.241098 0.778581 0.742711
v -0.232406 0.773547 0.742748
v -0.230429 0.784154 0.741510
v -0.226696 0.775795 0.743995
v -0.221144 0.780043 0.753867
v -0.225685 0.790212 0.750844
v -0.224367 0.769496 0.766431
v -0.230338 0.768810 0.768188
v -0.232837 0.779014 0.766312
v -0.236326 0.767696 0.766733
v -0.240726 0.766452 0.762454
v -0.240788 0.764852 0.750464
v -0.242453 0.771655 0.749213
v -0.230462 0.765611 0.744207
v -0.220075 0.767969 0.749940
v -0.222573 0.778173 0.748064
v -0.218441 0.769010 0.755895
v -0.220013 0.769569 0.761931
v -0.223608 0.758021 0.767387
v -0.235702 0.758264 0.767519
v -0.240179 0.758199 0.763143
v -0.242359 0.765411 0.756500
v -0.240319 0.757778 0.751054
v -0.236433 0.764925 0.745964
v -0.229916 0.757357 0.744895
v -0.223850 0.757292 0.746449
v -0.224475 0.766725 0.745662
v -0.217682 0.757535 0.756852
v -0.219232 0.757778 0.762914
v -0.224819 0.746546 0.767235
v -0.229636 0.758199 0.769073
v -0.236698 0.748831 0.767394
v -0.242650 0.750631 0.757017
v -0.241869 0.758021 0.757116
v -0.235944 0.757535 0.746580
v -0.219372 0.757357 0.750825
v -0.220477 0.745987 0.762758
v -0.227956 0.735512 0.765979
v -0.230756 0.747587 0.768932
v -0.239276 0.739761 0.766362
v -0.241051 0.749945 0.763033
v -0.244671 0.743524 0.756209
v -0.241066 0.750704 0.750960
v -0.243001 0.743901 0.750185
v -0.236725 0.750145 0.746482
v -0.238745 0.743038 0.745674
v -0.230788 0.749104 0.744785
v -0.227425 0.738790 0.745291
v -0.224846 0.747860 0.746323
v -0.222031 0.735027 0.755444
v -0.218894 0.746060 0.756700
v -0.223701 0.734650 0.761467
v -0.232898 0.725344 0.763669
v -0.233658 0.737384 0.767771
v -0.243339 0.731402 0.764463
v -0.246862 0.734695 0.760468
v -0.243308 0.742009 0.762129
v -0.247853 0.736975 0.754721
v -0.241928 0.736489 0.744186
v -0.233044 0.741167 0.743882
v -0.236598 0.733853 0.742220
v -0.231487 0.730431 0.743392
v -0.223394 0.736542 0.749523
v -0.227964 0.727138 0.747387
v -0.226972 0.724858 0.753134
v -0.235515 0.715043 0.755727
v -0.228779 0.724201 0.759093
v -0.244290 0.719737 0.762604
v -0.238227 0.727980 0.765634
v -0.251578 0.728284 0.758111
v -0.252076 0.731235 0.752610
v -0.246047 0.737632 0.748761
v -0.246150 0.730749 0.742075
v -0.241314 0.727443 0.739863
v -0.234027 0.718895 0.744356
v -0.243652 0.707527 0.751497
v -0.239454 0.716431 0.760393
v -0.251614 0.712973 0.758797
v -0.248728 0.724076 0.761769
v -0.255238 0.718063 0.758385
v -0.257176 0.726524 0.749959
v -0.254972 0.727627 0.744203
v -0.250089 0.732137 0.746741
v -0.251250 0.726038 0.739424
v -0.243386 0.717091 0.737315
v -0.236877 0.723104 0.740699
v -0.241350 0.712131 0.740550
v -0.233529 0.715945 0.749857
v -0.256513 0.700077 0.754053
v -0.247373 0.709116 0.756276
v -0.261246 0.705921 0.758073
v -0.264772 0.713704 0.758315
v -0.266133 0.721344 0.754685
v -0.257274 0.723023 0.755150
v -0.264951 0.726771 0.748147
v -0.261544 0.728514 0.740465
v -0.256831 0.726105 0.733710
v -0.247010 0.722181 0.736903
v -0.252081 0.720192 0.729702
v -0.248577 0.712376 0.729521
v -0.247256 0.704773 0.733199
v -0.241448 0.708630 0.745740
v -0.248454 0.699416 0.739724
v -0.302230 0.707527 0.718549
v -0.297735 0.700077 0.730867
v -0.294431 0.697704 0.723389
v -0.304381 0.709116 0.724211
v -0.298713 0.705921 0.737000
v -0.304334 0.712973 0.729144
v -0.297088 0.713704 0.740139
v -0.302100 0.718063 0.732027
v -0.293279 0.721344 0.739416
v -0.298278 0.723023 0.732087
v -0.288306 0.726771 0.735011
v -0.293893 0.726524 0.729308
v -0.283511 0.728514 0.728110
v -0.287967 0.726038 0.718773
v -0.280186 0.726105 0.720574
v -0.288015 0.722181 0.713839
v -0.279228 0.720192 0.714434
v -0.290249 0.717091 0.710957
v -0.280893 0.712376 0.711345
v -0.294071 0.712131 0.710897
v -0.284723 0.704773 0.712126
v -0.298456 0.708630 0.713676
v -0.289676 0.699416 0.716539
v -0.312012 0.716431 0.719582
v -0.311391 0.719737 0.724864
v -0.308373 0.724076 0.728222
v -0.303767 0.728284 0.728758
v -0.298807 0.731235 0.726326
v -0.290119 0.727627 0.724435
v -0.292881 0.730749 0.715791
v -0.293503 0.727442 0.710510
v -0.296521 0.723104 0.707151
v -0.301127 0.718895 0.706616
v -0.306087 0.715945 0.709047
v -0.316447 0.724201 0.709784
v -0.310071 0.715043 0.713793
v -0.317129 0.727980 0.721256
v -0.313473 0.731402 0.725015
v -0.302804 0.736975 0.723814
v -0.294823 0.732137 0.721580
v -0.296878 0.736489 0.713279
v -0.301622 0.730431 0.703945
v -0.306865 0.727138 0.703008
v -0.322758 0.735512 0.712658
v -0.318217 0.725344 0.715681
v -0.317206 0.739761 0.722530
v -0.308230 0.734695 0.725952
v -0.305728 0.743524 0.721867
v -0.298649 0.737632 0.719175
v -0.299802 0.743038 0.711332
v -0.297966 0.733853 0.707704
v -0.305354 0.738789 0.701459
v -0.316832 0.735027 0.702122
v -0.312292 0.724858 0.705146
v -0.321113 0.734650 0.706678
v -0.325460 0.746546 0.710629
v -0.321328 0.737383 0.718460
v -0.319427 0.748831 0.720862
v -0.313439 0.749945 0.722318
v -0.311496 0.742009 0.723777
v -0.307468 0.750631 0.720561
v -0.301448 0.743901 0.717312
v -0.301543 0.750145 0.710025
v -0.301232 0.741167 0.705529
v -0.303176 0.749104 0.704070
v -0.307576 0.747860 0.699792
v -0.311065 0.736542 0.700213
v -0.319535 0.746060 0.700094
v -0.323889 0.745987 0.704593
v -0.323827 0.747587 0.716584
v -0.303114 0.750704 0.716061
v -0.313564 0.746746 0.698337
v -0.251839 0.697704 0.747345
v -0.266533 0.696629 0.748595
v -0.270403 0.702777 0.753079
v -0.272744 0.710951 0.753958
v -0.272926 0.718983 0.750983
v -0.270882 0.724716 0.744924
v -0.267152 0.726577 0.737401
v -0.262746 0.724048 0.730459
v -0.258865 0.717830 0.725985
v -0.256549 0.709623 0.725164
v -0.256403 0.701629 0.728188
v -0.258458 0.695966 0.734238
v -0.273230 0.692891 0.735536
v -0.262163 0.694138 0.741703
v -0.277224 0.695424 0.742637
v -0.281003 0.710021 0.749356
v -0.279772 0.718212 0.747168
v -0.276690 0.724061 0.741688
v -0.272578 0.725966 0.734377
v -0.265712 0.717059 0.722170
v -0.264807 0.708693 0.720562
v -0.269149 0.694762 0.728280
v -0.287868 0.696629 0.736595
v -0.289689 0.702777 0.742231
v -0.280068 0.701688 0.747693
v -0.289224 0.710951 0.744689
v -0.286588 0.718983 0.743299
v -0.282471 0.724716 0.738406
v -0.274335 0.724048 0.723941
v -0.268554 0.723394 0.727223
v -0.272528 0.717830 0.718301
v -0.273029 0.709623 0.715895
v -0.266068 0.700540 0.722803
v -0.275689 0.701629 0.717341
v -0.279793 0.695966 0.722238
v -0.284247 0.694138 0.729282
v -0.277979 0.726577 0.731311
v -0.220493 0.746746 0.750684
v -1.528527 0.889237 0.007180
v 0.883433 0.889237 1.368147
v -0.909862 0.889237 -1.083099
v 0.883433 0.731343 1.368147
v -0.909862 0.731343 -1.083099
v 0.848519 0.619040 1.242223
v 0.861880 0.626082 1.290412
v 0.873207 0.646136 1.331265
v 0.880776 0.676149 1.358562
v 0.883433 0.711552 1.368147
v 1.502098 0.711552 0.277868
v 1.492490 0.676149 0.280532
v 1.465127 0.646136 0.288119
v 1.424176 0.626082 0.299473
v 1.375870 0.619040 0.312866
v 0.848997 0.992204 1.242068
v 0.862368 0.985144 1.290375
v 0.873623 0.965037 1.331319
v 0.881046 0.934963 1.358651
v 0.883497 0.899543 1.368178
v 1.375917 0.992204 0.312891
v 1.424205 0.985162 0.299488
v 1.465140 0.965108 0.288126
v 1.492493 0.935095 0.280534
v 1.502098 0.899692 0.277868
v -1.401680 0.992204 -0.027500
v -1.450063 0.985184 -0.014118
v -1.491129 0.965190 -0.002827
v -1.518647 0.935247 0.004660
v -1.528460 0.899864 0.007213
v -0.874423 0.992204 -0.957298
v -0.887792 0.985181 -1.005381
v -0.899205 0.965180 -1.046152
v -0.906929 0.935228 -1.073422
v -0.909796 0.899843 -1.083067
v -1.402299 0.619040 -0.027818
v -1.450604 0.626082 -0.014424
v -1.491556 0.646136 -0.003071
v -1.518918 0.676149 0.004516
v -1.528527 0.711552 0.007180
v -0.874948 0.619040 -0.957175
v -0.888309 0.626082 -1.005364
v -0.899636 0.646136 -1.046217
v -0.907204 0.676149 -1.073514
v -0.909862 0.711552 -1.083099
v 0.892545 0.731343 1.321685
v 0.884904 0.731343 1.330535
v 0.874463 0.731343 1.335793
v 0.862804 0.731343 1.336662
v 0.851698 0.731343 1.333010
v 0.892545 0.889237 1.321685
v 0.851698 0.889237 1.333010
v 0.862804 0.889237 1.336662
v 0.874463 0.889237 1.335793
v 0.884904 0.889237 1.330535
v -1.493242 0.731343 -0.024596
v -1.528475 0.731343 0.007166
v -1.481916 0.731343 0.016250
v -1.490785 0.731343 0.008622
v -1.496053 0.731343 -0.001823
v -1.496916 0.731343 -0.013490
v -1.493242 0.889237 -0.024596
v -1.496916 0.889237 -0.013490
v -1.496053 0.889237 -0.001823
v -1.490785 0.889237 0.008622
v -1.481916 0.889237 0.016250
v 1.455488 0.731343 0.268798
v 1.464357 0.731343 0.276426
v 1.469625 0.731343 0.286871
v 1.470487 0.731343 0.298538
v 1.466813 0.731343 0.309644
v 1.502046 0.731343 0.277882
v 1.455488 0.889237 0.268798
v 1.502046 0.889237 0.277882
v 1.466813 0.889237 0.309644
v 1.470487 0.889237 0.298538
v 1.469625 0.889237 0.286871
v 1.464357 0.889237 0.276426
v -0.918973 0.731343 -1.036637
v -0.911333 0.731343 -1.045486
v -0.900891 0.731343 -1.050745
v -0.889232 0.731343 -1.051614
v -0.878126 0.731343 -1.047962
v -0.918973 0.889237 -1.036637
v -0.878126 0.889237 -1.047962
v -0.889232 0.889237 -1.051614
v -0.900891 0.889237 -1.050745
v -0.911333 0.889237 -1.045486
vn -0.8238 -0.3827 -0.4182
vn -0.1820 -0.8606 -0.4756
vn -0.3412 -0.9239 -0.1732
vn -0.0343 -0.0000 -0.9994
vn 0.3963 0.4831 -0.7808
vn 0.3695 0.0917 -0.9247
vn 0.9221 -0.3776 0.0849
vn 0.3412 -0.9239 0.1732
vn 0.4913 -0.8607 -0.1336
vn -0.3413 0.9239 -0.1732
vn -0.6128 0.3776 -0.6942
vn -0.8238 0.3827 -0.4182
vn 0.4705 -0.2772 -0.8377
vn 0.3983 -0.2779 -0.8741
vn 0.5630 -0.1100 -0.8191
vn 0.8270 -0.0000 -0.5622
vn 0.5283 -0.0917 -0.8441
vn 0.5630 0.1100 -0.8191
vn 0.3964 -0.4831 -0.7807
vn 0.3695 -0.0917 -0.9247
vn 0.7014 -0.4266 -0.5710
vn -0.1223 -0.7812 -0.6122
vn 0.0469 -0.4266 -0.9032
vn 0.9525 0.2548 -0.1666
vn 0.9514 -0.0673 0.3005
vn 0.9387 0.3069 0.1571
vn 0.3984 0.2779 -0.8741
vn 0.4705 0.2773 -0.8377
vn 0.3289 0.1100 -0.9379
vn 0.5664 -0.7811 -0.2627
vn 0.0790 -0.7525 -0.6539
vn -0.8042 0.0673 -0.5906
vn -0.4278 -0.2548 -0.8672
vn -0.4065 0.4623 -0.7881
vn 0.5283 0.0917 -0.8441
vn 0.9333 0.2072 0.2932
vn 0.9387 -0.3069 0.1571
vn 0.9980 -0.0617 -0.0125
vn -0.1222 0.7811 -0.6123
vn 0.7014 0.4267 -0.5710
vn 0.0468 0.4266 -0.9032
vn 0.1046 0.1414 -0.9844
vn 0.7328 0.1414 -0.6655
vn 0.1148 -0.0000 -0.9934
vn 0.7339 -0.0000 -0.6792
vn 0.1046 -0.1414 -0.9844
vn 0.7328 -0.1414 -0.6655
vn 0.9514 0.0673 0.3005
vn 0.9525 -0.2548 -0.1666
vn -0.6808 0.3070 -0.6650
vn -0.7876 -0.2072 -0.5803
vn -0.8042 -0.0673 -0.5906
vn -0.5768 -0.0650 -0.8143
vn -0.8212 -0.2688 -0.5034
vn -0.6134 -0.0000 -0.7898
vn -0.8917 -0.0000 -0.4526
vn -0.8212 0.2688 -0.5034
vn -0.5768 0.0650 -0.8143
vn -0.7876 0.2072 -0.5803
vn -0.6808 -0.3070 -0.6650
vn 0.0790 0.7524 -0.6539
vn 0.5664 0.7811 -0.2627
vn 0.9333 -0.2072 0.2932
vn 0.9980 0.0617 -0.0125
vn 0.9978 -0.0649 -0.0151
vn 0.8911 -0.2688 0.3657
vn 0.9996 -0.0000 0.0286
vn 0.8911 0.2688 0.3657
vn 0.9978 0.0650 -0.0151
vn -0.4278 0.2548 -0.8672
vn -0.4064 -0.4623 -0.7881
vn 0.3289 -0.1100 -0.9379
vn 0.9221 0.3776 0.0849
vn -0.6128 -0.3776 -0.6942
vn 0.4913 0.8606 -0.1337
vn -0.1821 0.8607 -0.4755
vn 0.8761 0.4623 -0.1370
vn 0.8761 -0.4623 -0.1370
vn 0.4811 -0.7526 -0.4496
vn 0.4812 0.7525 -0.4496
vn 0.8238 0.3827 0.4182
vn 0.3412 0.9239 0.1732
vn -0.5789 -0.0617 -0.8131
vn -0.5790 0.0616 -0.8130
vn 0.8238 -0.3827 0.4182
vn 0.8917 -0.0000 0.4526
vn -0.8781 0.1949 -0.4369
vn -0.5527 0.0198 -0.8331
vn -0.8917 -0.0000 -0.4527
vn -0.5409 0.1894 -0.8195
vn -0.0680 0.0345 -0.9971
vn -0.0610 0.1343 -0.9891
vn 0.4378 0.0402 -0.8982
vn 0.4380 0.0433 -0.8979
vn 0.8297 0.0351 -0.5571
vn 0.9862 -0.1476 -0.0753
vn 0.9979 0.0204 -0.0617
vn 0.8781 -0.1949 0.4369
vn 0.5392 -0.0204 0.8419
vn 0.5275 -0.1884 0.8284
vn 0.0400 -0.0351 0.9986
vn -0.4664 -0.0370 0.8838
vn -0.4666 -0.0402 0.8836
vn -0.8380 0.0653 0.5417
vn -0.8450 -0.0345 0.5337
vn -0.9988 -0.0198 0.0456
vn -0.8308 0.3824 -0.4045
vn -0.0368 0.2303 -0.9724
vn 0.4387 0.0464 -0.8974
vn 0.8231 -0.0600 -0.5648
vn 0.9454 -0.3092 -0.1032
vn 0.8308 -0.3824 0.4044
vn 0.4867 -0.3500 0.8004
vn 0.0334 -0.1301 0.9909
vn -0.4656 -0.0340 0.8843
vn -0.8138 0.1612 0.5583
vn -0.9869 0.1498 0.0593
vn -0.7515 0.5551 -0.3564
vn -0.4997 0.3525 -0.7912
vn 0.0038 0.3187 -0.9479
vn 0.7613 -0.2356 -0.6040
vn 0.8000 -0.1514 -0.5806
vn 0.8771 -0.4581 -0.1446
vn 0.4184 -0.4988 0.7590
vn 0.0103 -0.2216 0.9751
vn -0.0283 -0.3058 0.9517
vn -0.7732 0.2497 0.5829
vn -0.9458 0.3128 0.0875
vn -0.3367 0.6345 -0.6958
vn -0.4308 0.5027 -0.7494
vn 0.4418 0.0516 -0.8956
vn 0.4400 0.0491 -0.8966
vn 0.7086 -0.3095 -0.6341
vn 0.6434 -0.7065 0.2947
vn 0.7515 -0.5551 0.3564
vn -0.0811 -0.3796 0.9216
vn -0.4643 -0.0312 0.8851
vn -0.4626 -0.0288 0.8861
vn -0.7827 0.5948 0.1830
vn -0.8768 0.4631 0.1293
vn -0.6434 0.7065 -0.2947
vn -0.2211 0.7426 -0.6322
vn 0.0591 0.3962 -0.9163
vn 0.4439 0.0536 -0.8945
vn 0.6438 -0.3701 -0.6697
vn 0.6694 -0.6957 -0.2608
vn 0.7839 -0.5886 -0.1978
vn 0.5105 -0.8308 0.2217
vn 0.3252 -0.6293 0.7058
vn 0.2107 -0.7364 0.6429
vn -0.1459 -0.4402 0.8860
vn -0.4605 -0.0267 0.8873
vn -0.7179 0.3272 0.6145
vn -0.6671 0.7030 0.2465
vn -0.3580 0.9231 -0.1401
vn -0.5105 0.8308 -0.2217
vn -0.0884 0.8229 -0.5613
vn 0.1271 0.4598 -0.8789
vn 0.4464 0.0551 -0.8931
vn 0.5379 -0.7752 -0.3311
vn 0.3580 -0.9231 0.1401
vn 0.0792 -0.8160 0.5726
vn -0.4580 -0.0252 0.8886
vn -0.6498 0.3908 0.6519
vn -0.5345 0.7833 0.3175
vn -0.1918 0.9800 -0.0532
vn 0.0562 0.8724 -0.4856
vn 0.2052 0.5071 -0.8371
vn 0.4491 0.0560 -0.8917
vn 0.5694 -0.4151 -0.7095
vn 0.4884 -0.4429 -0.7519
vn 0.3947 -0.8243 -0.4060
vn -0.0640 -0.8650 0.4977
vn -0.3013 -0.5130 0.8038
vn -0.2202 -0.4853 0.8462
vn -0.4553 -0.0243 0.8900
vn -0.5718 0.4381 0.6936
vn -0.3899 0.8327 0.3931
vn 0.2072 0.8891 -0.4082
vn 0.3792 0.5460 -0.7470
vn 0.2903 0.5362 -0.7926
vn 0.4519 0.0563 -0.8903
vn 0.2450 -0.8408 -0.4827
vn 0.1918 -0.9800 0.0532
vn -0.2137 -0.8815 0.4210
vn -0.3860 -0.5224 0.7604
vn -0.3978 0.4770 0.7837
vn -0.4867 0.4672 0.7382
vn -0.2388 0.8494 0.4705
vn 0.1561 0.9800 0.1234
vn -0.0182 0.9992 0.0358
vn 0.3588 0.8724 -0.3320
vn 0.4684 0.5362 -0.7022
vn 0.4547 0.0560 -0.8889
vn 0.4037 -0.4522 -0.7953
vn 0.3187 -0.4429 -0.8380
vn 0.0948 -0.8243 -0.5582
vn 0.0182 -0.9992 -0.0358
vn -0.1561 -0.9800 -0.1234
vn -0.4710 -0.5130 0.7177
vn -0.4497 -0.0243 0.8929
vn -0.4525 -0.0240 0.8914
vn -0.3085 0.4672 0.8286
vn -0.0872 0.8327 0.5467
vn 0.5053 0.8229 -0.2599
vn 0.4574 0.0551 -0.8875
vn -0.0503 -0.7753 -0.6296
vn -0.3244 -0.9231 -0.2063
vn -0.3639 -0.8650 0.3455
vn -0.5090 -0.8160 0.2740
vn -0.5531 -0.4853 0.6772
vn -0.4469 -0.0252 0.8942
vn -0.2224 0.4381 0.8710
vn 0.0592 0.7833 0.6188
vn 0.3244 0.9231 0.2063
vn 0.6408 0.7426 -0.1947
vn 0.6344 0.4598 -0.6214
vn 0.5546 0.5071 -0.6598
vn 0.4600 0.0536 -0.8863
vn 0.2366 -0.4151 -0.8785
vn 0.1606 -0.3701 -0.9150
vn -0.1846 -0.6957 -0.6942
vn -0.6433 -0.7364 0.2095
vn -0.6290 -0.4402 0.6407
vn -0.4444 -0.0267 0.8954
vn -0.1426 0.3908 0.9094
vn 0.1948 0.7029 0.6841
vn 0.6177 0.7065 0.3454
vn 0.4803 0.8308 0.2813
vn 0.7047 0.3962 -0.5886
vn 0.0936 -0.3095 -0.9463
vn -0.6177 -0.7066 -0.3454
vn -0.4803 -0.8308 -0.2812
vn -0.7617 -0.6293 0.1542
vn -0.6960 -0.3796 0.6094
vn -0.0723 0.3272 0.9422
vn 0.3143 0.5948 0.7398
vn 0.7313 0.5551 0.3962
vn 0.7604 0.6345 -0.1389
vn 0.7629 0.3187 -0.5625
vn 0.4622 0.0516 -0.8853
vn 0.0381 -0.2356 -0.9711
vn -0.3030 -0.5886 -0.7495
vn -0.7313 -0.5551 -0.3963
vn -0.7515 -0.3058 0.5846
vn -0.4422 -0.0287 0.8964
vn -0.0141 0.2497 0.9682
vn 0.8169 0.3824 0.4319
vn 0.8592 0.5027 -0.0947
vn 0.9337 0.3524 -0.0636
vn 0.4654 0.0463 -0.8839
vn 0.4640 0.0492 -0.8845
vn -0.0036 -0.1514 -0.9885
vn -0.4010 -0.4581 -0.7933
vn -0.4747 -0.3092 -0.8241
vn -0.9334 -0.3499 0.0796
vn -0.8597 -0.4988 0.1103
vn -0.7932 -0.2216 0.5672
vn -0.4404 -0.0312 0.8973
vn -0.4390 -0.0340 0.8979
vn 0.4876 0.3128 0.8151
vn 0.4132 0.4631 0.7841
vn 0.9808 0.1894 -0.0471
vn 0.8344 0.1343 -0.5346
vn 0.8067 0.2302 -0.5443
vn 0.4663 0.0433 -0.8836
vn -0.0299 -0.0600 -0.9978
vn -0.8710 -0.1949 -0.4509
vn -0.8169 -0.3824 -0.4319
vn -0.8196 -0.1301 0.5579
vn 0.0574 0.0653 0.9962
vn 0.0297 0.1612 0.9865
vn 0.5347 0.1498 0.8316
vn 0.8710 0.1949 0.4509
vn 0.9988 0.0198 -0.0456
vn 0.4666 0.0402 -0.8836
vn -0.0400 0.0351 -0.9986
vn -0.5214 -0.1476 -0.8405
vn -0.9801 -0.1884 0.0632
vn -0.8297 -0.0351 0.5571
vn -0.4378 -0.0402 0.8982
vn -0.4381 -0.0370 0.8982
vn 0.5527 -0.0198 0.8331
vn 0.9869 -0.1498 -0.0593
vn 0.8450 0.0345 -0.5337
vn 0.4664 0.0370 -0.8838
vn -0.0334 0.1301 -0.9909
vn -0.5275 0.1884 -0.8284
vn -0.5392 0.0203 -0.8419
vn -0.9862 0.1476 0.0753
vn -0.9979 -0.0204 0.0617
vn -0.8231 0.0600 0.5648
vn -0.4380 -0.0433 0.8979
vn 0.0680 -0.0345 0.9971
vn 0.5409 -0.1894 0.8195
vn 0.9458 -0.3129 -0.0875
vn 0.8380 -0.0653 -0.5417
vn 0.4656 0.0340 -0.8843
vn -0.4867 0.3499 -0.8004
vn -0.8308 0.3824 -0.4044
vn -0.9454 0.3092 0.1032
vn -0.4387 -0.0464 0.8974
vn 0.0610 -0.1343 0.9891
vn 0.4997 -0.3524 0.7912
vn 0.8308 -0.3824 0.4045
vn 0.8768 -0.4631 -0.1293
vn 0.8138 -0.1613 -0.5583
vn 0.4644 0.0312 -0.8851
vn 0.0283 0.3058 -0.9517
vn -0.0103 0.2215 -0.9751
vn -0.4184 0.4988 -0.7590
vn -0.8771 0.4581 0.1446
vn -0.8000 0.1514 0.5806
vn -0.7613 0.2356 0.6040
vn -0.4400 -0.0491 0.8966
vn 0.0368 -0.2303 0.9724
vn -0.0038 -0.3187 0.9479
vn 0.4308 -0.5027 0.7495
vn 0.7179 -0.3272 -0.6145
vn 0.7732 -0.2497 -0.5829
vn 0.0811 0.3796 -0.9216
vn -0.3252 0.6293 -0.7058
vn -0.7839 0.5886 0.1978
vn -0.7086 0.3095 0.6341
vn -0.0591 -0.3962 0.9163
vn 0.6275 -0.7243 0.2858
vn 0.7827 -0.5948 -0.1830
vn 0.7861 -0.2779 -0.5522
vn 0.4626 0.0288 -0.8861
vn 0.6262 0.1470 -0.7657
vn 0.0276 0.8698 -0.4926
vn -0.2502 0.9646 -0.0835
vn -0.4123 0.8307 0.3740
vn -0.2524 0.0690 0.9652
vn -0.4418 -0.0516 0.8956
vn 0.0296 -0.3451 0.9381
vn 0.3367 -0.6345 0.6958
vn 0.6584 -0.7129 -0.2415
vn 0.7861 -0.5953 -0.1664
vn 0.7067 -0.3664 -0.6052
vn 0.6137 0.1009 -0.7831
vn 0.4054 0.5631 -0.7201
vn 0.3492 0.5685 -0.7449
vn 0.1412 0.8904 -0.4328
vn -0.1110 0.9937 -0.0116
vn -0.2976 0.8514 0.4319
vn -0.4145 0.5007 0.7599
vn -0.3612 0.4951 0.7902
vn -0.2720 0.0222 0.9620
vn -0.0568 -0.4342 0.8990
vn 0.3521 -0.6338 0.6887
vn 0.2203 -0.7518 0.6215
vn -0.6011 -0.7242 -0.3378
vn -0.1937 -0.7129 -0.6740
vn -0.4503 -0.8520 -0.2670
vn -0.3297 -0.5953 -0.7328
vn 0.0714 -0.3664 -0.9277
vn -0.0183 -0.2779 -0.9604
vn 0.2698 0.1009 -0.9576
vn 0.2484 0.1470 -0.9574
vn 0.3419 0.5631 -0.7523
vn 0.3951 0.5685 -0.7216
vn 0.2660 0.8904 -0.3695
vn 0.3814 0.8698 -0.3130
vn 0.0749 0.9938 0.0828
vn -0.0585 0.8307 0.5536
vn -0.1729 0.8514 0.4952
vn -0.3687 0.5007 0.7832
vn -0.4247 0.4951 0.7580
vn -0.6301 0.0690 0.7734
vn -0.6160 0.0222 0.7875
vn -0.7747 -0.3451 0.5298
vn -0.6922 -0.4342 0.5765
vn -0.7638 -0.6338 0.1223
vn -0.6317 -0.7518 0.1890
vn -0.3143 -0.5948 -0.7398
vn 0.0723 -0.3272 -0.9422
vn 0.4422 0.0287 -0.8965
vn 0.6960 0.3796 -0.6094
vn 0.7617 0.6293 -0.1542
vn 0.2151 0.9646 0.1527
vn 0.3030 0.5886 0.7495
vn -0.0936 0.3095 0.9463
vn -0.4622 -0.0516 0.8853
vn -0.7047 -0.3962 0.5886
vn -0.7604 -0.6345 0.1389
vn -0.7313 -0.5551 -0.3962
vn -0.6177 -0.7065 -0.3454
vn 0.0141 -0.2497 -0.9682
vn 0.4404 0.0312 -0.8973
vn 0.8597 0.4988 -0.1104
vn 0.4010 0.4580 0.7934
vn -0.4640 -0.0491 0.8845
vn -0.7629 -0.3187 0.5625
vn -0.4876 -0.3128 -0.8151
vn -0.4132 -0.4631 -0.7841
vn 0.4390 0.0340 -0.8979
vn 0.7515 0.3058 -0.5846
vn 0.9334 0.3499 -0.0796
vn 0.4747 0.3092 0.8240
vn -0.0382 0.2356 0.9711
vn -0.4654 -0.0464 0.8839
vn -0.9337 -0.3525 0.0636
vn -0.8592 -0.5027 0.0947
vn -0.5347 -0.1498 -0.8316
vn -0.0297 -0.1612 -0.9865
vn 0.4381 0.0370 -0.8982
vn 0.8196 0.1301 -0.5580
vn 0.7932 0.2215 -0.5673
vn 0.9801 0.1884 -0.0633
vn 0.5214 0.1476 0.8405
vn 0.0035 0.1514 0.9885
vn 0.0300 0.0600 0.9977
vn -0.4663 -0.0433 0.8836
vn -0.8067 -0.2303 0.5443
vn -0.9808 -0.1894 0.0471
vn -0.0575 -0.0653 -0.9962
vn -0.8344 -0.1343 0.5345
vn 0.4813 -0.8520 0.2059
vn 0.3896 -0.8333 -0.3922
vn 0.4866 -0.4694 -0.7368
vn 0.4561 0.0204 -0.8897
vn 0.3030 0.5092 -0.8056
vn 0.0654 0.8636 -0.5000
vn -0.1919 0.9800 -0.0532
vn -0.3957 0.8226 0.4084
vn -0.4886 0.4389 0.7541
vn -0.4482 -0.0600 0.8919
vn -0.2892 -0.5383 0.7916
vn -0.0556 -0.8728 0.4848
vn 0.2384 -0.8500 -0.4697
vn 0.4525 0.0200 -0.8915
vn 0.3870 0.5186 -0.7624
vn 0.2149 0.8801 -0.4233
vn -0.4046 0.4483 0.7971
vn -0.4518 -0.0603 0.8901
vn -0.2067 -0.8896 0.4073
vn 0.0866 -0.8333 -0.5460
vn 0.3075 -0.4694 -0.8277
vn 0.3972 -0.4793 -0.7826
vn 0.4489 0.0204 -0.8933
vn 0.4714 0.5092 -0.7201
vn 0.3650 0.8636 -0.3479
vn -0.0961 0.8226 0.5604
vn -0.2461 0.8392 0.4849
vn -0.3202 0.4389 0.8395
vn -0.4554 -0.0600 0.8883
vn -0.3785 -0.5482 0.7458
vn -0.4683 -0.5383 0.7007
vn -0.3586 -0.8728 0.3311
vn 0.1563 0.9800 0.1235
vn -0.8238 -0.3827 -0.4181
vn -0.1821 -0.8607 -0.4755
vn -0.3413 -0.9239 -0.1732
vn -0.0345 -0.0000 -0.9994
vn 0.3963 0.4830 -0.7808
vn -0.6129 0.3776 -0.6941
vn -0.8238 0.3827 -0.4181
vn 0.4705 -0.2767 -0.8379
vn 0.3984 -0.2768 -0.8744
vn 0.5283 -0.0916 -0.8441
vn 0.3963 -0.4831 -0.7807
vn -0.1222 -0.7812 -0.6122
vn 0.0469 -0.4267 -0.9032
vn 0.9525 0.2547 -0.1667
vn 0.9387 0.3070 0.1570
vn 0.3983 0.2767 -0.8745
vn 0.4707 0.2769 -0.8377
vn 0.3289 0.1100 -0.9380
vn 0.5664 -0.7812 -0.2627
vn 0.0788 -0.7525 -0.6539
vn -0.4279 -0.2547 -0.8672
vn -0.4065 0.4623 -0.7880
vn 0.9387 -0.3070 0.1571
vn -0.1222 0.7812 -0.6122
vn 0.7014 0.4266 -0.5709
vn 0.7330 0.1414 -0.6654
vn 0.1150 -0.0000 -0.9934
vn 0.7340 -0.0000 -0.6791
vn 0.1045 -0.1414 -0.9844
vn 0.7329 -0.1414 -0.6655
vn 0.9525 -0.2547 -0.1667
vn -0.6808 0.3071 -0.6650
vn -0.6131 -0.0000 -0.7900
vn -0.6808 -0.3071 -0.6650
vn 0.0790 0.7525 -0.6539
vn 0.5663 0.7812 -0.2627
vn 0.9978 -0.0650 -0.0149
vn 0.9996 -0.0000 0.0288
vn -0.4065 -0.4623 -0.7881
vn 0.3289 -0.1100 -0.9380
vn -0.6129 -0.3776 -0.6941
vn 0.4913 0.8607 -0.1337
vn 0.8761 0.4623 -0.1371
vn 0.8760 -0.4624 -0.1371
vn 0.4813 -0.7524 -0.4497
vn 0.4813 0.7525 -0.4496
vn -0.5789 -0.0617 -0.8130
vn 0.9862 -0.1476 -0.0752
vn -0.4666 -0.0401 0.8835
vn 0.4388 0.0463 -0.8974
vn 0.9454 -0.3092 -0.1033
vn 0.4867 -0.3499 0.8004
vn -0.9869 0.1498 0.0592
vn 0.0038 0.3187 -0.9478
vn 0.7613 -0.2357 -0.6040
vn -0.4308 0.5027 -0.7495
vn 0.4400 0.0492 -0.8966
vn 0.7515 -0.5551 0.3565
vn -0.4626 -0.0287 0.8861
vn 0.3252 -0.6293 0.7059
vn -0.1458 -0.4402 0.8860
vn -0.4604 -0.0267 0.8873
vn -0.6672 0.7029 0.2465
vn 0.5379 -0.7753 -0.3311
vn -0.6499 0.3908 0.6519
vn 0.3946 -0.8243 -0.4060
vn -0.3859 -0.5224 0.7604
vn -0.4525 -0.0240 0.8915
vn -0.3086 0.4672 0.8286
vn -0.4469 -0.0253 0.8942
vn 0.0593 0.7833 0.6188
vn -0.6291 -0.4402 0.6407
vn 0.1948 0.7030 0.6840
vn 0.4803 0.8308 0.2812
vn 0.0382 -0.2356 -0.9711
vn -0.4422 -0.0287 0.8965
vn 0.9337 0.3525 -0.0637
vn 0.4654 0.0464 -0.8839
vn 0.4640 0.0491 -0.8845
vn -0.0035 -0.1514 -0.9885
vn -0.7932 -0.2215 0.5673
vn -0.4403 -0.0312 0.8973
vn 0.8067 0.2303 -0.5443
vn -0.0299 -0.0600 -0.9977
vn -0.8196 -0.1301 0.5580
vn 0.0296 0.1612 0.9865
vn 0.5348 0.1498 0.8316
vn -0.5392 0.0204 -0.8419
vn -0.9979 -0.0204 0.0618
vn 0.9458 -0.3128 -0.0875
vn 0.0611 -0.1343 0.9891
vn 0.4997 -0.3525 0.7912
vn 0.8138 -0.1612 -0.5583
vn -0.7613 0.2357 0.6040
vn -0.0038 -0.3187 0.9478
vn 0.0810 0.3796 -0.9216
vn 0.6275 -0.7242 0.2859
vn 0.4626 0.0287 -0.8861
vn 0.7067 -0.3663 -0.6052
vn 0.3493 0.5685 -0.7449
vn 0.1412 0.8904 -0.4327
vn -0.2977 0.8514 0.4319
vn -0.2721 0.0222 0.9620
vn -0.6011 -0.7243 -0.3378
vn -0.3297 -0.5952 -0.7328
vn 0.0714 -0.3663 -0.9277
vn 0.3419 0.5632 -0.7523
vn 0.2659 0.8904 -0.3695
vn 0.0749 0.9937 0.0828
vn -0.7638 -0.6338 0.1224
vn 0.6961 0.3796 -0.6094
vn 0.7617 0.6293 -0.1541
vn 0.2151 0.9646 0.1526
vn 0.4403 0.0312 -0.8973
vn 0.8597 0.4988 -0.1103
vn 0.4010 0.4581 0.7933
vn -0.4640 -0.0492 0.8845
vn 0.7313 0.5551 0.3963
vn 0.4747 0.3092 0.8241
vn -0.9337 -0.3525 0.0637
vn 0.8196 0.1301 -0.5579
vn 0.7932 0.2216 -0.5673
vn 0.9801 0.1884 -0.0632
vn -0.0574 -0.0653 -0.9962
vn -0.4887 0.4389 0.7541
vn 0.2384 -0.8501 -0.4697
vn -0.2462 0.8392 0.4850
vn -0.4554 -0.0599 0.8883
vn -0.8138 -0.3827 -0.4373
vn -0.1709 -0.8606 -0.4797
vn -0.3371 -0.9239 -0.1811
vn -0.0110 -0.0000 -0.9999
vn 0.4145 0.4830 -0.7713
vn 0.3910 0.0917 -0.9158
vn 0.9198 -0.3776 0.1065
vn 0.3371 -0.9239 0.1812
vn 0.4943 -0.8607 -0.1222
vn -0.3371 0.9239 -0.1811
vn -0.5964 0.3776 -0.7083
vn -0.8138 0.3827 -0.4373
vn 0.4902 -0.2774 -0.8263
vn 0.4185 -0.2780 -0.8646
vn 0.5820 -0.1100 -0.8057
vn 0.8400 -0.0000 -0.5425
vn 0.5479 -0.0917 -0.8315
vn 0.5821 0.1100 -0.8057
vn 0.4145 -0.4830 -0.7713
vn 0.3910 -0.0917 -0.9158
vn 0.7146 -0.4266 -0.5544
vn -0.1079 -0.7812 -0.6149
vn 0.0680 -0.4266 -0.9019
vn 0.9562 0.2548 -0.1443
vn 0.9441 -0.0673 0.3227
vn 0.9347 0.3070 0.1790
vn 0.4185 0.2782 -0.8645
vn 0.4901 0.2773 -0.8264
vn 0.3507 0.1100 -0.9300
vn 0.5724 -0.7811 -0.2494
vn 0.0941 -0.7525 -0.6518
vn -0.7901 0.0673 -0.6092
vn -0.4075 -0.2547 -0.8770
vn -0.3881 0.4623 -0.7973
vn 0.5479 0.0917 -0.8315
vn 0.9262 0.2072 0.3150
vn 0.9347 -0.3070 0.1790
vn 0.9980 -0.0617 0.0108
vn -0.1080 0.7811 -0.6150
vn 0.7146 0.4266 -0.5544
vn 0.0680 0.4266 -0.9019
vn 0.1275 0.1414 -0.9817
vn 0.7483 0.1414 -0.6482
vn 0.1382 -0.0000 -0.9904
vn 0.7496 -0.0000 -0.6619
vn 0.1275 -0.1414 -0.9817
vn 0.7483 -0.1414 -0.6482
vn 0.9441 0.0673 0.3227
vn 0.9562 -0.2548 -0.1443
vn -0.6651 0.3070 -0.6807
vn -0.7738 -0.2072 -0.5986
vn -0.7902 -0.0673 -0.6092
vn -0.5576 -0.0650 -0.8275
vn -0.8092 -0.2688 -0.5225
vn -0.5945 -0.0000 -0.8041
vn -0.8809 -0.0000 -0.4734
vn -0.8092 0.2688 -0.5225
vn -0.5577 0.0650 -0.8275
vn -0.7738 0.2072 -0.5986
vn -0.6651 -0.3070 -0.6807
vn 0.0942 0.7525 -0.6519
vn 0.5724 0.7811 -0.2494
vn 0.9262 -0.2072 0.3150
vn 0.9980 0.0616 0.0108
vn 0.9979 -0.0650 0.0083
vn 0.8823 -0.2688 0.3864
vn 0.9986 -0.0000 0.0520
vn 0.8823 0.2688 0.3864
vn 0.9979 0.0650 0.0083
vn -0.4074 0.2548 -0.8770
vn -0.3879 -0.4623 -0.7973
vn 0.3507 -0.1100 -0.9300
vn 0.9198 0.3776 0.1066
vn -0.5964 -0.3776 -0.7083
vn 0.4943 0.8607 -0.1222
vn -0.1709 0.8606 -0.4797
vn 0.8791 0.4623 -0.1164
vn 0.8790 -0.4623 -0.1165
vn 0.4916 -0.7526 -0.4382
vn 0.4915 0.7526 -0.4382
vn 0.8138 0.3827 0.4373
vn 0.3371 0.9239 0.1811
vn -0.5598 -0.0617 -0.8264
vn -0.5598 0.0616 -0.8263
vn 0.8138 -0.3827 0.4373
vn 0.8809 -0.0000 0.4734
vn -0.8677 0.1949 -0.4573
vn -0.5331 0.0198 -0.8458
vn -0.5216 0.1894 -0.8319
vn -0.0447 0.0345 -0.9984
vn -0.0379 0.1343 -0.9902
vn 0.4586 0.0402 -0.8877
vn 0.4589 0.0433 -0.8874
vn 0.8425 0.0351 -0.5376
vn 0.9877 -0.1476 -0.0522
vn 0.9991 0.0204 -0.0384
vn 0.8677 -0.1949 0.4574
vn 0.5194 -0.0204 0.8543
vn 0.5079 -0.1884 0.8405
vn 0.0167 -0.0351 0.9992
vn -0.4869 -0.0370 0.8727
vn -0.4872 -0.0402 0.8724
vn -0.8505 0.0653 0.5220
vn -0.8572 -0.0345 0.5138
vn -0.9996 -0.0198 0.0222
vn -0.8211 0.3824 -0.4238
vn -0.0141 0.2303 -0.9730
vn 0.4596 0.0464 -0.8869
vn 0.8361 -0.0600 -0.5454
vn 0.9475 -0.3092 -0.0811
vn 0.8211 -0.3824 0.4238
vn 0.4678 -0.3499 0.8116
vn 0.0102 -0.1301 0.9914
vn -0.4862 -0.0340 0.8732
vn -0.8266 0.1612 0.5391
vn -0.9881 0.1498 0.0362
vn -0.7430 0.5551 -0.3739
vn -0.4811 0.3525 -0.8027
vn 0.0259 0.3187 -0.9475
vn 0.7752 -0.2356 -0.5861
vn 0.8133 -0.1514 -0.5617
vn 0.8802 -0.4581 -0.1241
vn 0.4005 -0.4988 0.7686
vn -0.0125 -0.2215 0.9751
vn -0.0506 -0.3058 0.9508
vn -0.7866 0.2497 0.5647
vn -0.9476 0.3128 0.0654
vn -0.3203 0.6345 -0.7035
vn -0.4132 0.5027 -0.7593
vn 0.4626 0.0516 -0.8851
vn 0.4609 0.0491 -0.8861
vn 0.7232 -0.3095 -0.6174
vn 0.6363 -0.7065 0.3097
vn 0.7430 -0.5551 0.3739
vn -0.1026 -0.3796 0.9194
vn -0.4849 -0.0312 0.8740
vn -0.4832 -0.0287 0.8750
vn -0.7868 0.5949 0.1646
vn -0.8796 0.4631 0.1087
vn -0.6363 0.7065 -0.3097
vn -0.2063 0.7426 -0.6372
vn 0.0805 0.3962 -0.9146
vn 0.4647 0.0536 -0.8838
vn 0.6593 -0.3701 -0.6545
vn 0.6753 -0.6957 -0.2451
vn 0.7883 -0.5886 -0.1794
vn 0.5052 -0.8308 0.2336
vn 0.3086 -0.6293 0.7133
vn 0.1956 -0.7364 0.6477
vn -0.1665 -0.4402 0.8823
vn -0.4811 -0.0267 0.8763
vn -0.7320 0.3272 0.5975
vn -0.6727 0.7030 0.2308
vn -0.3547 0.9231 -0.1485
vn -0.5052 0.8308 -0.2336
vn -0.0753 0.8229 -0.5632
vn 0.1476 0.4598 -0.8757
vn 0.4672 0.0551 -0.8825
vn 0.5455 -0.7753 -0.3184
vn 0.3547 -0.9231 0.1485
vn 0.0658 -0.8160 0.5743
vn -0.4786 -0.0252 0.8776
vn -0.6649 0.3908 0.6365
vn -0.5418 0.7833 0.3049
vn -0.1905 0.9800 -0.0576
vn 0.0675 0.8724 -0.4842
vn 0.2247 0.5071 -0.8321
vn 0.4698 0.0560 -0.8810
vn 0.5859 -0.4151 -0.6960
vn 0.5058 -0.4429 -0.7403
vn 0.4040 -0.8243 -0.3967
vn -0.0757 -0.8650 0.4960
vn -0.3200 -0.5130 0.7965
vn -0.2399 -0.4853 0.8408
vn -0.4760 -0.0243 0.8791
vn -0.5879 0.4381 0.6801
vn -0.3990 0.8327 0.3839
vn 0.2167 0.8891 -0.4032
vn 0.3965 0.5460 -0.7380
vn 0.3088 0.5362 -0.7856
vn 0.4726 0.0563 -0.8795
vn 0.2562 -0.8408 -0.4769
vn 0.1905 -0.9800 0.0576
vn -0.2235 -0.8816 0.4158
vn -0.4036 -0.5224 0.7511
vn -0.4160 0.4770 0.7742
vn -0.5038 0.4672 0.7266
vn -0.2498 0.8494 0.4648
vn 0.1532 0.9800 0.1270
vn -0.0190 0.9992 0.0354
vn 0.3665 0.8724 -0.3235
vn 0.4847 0.5362 -0.6911
vn 0.4754 0.0560 -0.8780
vn 0.4222 -0.4522 -0.7857
vn 0.3382 -0.4429 -0.8304
vn 0.1078 -0.8243 -0.5559
vn 0.0190 -0.9992 -0.0354
vn -0.1532 -0.9800 -0.1271
vn -0.4876 -0.5130 0.7064
vn -0.4704 -0.0243 0.8821
vn -0.4732 -0.0240 0.8806
vn -0.3278 0.4672 0.8211
vn -0.0999 0.8327 0.5446
vn 0.5112 0.8229 -0.2480
vn 0.4781 0.0551 -0.8766
vn -0.0355 -0.7752 -0.6307
vn -0.3195 -0.9231 -0.2138
vn -0.3719 -0.8650 0.3368
vn -0.5152 -0.8160 0.2620
vn -0.5687 -0.4853 0.6641
vn -0.4677 -0.0252 0.8835
vn -0.2427 0.4381 0.8656
vn 0.0447 0.7833 0.6201
vn 0.3195 0.9231 0.2138
vn 0.6452 0.7426 -0.1797
vn 0.6487 0.4598 -0.6064
vn 0.5699 0.5071 -0.6466
vn 0.4806 0.0536 -0.8753
vn 0.2571 -0.4151 -0.8727
vn 0.1820 -0.3701 -0.9110
vn -0.1683 -0.6957 -0.6984
vn -0.6480 -0.7364 0.1943
vn -0.6439 -0.4402 0.6258
vn -0.4652 -0.0267 0.8848
vn -0.1638 0.3908 0.9058
vn 0.1788 0.7029 0.6884
vn 0.6094 0.7065 0.3597
vn 0.4736 0.8308 0.2924
vn 0.7183 0.3962 -0.5719
vn 0.1157 -0.3095 -0.9438
vn -0.6094 -0.7065 -0.3597
vn -0.4736 -0.8308 -0.2924
vn -0.7651 -0.6293 0.1363
vn -0.7101 -0.3796 0.5930
vn -0.0943 0.3272 0.9402
vn 0.2969 0.5948 0.7470
vn 0.7219 0.5551 0.4132
vn 0.7634 0.6345 -0.1211
vn 0.7758 0.3187 -0.5445
vn 0.4828 0.0516 -0.8742
vn 0.0609 -0.2357 -0.9699
vn -0.2854 -0.5886 -0.7564
vn -0.7219 -0.5551 -0.4132
vn -0.7649 -0.3058 0.5669
vn -0.4630 -0.0287 0.8859
vn -0.0367 0.2497 0.9676
vn 0.8065 0.3824 0.4509
vn 0.8612 0.5027 -0.0745
vn 0.9349 0.3525 -0.0418
vn 0.4859 0.0463 -0.8728
vn 0.4846 0.0491 -0.8734
vn 0.0196 -0.1514 -0.9883
vn -0.3823 -0.4581 -0.8025
vn -0.4553 -0.3092 -0.8349
vn -0.9350 -0.3500 0.0578
vn -0.8620 -0.4988 0.0902
vn -0.8062 -0.2216 0.5485
vn -0.4612 -0.0312 0.8867
vn -0.4599 -0.0340 0.8873
vn 0.4684 0.3128 0.8263
vn 0.3947 0.4631 0.7935
vn 0.9816 0.1894 -0.0242
vn 0.8467 0.1343 -0.5149
vn 0.8192 0.2302 -0.5253
vn 0.4868 0.0433 -0.8724
vn -0.0066 -0.0600 -0.9982
vn -0.8602 -0.1949 -0.4712
vn -0.8065 -0.3824 -0.4509
vn -0.8324 -0.1301 0.5386
vn 0.0341 0.0653 0.9973
vn 0.0066 0.1613 0.9869
vn 0.5151 0.1498 0.8439
vn 0.8602 0.1949 0.4712
vn 0.9996 0.0198 -0.0223
vn 0.4871 0.0402 -0.8724
vn -0.0167 0.0351 -0.9992
vn -0.5016 -0.1476 -0.8524
vn -0.8809 -0.0000 -0.4733
vn -0.9813 -0.1884 0.0403
vn -0.8425 -0.0351 0.5376
vn -0.4587 -0.0402 0.8877
vn -0.4590 -0.0370 0.8877
vn 0.5331 -0.0198 0.8458
vn 0.8809 -0.0000 0.4733
vn 0.9881 -0.1498 -0.0362
vn 0.8572 0.0345 -0.5138
vn 0.4869 0.0370 -0.8727
vn -0.0102 0.1301 -0.9914
vn -0.5079 0.1884 -0.8405
vn -0.5193 0.0204 -0.8543
vn -0.9877 0.1476 0.0522
vn -0.9991 -0.0204 0.0384
vn -0.8360 0.0600 0.5454
vn -0.4589 -0.0433 0.8874
vn 0.0447 -0.0345 0.9984
vn 0.5216 -0.1894 0.8319
vn 0.9476 -0.3128 -0.0654
vn 0.8505 -0.0653 -0.5220
vn 0.4862 0.0340 -0.8732
vn -0.4678 0.3499 -0.8116
vn -0.9475 0.3092 0.0811
vn -0.4596 -0.0464 0.8869
vn 0.0379 -0.1343 0.9902
vn 0.4811 -0.3525 0.8027
vn 0.8796 -0.4631 -0.1087
vn 0.8266 -0.1612 -0.5391
vn 0.4849 0.0312 -0.8740
vn 0.0506 0.3058 -0.9508
vn 0.0125 0.2215 -0.9751
vn -0.4005 0.4988 -0.7686
vn -0.8802 0.4581 0.1241
vn -0.8133 0.1514 0.5617
vn -0.7753 0.2356 0.5860
vn -0.4609 -0.0491 0.8861
vn 0.0141 -0.2303 0.9730
vn -0.0259 -0.3187 0.9475
vn 0.4131 -0.5028 0.7593
vn 0.7320 -0.3272 -0.5976
vn 0.7866 -0.2497 -0.5647
vn 0.1026 0.3796 -0.9194
vn -0.3086 0.6293 -0.7133
vn -0.7883 0.5886 0.1795
vn -0.7232 0.3095 0.6174
vn -0.0805 -0.3962 0.9146
vn 0.6206 -0.7242 0.3005
vn 0.7868 -0.5948 -0.1646
vn 0.7988 -0.2779 -0.5336
vn 0.4832 0.0287 -0.8750
vn 0.6439 0.1471 -0.7508
vn 0.0391 0.8698 -0.4918
vn -0.2482 0.9646 -0.0893
vn -0.4210 0.8307 0.3643
vn -0.2749 0.0690 0.9590
vn -0.4626 -0.0516 0.8851
vn 0.0077 -0.3451 0.9385
vn 0.3203 -0.6345 0.7034
vn 0.6638 -0.7129 -0.2260
vn 0.7898 -0.5953 -0.1480
vn 0.7207 -0.3664 -0.5885
vn 0.6319 0.1009 -0.7685
vn 0.4221 0.5632 -0.7104
vn 0.3666 0.5685 -0.7365
vn 0.1513 0.8904 -0.4293
vn -0.1107 0.9937 -0.0142
vn -0.3077 0.8514 0.4248
vn -0.4322 0.5007 0.7500
vn -0.3796 0.4951 0.7816
vn -0.2945 0.0222 0.9554
vn -0.0778 -0.4342 0.8975
vn 0.3359 -0.6338 0.6968
vn 0.2057 -0.7518 0.6265
vn -0.5931 -0.7242 -0.3518
vn -0.1779 -0.7129 -0.6783
vn -0.4439 -0.8520 -0.2774
vn -0.3125 -0.5953 -0.7403
vn 0.0930 -0.3663 -0.9258
vn 0.0042 -0.2779 -0.9606
vn 0.2921 0.1009 -0.9510
vn 0.2707 0.1470 -0.9514
vn 0.3594 0.5632 -0.7441
vn 0.4119 0.5685 -0.7122
vn 0.2745 0.8904 -0.3631
vn 0.3886 0.8698 -0.3040
vn 0.0729 0.9937 0.0845
vn -0.0714 0.8307 0.5521
vn -0.1845 0.8514 0.4910
vn -0.3869 0.5007 0.7743
vn -0.4423 0.4951 0.7479
vn -0.6480 0.0690 0.7585
vn -0.6342 0.0222 0.7728
vn -0.7869 -0.3451 0.5116
vn -0.7055 -0.4342 0.5602
vn -0.7664 -0.6338 0.1044
vn -0.6360 -0.7518 0.1742
vn -0.2969 -0.5948 -0.7470
vn 0.0943 -0.3272 -0.9402
vn 0.4630 0.0287 -0.8859
vn 0.7101 0.3796 -0.5930
vn 0.7651 0.6293 -0.1363
vn 0.2114 0.9646 0.1576
vn 0.2854 0.5886 0.7564
vn -0.1157 0.3095 0.9438
vn -0.4828 -0.0516 0.8742
vn -0.7183 -0.3962 0.5719
vn -0.7634 -0.6345 0.1211
vn 0.0367 -0.2497 -0.9676
vn 0.4612 0.0312 -0.8867
vn 0.8620 0.4988 -0.0902
vn 0.3823 0.4581 0.8025
vn -0.4846 -0.0491 0.8734
vn -0.7758 -0.3187 0.5445
vn -0.4684 -0.3128 -0.8263
vn -0.3948 -0.4631 -0.7935
vn 0.4599 0.0340 -0.8873
vn 0.7650 0.3058 -0.5669
vn 0.9350 0.3499 -0.0577
vn 0.4553 0.3092 0.8349
vn -0.0609 0.2357 0.9699
vn -0.4859 -0.0463 0.8728
vn -0.9349 -0.3525 0.0418
vn -0.8612 -0.5027 0.0745
vn -0.8066 -0.3824 -0.4509
vn -0.5151 -0.1498 -0.8439
vn -0.0066 -0.1612 -0.9869
vn 0.4590 0.0370 -0.8877
vn 0.8324 0.1301 -0.5386
vn 0.8062 0.2216 -0.5485
vn 0.9813 0.1884 -0.0403
vn 0.8066 0.3824 0.4508
vn 0.5016 0.1476 0.8524
vn -0.0196 0.1514 0.9883
vn 0.0066 0.0600 0.9982
vn -0.4868 -0.0433 0.8724
vn -0.8192 -0.2302 0.5253
vn -0.9816 -0.1894 0.0241
vn -0.8602 -0.1949 -0.4711
vn -0.0341 -0.0653 -0.9973
vn 0.8602 0.1949 0.4711
vn -0.8467 -0.1343 0.5149
vn 0.4764 -0.8520 0.2171
vn 0.3987 -0.8333 -0.3830
vn 0.5037 -0.4694 -0.7252
vn 0.4768 0.0204 -0.8788
vn 0.3217 0.5092 -0.7982
vn 0.0771 0.8636 -0.4983
vn -0.1906 0.9800 -0.0577
vn -0.4051 0.8226 0.3990
vn -0.5061 0.4389 0.7424
vn -0.4689 -0.0600 0.8812
vn -0.3076 -0.5383 0.7846
vn -0.0669 -0.8728 0.4834
vn 0.2493 -0.8500 -0.4640
vn 0.4733 0.0200 -0.8807
vn 0.4047 0.5186 -0.7532
vn 0.2247 0.8801 -0.4182
vn -0.4231 0.4483 0.7874
vn -0.4725 -0.0603 0.8793
vn -0.2162 -0.8896 0.4024
vn 0.0994 -0.8333 -0.5438
vn 0.3268 -0.4694 -0.8203
vn 0.4154 -0.4793 -0.7731
vn 0.4697 0.0204 -0.8826
vn 0.4881 0.5092 -0.7088
vn 0.3730 0.8636 -0.3393
vn -0.1091 0.8226 0.5580
vn -0.2574 0.8392 0.4790
vn -0.3398 0.4389 0.8318
vn -0.4760 -0.0600 0.8774
vn -0.3959 -0.5482 0.7367
vn -0.4845 -0.5383 0.6896
vn -0.3662 -0.8728 0.3226
vn 0.1533 0.9800 0.1271
vn -0.7944 -0.3827 -0.4716
vn -0.3292 -0.9238 -0.1954
vn -0.4990 -0.8607 0.1008
vn -0.8624 -0.0000 0.5062
vn -0.5829 0.0917 0.8074
vn -0.4470 0.4831 0.7528
vn 0.5658 -0.3776 0.7330
vn 0.1504 -0.8607 0.4864
vn 0.3290 -0.9239 0.1953
vn -0.3291 0.9239 -0.1954
vn -0.7944 0.3827 -0.4716
vn -0.9144 0.3776 -0.1457
vn -0.4551 -0.2773 0.8462
vn -0.3901 -0.1099 0.9142
vn -0.5249 -0.2772 0.8048
vn -0.0315 -0.0000 0.9995
vn -0.3901 0.1100 0.9142
vn -0.4297 -0.0917 0.8983
vn -0.4470 -0.4832 0.7528
vn -0.5829 -0.0916 0.8074
vn -0.1063 -0.4266 0.8982
vn -0.7375 -0.4267 0.5235
vn -0.5824 -0.7812 0.2248
vn 0.3697 0.2548 0.8935
vn 0.6354 0.3071 0.7085
vn 0.7635 -0.0673 0.6423
vn -0.5251 0.2772 0.8046
vn -0.6159 0.1100 0.7801
vn -0.4550 0.2778 0.8460
vn 0.0816 -0.7812 0.6190
vn -0.5098 -0.7525 0.4169
vn -0.9295 0.0673 -0.3627
vn -0.8833 0.4621 0.0787
vn -0.9614 -0.2548 0.1034
vn -0.4297 0.0917 0.8983
vn 0.7476 0.2072 0.6310
vn 0.5242 -0.0616 0.8494
vn 0.6355 -0.3071 0.7084
vn -0.5824 0.7812 0.2248
vn -0.7375 0.4267 0.5235
vn -0.1064 0.4266 0.8982
vn -0.7753 0.1414 0.6156
vn -0.1692 0.1414 0.9754
vn -0.7773 -0.0000 0.6292
vn -0.1803 -0.0000 0.9836
vn -0.7753 -0.1414 0.6156
vn -0.1692 -0.1414 0.9754
vn 0.7635 0.0673 0.6423
vn 0.3696 -0.2549 0.8935
vn -0.9262 0.3072 -0.2186
vn -0.9295 -0.0673 -0.3627
vn -0.9119 -0.2072 -0.3542
vn -0.8650 -0.2688 -0.4237
vn -0.9966 -0.0650 -0.0510
vn -0.8599 -0.0000 -0.5105
vn -0.9955 -0.0000 -0.0947
vn -0.8650 0.2688 -0.4237
vn -0.9966 0.0650 -0.0510
vn -0.9119 0.2072 -0.3542
vn -0.9262 -0.3071 -0.2186
vn -0.5098 0.7525 0.4169
vn 0.0815 0.7812 0.6190
vn 0.5241 0.0616 0.8494
vn 0.7476 -0.2072 0.6310
vn 0.5219 -0.0650 0.8505
vn 0.7862 -0.2688 0.5565
vn 0.5597 -0.0000 0.8287
vn 0.5219 0.0650 0.8505
vn 0.7862 0.2688 0.5565
vn -0.9614 0.2548 0.1034
vn -0.8834 -0.4621 0.0787
vn -0.6159 -0.1100 0.7801
vn 0.5658 0.3776 0.7330
vn -0.9144 -0.3776 -0.1457
vn 0.1503 0.8607 0.4865
vn -0.4990 0.8607 0.1009
vn 0.3536 0.4624 0.8131
vn 0.3535 -0.4624 0.8132
vn -0.1220 -0.7525 0.6472
vn -0.1219 0.7525 0.6472
vn 0.7944 0.3827 0.4716
vn 0.3290 0.9239 0.1954
vn -0.9967 -0.0617 -0.0532
vn -0.9967 0.0617 -0.0532
vn 0.7944 -0.3827 0.4716
vn 0.8599 -0.0000 0.5105
vn -0.8394 0.1949 -0.5074
vn -0.9996 0.0198 -0.0204
vn -0.9817 0.1894 -0.0177
vn -0.8784 0.0345 0.4767
vn -0.8679 0.1343 0.4783
vn -0.5239 0.0402 0.8508
vn -0.5236 0.0433 0.8509
vn -0.0260 0.0351 0.9990
vn 0.4825 0.0204 0.8757
vn 0.4648 -0.1476 0.8730
vn 0.8394 -0.1950 0.5074
vn 0.9998 -0.0204 0.0043
vn 0.9821 -0.1884 0.0016
vn 0.8647 -0.0351 -0.5011
vn 0.4961 -0.0402 -0.8674
vn 0.4964 -0.0370 -0.8673
vn -0.0020 -0.0345 -0.9994
vn 0.0085 0.0653 -0.9978
vn -0.4965 -0.0198 -0.8678
vn -0.7866 0.3824 -0.4848
vn -0.8408 0.2303 0.4899
vn -0.5227 0.0463 0.8512
vn -0.0360 -0.0600 0.9975
vn 0.4193 -0.3092 0.8536
vn 0.7866 -0.3824 0.4848
vn 0.9366 -0.3499 -0.0179
vn 0.8546 -0.1302 -0.5027
vn 0.4973 -0.0340 -0.8669
vn 0.0355 0.1612 -0.9863
vn -0.4787 0.1498 -0.8651
vn -0.7036 0.5551 -0.4436
vn -0.9358 0.3525 0.0019
vn -0.7984 0.3187 0.5110
vn -0.0617 -0.1514 0.9865
vn -0.1022 -0.2356 0.9665
vn 0.3477 -0.4581 0.8181
vn 0.8651 -0.4988 -0.0534
vn 0.8289 -0.2215 -0.5136
vn 0.7884 -0.3058 -0.5337
vn 0.0780 0.2497 -0.9652
vn -0.4328 0.3128 -0.8455
vn -0.8636 0.5027 0.0377
vn -0.7679 0.6345 0.0884
vn -0.5214 0.0491 0.8519
vn -0.5196 0.0516 0.8529
vn -0.1558 -0.3095 0.9380
vn 0.7036 -0.5551 0.4436
vn 0.5935 -0.7065 0.3854
vn 0.7348 -0.3796 -0.5622
vn 0.4986 -0.0312 -0.8662
vn 0.5004 -0.0287 -0.8653
vn -0.3606 0.4631 -0.8096
vn -0.2648 0.5948 -0.7590
vn -0.5936 0.7065 -0.3854
vn -0.6523 0.7426 0.1520
vn -0.7420 0.3962 0.5408
vn -0.5174 0.0536 0.8540
vn -0.2206 -0.3701 0.9024
vn 0.2529 -0.5885 0.7679
vn 0.1384 -0.6957 0.7049
vn 0.4607 -0.8308 0.3123
vn 0.7702 -0.6293 -0.1036
vn 0.6557 -0.7364 -0.1666
vn 0.6700 -0.4402 -0.5978
vn 0.5026 -0.0267 -0.8641
vn 0.1343 0.3272 -0.9354
vn -0.1492 0.7029 -0.6954
vn -0.3101 0.9231 -0.2273
vn -0.4607 0.8308 -0.3123
vn -0.5213 0.8229 0.2260
vn -0.6740 0.4598 0.5782
vn -0.5150 0.0551 0.8554
vn 0.0086 -0.7752 0.6316
vn 0.3101 -0.9231 0.2273
vn 0.5260 -0.8160 -0.2398
vn 0.5050 -0.0252 -0.8628
vn 0.2023 0.3908 -0.8980
vn -0.0183 0.7833 -0.6214
vn -0.1476 0.9800 -0.1335
vn -0.3800 0.8724 0.3076
vn -0.5969 0.5071 0.6217
vn -0.5124 0.0560 0.8569
vn -0.2940 -0.4151 0.8609
vn -0.3733 -0.4428 0.8152
vn -0.1314 -0.8243 0.5507
vn 0.3859 -0.8650 -0.3207
vn 0.5965 -0.4853 -0.6393
vn 0.5173 -0.5130 -0.6850
vn 0.5076 -0.0243 -0.8612
vn 0.2794 0.4381 -0.8544
vn 0.1231 0.8327 -0.5398
vn -0.2337 0.8891 0.3936
vn -0.5137 0.5362 0.6698
vn -0.4277 0.5460 0.7204
vn -0.5097 0.0563 0.8585
vn -0.2764 -0.8408 0.4655
vn 0.1477 -0.9800 0.1335
vn 0.2410 -0.8815 -0.4060
vn 0.4353 -0.5224 -0.7333
vn 0.3626 0.4672 -0.8064
vn 0.4487 0.4770 -0.7558
vn 0.2694 0.8494 -0.4538
vn 0.1879 0.9800 0.0657
vn 0.0205 0.9992 -0.0345
vn -0.0881 0.8724 0.4809
vn -0.3420 0.5362 0.7717
vn -0.5070 0.0560 0.8601
vn -0.4553 -0.4522 0.7670
vn -0.5369 -0.4428 0.7180
vn -0.4206 -0.8243 0.3791
vn -0.0205 -0.9992 0.0345
vn -0.1879 -0.9800 -0.0657
vn 0.3537 -0.5130 -0.7821
vn 0.5103 -0.0240 -0.8596
vn 0.5130 -0.0243 -0.8580
vn 0.5343 0.4672 -0.7044
vn 0.4150 0.8327 -0.3665
vn 0.0512 0.8229 0.5659
vn -0.5044 0.0551 0.8617
vn -0.5586 -0.7753 0.2949
vn -0.3480 -0.9231 -0.1634
vn 0.0968 -0.8650 -0.4924
vn -0.0413 -0.8160 -0.5766
vn 0.2756 -0.4853 -0.8298
vn 0.5156 -0.0253 -0.8564
vn 0.6163 0.4381 -0.6544
vn 0.5543 0.7833 -0.2815
vn 0.3480 0.9231 0.1634
vn 0.1789 0.7426 0.6455
vn -0.2600 0.5071 0.8218
vn -0.1849 0.4598 0.8686
vn -0.5020 0.0536 0.8632
vn -0.6150 -0.4151 0.6704
vn -0.6866 -0.3701 0.6258
vn -0.6851 -0.6957 0.2160
vn -0.1678 -0.7364 -0.6554
vn 0.2040 -0.4403 -0.8744
vn 0.5180 -0.0268 -0.8550
vn 0.6915 0.3908 -0.6076
vn 0.6820 0.7029 -0.2019
vn 0.6225 0.7065 0.3365
vn 0.4948 0.8308 0.2549
vn -0.1195 0.3962 0.9104
vn -0.7489 -0.3095 0.5860
vn -0.4948 -0.8308 -0.2549
vn -0.6225 -0.7065 -0.3365
vn -0.2779 -0.6293 -0.7258
vn 0.1417 -0.3796 -0.9142
vn 0.7569 0.3272 -0.5658
vn 0.7931 0.5948 -0.1309
vn 0.7264 0.5551 0.4053
vn 0.2901 0.6345 0.7165
vn -0.0663 0.3187 0.9455
vn -0.5000 0.0516 0.8645
vn -0.7995 -0.2357 0.5525
vn -0.7952 -0.5886 0.1457
vn -0.7264 -0.5551 -0.4053
vn 0.0911 -0.3058 -0.9477
vn 0.5201 -0.0287 -0.8537
vn 0.8100 0.2497 -0.5306
vn 0.8023 0.3824 0.4584
vn 0.3804 0.5027 0.7762
vn 0.4464 0.3525 0.8225
vn -0.4983 0.0491 0.8656
vn -0.4970 0.0463 0.8665
vn -0.8366 -0.1514 0.5265
vn -0.8847 -0.4581 0.0864
vn -0.9501 -0.3092 0.0406
vn -0.3674 -0.4988 -0.7850
vn -0.4328 -0.3499 -0.8308
vn 0.0540 -0.2215 -0.9737
vn 0.5218 -0.0312 -0.8525
vn 0.5230 -0.0340 -0.8517
vn 0.8834 0.4631 -0.0711
vn 0.9495 0.3128 -0.0249
vn 0.4857 0.1894 0.8534
vn -0.0275 0.2302 0.9727
vn -0.0044 0.1343 0.9909
vn -0.4963 0.0433 0.8671
vn -0.8585 -0.0600 0.5092
vn -0.8023 -0.3824 -0.4584
vn -0.8474 -0.1950 -0.4939
vn 0.0320 -0.1301 -0.9910
vn 0.8489 0.1612 -0.5034
vn 0.8720 0.0653 -0.4852
vn 0.9887 0.1498 0.0060
vn 0.8474 0.1949 0.4939
vn 0.4965 0.0198 0.8678
vn -0.4961 0.0402 0.8673
vn -0.8646 0.0351 0.5012
vn -0.9890 -0.1476 0.0100
vn -0.4717 -0.1884 -0.8614
vn 0.0260 -0.0351 -0.9990
vn 0.5237 -0.0370 -0.8511
vn 0.5239 -0.0402 -0.8508
vn 0.9996 -0.0198 0.0204
vn 0.4787 -0.1498 0.8651
vn 0.0020 0.0345 0.9994
vn -0.4964 0.0370 0.8673
vn -0.8546 0.1301 0.5026
vn -0.9998 0.0204 -0.0042
vn -0.9821 0.1883 -0.0016
vn -0.4825 -0.0204 -0.8757
vn -0.4648 0.1477 -0.8730
vn 0.0359 0.0600 -0.9976
vn 0.5236 -0.0433 -0.8509
vn 0.8784 -0.0345 -0.4767
vn 0.9817 -0.1894 0.0177
vn 0.8394 -0.1949 0.5074
vn 0.4328 -0.3128 0.8455
vn -0.0085 -0.0653 0.9978
vn -0.4973 0.0340 0.8669
vn -0.9366 0.3499 0.0179
vn -0.8393 0.1949 -0.5074
vn -0.4193 0.3092 -0.8536
vn 0.5227 -0.0464 -0.8512
vn 0.8679 -0.1343 -0.4783
vn 0.9358 -0.3525 -0.0019
vn 0.3605 -0.4631 0.8096
vn -0.0355 -0.1612 0.9863
vn -0.4986 0.0312 0.8663
vn -0.8289 0.2216 0.5137
vn -0.7884 0.3058 0.5338
vn -0.8651 0.4988 0.0534
vn -0.3477 0.4580 -0.8181
vn 0.0617 0.1514 -0.9865
vn 0.1022 0.2356 -0.9665
vn 0.5214 -0.0491 -0.8519
vn 0.8408 -0.2303 -0.4899
vn 0.7983 -0.3187 -0.5110
vn 0.8636 -0.5027 -0.0378
vn 0.7036 -0.5551 0.4437
vn -0.0780 -0.2497 0.9652
vn -0.1343 -0.3272 0.9354
vn -0.7348 0.3796 0.5622
vn -0.7702 0.6293 0.1036
vn -0.2529 0.5886 -0.7679
vn 0.1558 0.3095 -0.9380
vn 0.7420 -0.3962 -0.5408
vn 0.5775 -0.7242 0.3767
vn 0.2648 -0.5949 0.7590
vn -0.0451 -0.2779 0.9596
vn -0.5004 0.0287 0.8653
vn -0.3111 0.1471 0.9389
vn -0.4012 0.8698 0.2872
vn -0.5935 0.7065 -0.3854
vn -0.2045 0.9646 -0.1665
vn 0.0949 0.8307 -0.5485
vn 0.5196 -0.0516 -0.8528
vn 0.6798 0.0690 -0.7302
vn 0.8080 -0.3451 -0.4775
vn 0.7679 -0.6345 -0.0884
vn 0.2806 -0.5952 0.7529
vn 0.1488 -0.7129 0.6853
vn -0.1325 -0.3663 0.9210
vn -0.3324 0.1009 0.9377
vn -0.4418 0.5685 0.6939
vn -0.3908 0.5632 0.7281
vn -0.2898 0.8904 0.3511
vn -0.0692 0.9938 -0.0876
vn 0.2052 0.8514 -0.4827
vn 0.4196 0.5007 -0.7571
vn 0.4738 0.4951 -0.7283
vn 0.6666 0.0222 -0.7451
vn 0.7287 -0.4342 -0.5296
vn 0.7702 -0.6338 -0.0717
vn 0.6428 -0.7518 -0.1469
vn -0.6073 -0.7242 -0.3266
vn -0.4667 -0.8520 -0.2372
vn -0.6729 -0.7129 0.1975
vn -0.7954 -0.5953 0.1142
vn -0.7451 -0.3664 0.5573
vn -0.8208 -0.2779 0.4991
vn -0.6641 0.1009 0.7408
vn -0.6754 0.1470 0.7227
vn -0.4521 0.5631 0.6917
vn -0.3977 0.5685 0.7202
vn -0.1695 0.8904 0.4225
vn -0.0600 0.8698 0.4897
vn 0.1100 0.9937 0.0189
vn 0.3255 0.8514 -0.4113
vn 0.4361 0.8307 -0.3460
vn 0.4125 0.4951 -0.7647
vn 0.4638 0.5007 -0.7309
vn 0.3350 0.0222 -0.9420
vn 0.3155 0.0690 -0.9464
vn 0.1160 -0.4342 -0.8933
vn 0.0323 -0.3451 -0.9380
vn -0.1788 -0.7518 -0.6347
vn -0.3058 -0.6338 -0.7105
vn -0.7931 -0.5949 0.1309
vn -0.7568 -0.3272 0.5658
vn -0.5201 0.0287 0.8536
vn -0.1417 0.3796 0.9142
vn 0.2779 0.6293 0.7258
vn 0.2441 0.9646 0.0999
vn 0.7952 0.5886 -0.1456
vn 0.7489 0.3095 -0.5860
vn 0.4999 -0.0516 -0.8645
vn 0.1195 -0.3962 -0.9104
vn -0.2900 -0.6344 -0.7165
vn -0.8100 -0.2497 0.5306
vn -0.5217 0.0312 0.8525
vn 0.3674 0.4988 0.7850
vn 0.6226 0.7065 0.3365
vn 0.8847 0.4581 -0.0864
vn 0.4982 -0.0492 -0.8657
vn 0.0663 -0.3187 -0.9455
vn -0.8834 -0.4631 0.0711
vn -0.9495 -0.3128 0.0249
vn -0.5230 0.0340 0.8517
vn -0.0911 0.3058 0.9477
vn 0.4328 0.3499 0.8308
vn 0.9501 0.3092 -0.0406
vn 0.7995 0.2356 -0.5525
vn 0.4970 -0.0464 -0.8665
vn -0.3803 -0.5027 -0.7763
vn -0.4464 -0.3525 -0.8225
vn -0.9887 -0.1498 -0.0060
vn -0.8489 -0.1612 0.5034
vn -0.5237 0.0370 0.8511
vn -0.0541 0.2215 0.9737
vn -0.0321 0.1301 0.9910
vn 0.4717 0.1884 0.8614
vn 0.9890 0.1476 -0.0100
vn 0.8365 0.1514 -0.5266
vn 0.8586 0.0600 -0.5092
vn 0.4963 -0.0433 -0.8671
vn 0.0275 -0.2303 -0.9727
vn -0.4856 -0.1894 -0.8534
vn -0.8474 -0.1949 -0.4939
vn -0.8720 -0.0653 0.4852
vn 0.0044 -0.1343 -0.9909
vn 0.4317 -0.8520 0.2961
vn -0.1225 -0.8333 0.5391
vn -0.3615 -0.4694 0.8056
vn -0.5069 0.0204 0.8618
vn -0.5179 0.5092 0.6874
vn -0.3872 0.8636 0.3231
vn -0.1478 0.9800 -0.1335
vn 0.1328 0.8226 -0.5529
vn 0.3749 0.4389 -0.8166
vn 0.5130 -0.0600 -0.8563
vn 0.5135 -0.5383 -0.6682
vn 0.3796 -0.8728 -0.3067
vn 0.1476 -0.9800 0.1335
vn -0.2689 -0.8500 0.4529
vn -0.5104 0.0201 0.8597
vn -0.4365 0.5186 0.7352
vn -0.2423 0.8801 0.4082
vn 0.4563 0.4483 -0.7686
vn 0.5095 -0.0603 -0.8583
vn 0.2332 -0.8896 -0.3928
vn -0.4146 -0.8333 0.3657
vn -0.4480 -0.4793 0.7547
vn -0.5342 -0.4694 0.7031
vn -0.5138 0.0204 0.8576
vn -0.3555 0.5092 0.7838
vn -0.0982 0.8636 0.4946
vn 0.2776 0.8392 -0.4676
vn 0.4218 0.8226 -0.3814
vn 0.5374 0.4389 -0.7202
vn 0.5061 -0.0600 -0.8604
vn 0.4269 -0.5482 -0.7192
vn 0.3408 -0.5383 -0.7708
vn 0.0875 -0.8728 -0.4801
vn 0.1880 0.9800 0.0658
vn -0.7944 -0.3827 -0.4717
vn -0.3290 -0.9239 -0.1953
vn -0.4991 -0.8606 0.1011
vn -0.8622 -0.0000 0.5065
vn -0.4470 0.4830 0.7529
vn 0.5656 -0.3776 0.7332
vn 0.1502 -0.8607 0.4865
vn 0.3291 -0.9238 0.1954
vn -0.3291 0.9239 -0.1953
vn -0.7944 0.3827 -0.4717
vn -0.9145 0.3776 -0.1455
vn -0.4551 -0.2774 0.8461
vn -0.5247 -0.2783 0.8045
vn -0.0318 -0.0000 0.9995
vn -0.3900 0.1100 0.9142
vn -0.4297 -0.0916 0.8983
vn -0.4470 -0.4830 0.7530
vn -0.5829 -0.0917 0.8074
vn -0.1065 -0.4267 0.8981
vn -0.7376 -0.4266 0.5234
vn 0.3695 0.2548 0.8936
vn 0.6355 0.3070 0.7085
vn 0.7634 -0.0673 0.6424
vn -0.5247 0.2783 0.8045
vn -0.6158 0.1100 0.7802
vn -0.4549 0.2776 0.8462
vn 0.0816 -0.7811 0.6190
vn -0.8832 0.4623 0.0789
vn -0.9615 -0.2548 0.1032
vn -0.4297 0.0916 0.8983
vn 0.5239 -0.0617 0.8495
vn 0.6355 -0.3070 0.7085
vn -0.1065 0.4267 0.8981
vn -0.1691 0.1414 0.9754
vn -0.7771 -0.0000 0.6293
vn -0.1801 -0.0000 0.9836
vn -0.7753 -0.1414 0.6155
vn 0.7634 0.0673 0.6424
vn 0.3696 -0.2548 0.8936
vn -0.9262 0.3071 -0.2186
vn -0.9955 -0.0000 -0.0945
vn -0.9966 0.0650 -0.0511
vn 0.0816 0.7811 0.6190
vn 0.5239 0.0617 0.8495
vn 0.5220 -0.0650 0.8505
vn 0.5599 -0.0000 0.8286
vn -0.8832 -0.4623 0.0790
vn -0.6158 -0.1099 0.7802
vn 0.5656 0.3776 0.7332
vn -0.9145 -0.3776 -0.1455
vn 0.1502 0.8606 0.4865
vn -0.4991 0.8606 0.1010
vn 0.3534 -0.4625 0.8131
vn -0.1219 -0.7525 0.6472
vn 0.3291 0.9239 0.1954
vn -0.9967 -0.0616 -0.0535
vn -0.9967 0.0617 -0.0533
vn -0.8784 0.0345 0.4768
vn -0.8678 0.1343 0.4783
vn 0.9998 -0.0204 0.0042
vn 0.8646 -0.0351 -0.5012
vn 0.4961 -0.0402 -0.8673
vn -0.4966 -0.0198 -0.8678
vn -0.8408 0.2302 0.4899
vn -0.0359 -0.0600 0.9976
vn 0.9366 -0.3499 -0.0178
vn 0.8546 -0.1301 -0.5026
vn -0.7983 0.3187 0.5110
vn -0.4328 0.3129 -0.8455
vn -0.8636 0.5027 0.0378
vn -0.5214 0.0492 0.8519
vn -0.5196 0.0516 0.8528
vn -0.1559 -0.3095 0.9380
vn 0.4986 -0.0312 -0.8663
vn -0.5175 0.0536 0.8540
vn 0.2529 -0.5886 0.7679
vn -0.1492 0.7030 -0.6954
vn 0.0086 -0.7753 0.6316
vn -0.0182 0.7833 -0.6214
vn -0.2941 -0.4151 0.8609
vn -0.5137 0.5362 0.6697
vn -0.5097 0.0564 0.8585
vn -0.2763 -0.8408 0.4655
vn 0.4353 -0.5224 -0.7332
vn 0.4486 0.4770 -0.7558
vn -0.5369 -0.4428 0.7181
vn -0.3480 -0.9231 -0.1635
vn 0.5156 -0.0252 -0.8564
vn 0.1789 0.7426 0.6454
vn -0.2600 0.5071 0.8217
vn 0.2040 -0.4402 -0.8744
vn 0.6820 0.7029 -0.2020
vn -0.1195 0.3962 0.9103
vn 0.2900 0.6345 0.7165
vn -0.7264 -0.5551 -0.4052
vn 0.0910 -0.3058 -0.9477
vn 0.5201 -0.0287 -0.8536
vn -0.4982 0.0491 0.8656
vn -0.8365 -0.1514 0.5266
vn -0.9501 -0.3092 0.0407
vn 0.0541 -0.2215 -0.9737
vn 0.4856 0.1894 0.8534
vn -0.0274 0.2302 0.9727
vn 0.0321 -0.1301 -0.9910
vn 0.8719 0.0653 -0.4852
vn -0.9890 -0.1476 0.0101
vn 0.0259 -0.0351 -0.9990
vn -0.8547 0.1301 0.5026
vn -0.9821 0.1884 -0.0016
vn -0.4824 -0.0204 -0.8757
vn -0.4648 0.1476 -0.8730
vn 0.0360 0.0600 -0.9976
vn 0.5236 -0.0434 -0.8509
vn -0.0084 -0.0653 0.9978
vn 0.3606 -0.4631 0.8096
vn -0.8289 0.2216 0.5136
vn -0.3477 0.4581 -0.8181
vn 0.8408 -0.2302 -0.4899
vn 0.2648 -0.5948 0.7590
vn -0.0452 -0.2779 0.9596
vn 0.2806 -0.5953 0.7529
vn -0.1324 -0.3664 0.9210
vn -0.4419 0.5685 0.6939
vn -0.3908 0.5631 0.7281
vn -0.0692 0.9937 -0.0876
vn -0.6073 -0.7243 -0.3266
vn -0.7451 -0.3663 0.5573
vn -0.6754 0.1471 0.7227
vn 0.1100 0.9938 0.0189
vn 0.4126 0.4951 -0.7647
vn 0.0324 -0.3451 -0.9380
vn -0.7931 -0.5948 0.1309
vn -0.7569 -0.3272 0.5658
vn 0.2441 0.9646 0.0998
vn 0.7952 0.5886 -0.1457
vn -0.2900 -0.6345 -0.7165
vn -0.6225 -0.7065 -0.3366
vn 0.4983 -0.0491 -0.8656
vn -0.9495 -0.3129 0.0249
vn 0.7264 0.5551 0.4052
vn 0.9501 0.3092 -0.0407
vn 0.7995 0.2357 -0.5525
vn -0.3804 -0.5027 -0.7762
vn -0.0540 0.2215 0.9737
vn 0.4716 0.1884 0.8614
vn 0.8585 0.0600 -0.5092
vn 0.0274 -0.2303 -0.9727
vn -0.4857 -0.1894 -0.8534
vn -0.8719 -0.0653 0.4853
vn 0.8474 0.1950 0.4939
vn 0.1329 0.8226 -0.5529
vn 0.3750 0.4389 -0.8166
vn 0.5135 -0.5383 -0.6683
vn -0.5104 0.0200 0.8597
vn 0.2776 0.8392 -0.4677
vn 0.5373 0.4389 -0.7202
vn 0.5061 -0.0599 -0.8604
vn -0.8053 -0.3827 -0.4529
vn -0.3335 -0.9239 -0.1876
vn -0.4966 -0.8607 0.1126
vn -0.8503 -0.0000 0.5263
vn -0.5638 0.0917 0.8208
vn -0.4292 0.4830 0.7632
vn 0.5827 -0.3776 0.7196
vn 0.1616 -0.8607 0.4829
vn 0.3336 -0.9239 0.1876
vn -0.3336 0.9239 -0.1876
vn -0.8053 0.3827 -0.4529
vn -0.9176 0.3776 -0.1242
vn -0.4350 -0.2781 0.8564
vn -0.3686 -0.1099 0.9231
vn -0.5058 -0.2780 0.8166
vn -0.0082 -0.0000 1.0000
vn -0.3686 0.1099 0.9231
vn -0.4086 -0.0916 0.9081
vn -0.4292 -0.4830 0.7632
vn -0.5638 -0.0917 0.8208
vn -0.0854 -0.4266 0.9004
vn -0.7251 -0.4266 0.5405
vn -0.5771 -0.7811 0.2383
vn 0.3903 0.2549 0.8847
vn 0.6519 0.3070 0.6934
vn 0.7783 -0.0673 0.6243
vn -0.5057 0.2785 0.8165
vn -0.5974 0.1100 0.7943
vn -0.4352 0.2777 0.8564
vn 0.0961 -0.7811 0.6169
vn -0.4999 -0.7526 0.4286
vn -0.9377 0.0673 -0.3408
vn -0.8811 0.4623 0.0994
vn -0.9588 -0.2548 0.1258
vn -0.4086 0.0916 0.9081
vn 0.7621 0.2072 0.6134
vn 0.5437 -0.0617 0.8370
vn 0.6519 -0.3069 0.6934
vn -0.5771 0.7811 0.2383
vn -0.7251 0.4266 0.5405
vn -0.0854 0.4266 0.9004
vn -0.7606 0.1414 0.6336
vn -0.1465 0.1414 0.9790
vn -0.7623 -0.0000 0.6472
vn -0.1572 -0.0000 0.9876
vn -0.7606 -0.1414 0.6336
vn -0.1465 -0.1414 0.9790
vn 0.7783 0.0673 0.6243
vn 0.3903 -0.2549 0.8847
vn -0.9311 0.3070 -0.1970
vn -0.9377 -0.0673 -0.3409
vn -0.9200 -0.2072 -0.3327
vn -0.8747 -0.2688 -0.4034
vn -0.9975 -0.0650 -0.0276
vn -0.8716 -0.0000 -0.4902
vn -0.9975 -0.0000 -0.0713
vn -0.8747 0.2688 -0.4034
vn -0.9975 0.0650 -0.0276
vn -0.9200 0.2072 -0.3327
vn -0.9311 -0.3069 -0.1970
vn -0.4999 0.7525 0.4287
vn 0.0961 0.7811 0.6169
vn 0.5438 0.0617 0.8370
vn 0.7621 -0.2072 0.6134
vn 0.5415 -0.0650 0.8382
vn 0.7990 -0.2688 0.5380
vn 0.5790 -0.0000 0.8153
vn 0.5415 0.0650 0.8382
vn 0.7990 0.2688 0.5380
vn -0.9588 0.2548 0.1258
vn -0.8811 -0.4623 0.0995
vn -0.5974 -0.1100 0.7944
vn 0.5827 0.3776 0.7196
vn -0.9176 -0.3776 -0.1242
vn 0.1616 0.8607 0.4828
vn -0.4966 0.8606 0.1126
vn 0.3724 0.4623 0.8047
vn 0.3723 -0.4624 0.8047
vn -0.1068 -0.7526 0.6498
vn -0.1068 0.7526 0.6498
vn 0.8053 0.3827 0.4529
vn 0.3335 0.9239 0.1876
vn -0.9976 -0.0617 -0.0300
vn -0.9976 0.0616 -0.0300
vn 0.8053 -0.3827 0.4529
vn 0.8716 -0.0000 0.4902
vn -0.8510 0.1949 -0.4876
vn -0.9998 0.0198 0.0029
vn -0.9819 0.1894 0.0052
vn -0.8670 0.0345 0.4971
vn -0.8564 0.1343 0.4985
vn -0.5039 0.0402 0.8628
vn -0.5035 0.0433 0.8629
vn -0.0026 0.0351 0.9994
vn 0.5028 0.0204 0.8642
vn 0.4851 -0.1476 0.8619
vn 0.8510 -0.1949 0.4876
vn 0.9996 -0.0204 -0.0191
vn 0.9819 -0.1884 -0.0213
vn 0.8527 -0.0351 -0.5212
vn 0.4757 -0.0402 -0.8787
vn 0.4760 -0.0370 -0.8787
vn -0.0254 -0.0345 -0.9991
vn -0.0149 0.0653 -0.9978
vn -0.5167 -0.0198 -0.8559
vn -0.7977 0.3824 -0.4663
vn -0.8291 0.2302 0.5094
vn -0.5027 0.0464 0.8632
vn -0.0126 -0.0600 0.9981
vn 0.4391 -0.3092 0.8435
vn 0.7977 -0.3824 0.4663
vn 0.9359 -0.3499 -0.0397
vn 0.8426 -0.1301 -0.5225
vn 0.4769 -0.0340 -0.8783
vn 0.0124 0.1613 -0.9868
vn -0.4988 0.1498 -0.8537
vn -0.7138 0.5551 -0.4271
vn -0.9355 0.3525 0.0238
vn -0.7862 0.3187 0.5295
vn -0.0386 -0.1514 0.9877
vn -0.0795 -0.2356 0.9686
vn 0.3668 -0.4581 0.8097
vn 0.8636 -0.4988 -0.0736
vn 0.8166 -0.2215 -0.5329
vn 0.7757 -0.3058 -0.5520
vn 0.0554 0.2497 -0.9667
vn -0.4524 0.3128 -0.8351
vn -0.8625 0.5027 0.0579
vn -0.7656 0.6345 0.1064
vn -0.5013 0.0491 0.8639
vn -0.4995 0.0516 0.8648
vn -0.1339 -0.3095 0.9414
vn 0.7137 -0.5551 0.4271
vn 0.6024 -0.7065 0.3714
vn 0.7214 -0.3796 -0.5792
vn 0.4782 -0.0312 -0.8777
vn 0.4800 -0.0288 -0.8768
vn -0.3794 0.4631 -0.8010
vn -0.2825 0.5948 -0.7526
vn -0.6024 0.7065 -0.3714
vn -0.6486 0.7426 0.1672
vn -0.7292 0.3962 0.5580
vn -0.4973 0.0536 0.8659
vn -0.1995 -0.3701 0.9073
vn 0.2707 -0.5886 0.7618
vn 0.1548 -0.6957 0.7015
vn 0.4679 -0.8308 0.3015
vn 0.7676 -0.6293 -0.1216
vn 0.6516 -0.7364 -0.1818
vn 0.6558 -0.4402 -0.6133
vn 0.4822 -0.0267 -0.8757
vn 0.1124 0.3272 -0.9383
vn -0.1655 0.7029 -0.6917
vn -0.3154 0.9231 -0.2199
vn -0.4679 0.8308 -0.3015
vn -0.5159 0.8229 0.2381
vn -0.6603 0.4598 0.5938
vn -0.4949 0.0551 0.8672
vn 0.0234 -0.7752 0.6312
vn 0.3153 -0.9231 0.2200
vn 0.5202 -0.8160 -0.2521
vn 0.4847 -0.0252 -0.8743
vn 0.1813 0.3908 -0.9024
vn -0.0328 0.7833 -0.6208
vn -0.1507 0.9800 -0.1300
vn -0.3727 0.8724 0.3164
vn -0.5822 0.5071 0.6355
vn -0.4922 0.0560 0.8687
vn -0.2739 -0.4151 0.8676
vn -0.3541 -0.4429 0.8237
vn -0.1185 -0.8243 0.5537
vn 0.3783 -0.8650 -0.3296
vn 0.5814 -0.4853 -0.6530
vn 0.5012 -0.5130 -0.6969
vn 0.4873 -0.0243 -0.8729
vn 0.2594 0.4381 -0.8607
vn 0.1104 0.8327 -0.5425
vn -0.2244 0.8891 0.3990
vn -0.4979 0.5362 0.6816
vn -0.4107 0.5461 0.7302
vn -0.4895 0.0564 0.8702
vn -0.2654 -0.8408 0.4718
vn 0.1507 -0.9800 0.1300
vn 0.2314 -0.8816 -0.4115
vn 0.4180 -0.5224 -0.7432
vn 0.3436 0.4672 -0.8147
vn 0.4309 0.4770 -0.7660
vn 0.2587 0.8494 -0.4599
vn 0.1894 0.9800 0.0613
vn 0.0197 0.9992 -0.0350
vn -0.0768 0.8724 0.4828
vn -0.3238 0.5362 0.7795
vn -0.4867 0.0560 0.8718
vn -0.4372 -0.4522 0.7774
vn -0.5200 -0.4429 0.7304
vn -0.4116 -0.8242 0.3888
vn -0.0197 -0.9992 0.0350
vn -0.1894 -0.9800 -0.0613
vn 0.3353 -0.5130 -0.7902
vn 0.4901 -0.0240 -0.8713
vn 0.4928 -0.0243 -0.8698
vn 0.5177 0.4672 -0.7167
vn 0.4063 0.8327 -0.3761
vn 0.0644 0.8229 0.5645
vn -0.4841 0.0551 0.8733
vn -0.5516 -0.7752 0.3078
vn -0.3517 -0.9231 -0.1553
vn 0.0852 -0.8650 -0.4945
vn -0.0547 -0.8160 -0.5755
vn 0.2561 -0.4853 -0.8360
vn 0.4955 -0.0252 -0.8683
vn 0.6009 0.4381 -0.6686
vn 0.5475 0.7833 -0.2944
vn 0.3517 0.9231 0.1553
vn 0.1940 0.7426 0.6411
vn -0.2407 0.5071 0.8276
vn -0.1645 0.4598 0.8726
vn -0.4817 0.0536 0.8747
vn -0.5992 -0.4151 0.6846
vn -0.6718 -0.3701 0.6417
vn -0.6799 -0.6957 0.2320
vn -0.1830 -0.7364 -0.6513
vn 0.1835 -0.4402 -0.8789
vn 0.4979 -0.0267 -0.8668
vn 0.6771 0.3908 -0.6236
vn 0.6771 0.7030 -0.2178
vn 0.6302 0.7065 0.3219
vn 0.5006 0.8308 0.2432
vn -0.0981 0.3962 0.9129
vn -0.7350 -0.3095 0.6033
vn -0.5006 -0.8308 -0.2433
vn -0.6302 -0.7065 -0.3219
vn -0.2948 -0.6293 -0.7191
vn 0.1203 -0.3797 -0.9173
vn 0.7434 0.3272 -0.5833
vn 0.7898 0.5948 -0.1494
vn 0.7356 0.5551 0.3882
vn 0.3067 0.6345 0.7095
vn -0.0442 0.3187 0.9468
vn -0.4796 0.0516 0.8760
vn -0.7864 -0.2357 0.5710
vn -0.7916 -0.5886 0.1642
vn -0.7356 -0.5551 -0.3882
vn 0.0689 -0.3058 -0.9496
vn 0.5000 -0.0287 -0.8656
vn 0.7974 0.2497 -0.5494
vn 0.8128 0.3824 0.4395
vn 0.3984 0.5027 0.7671
vn 0.4655 0.3525 0.8118
vn -0.4779 0.0492 0.8771
vn -0.4766 0.0464 0.8779
vn -0.8240 -0.1514 0.5460
vn -0.8824 -0.4581 0.1071
vn -0.9489 -0.3092 0.0628
vn -0.3856 -0.4988 -0.7762
vn -0.4521 -0.3499 -0.8205
vn 0.0313 -0.2215 -0.9747
vn 0.5017 -0.0312 -0.8645
vn 0.5029 -0.0340 -0.8637
vn 0.8815 0.4631 -0.0918
vn 0.9486 0.3129 -0.0471
vn 0.5055 0.1894 0.8418
vn -0.0047 0.2303 0.9731
vn 0.0188 0.1343 0.9908
vn -0.4759 0.0433 0.8785
vn -0.8464 -0.0600 0.5291
vn -0.8128 -0.3824 -0.4395
vn -0.8587 -0.1950 -0.4740
vn 0.0089 -0.1301 -0.9915
vn 0.8369 0.1613 -0.5231
vn 0.8604 0.0653 -0.5055
vn 0.9886 0.1498 -0.0171
vn 0.8587 0.1949 0.4740
vn 0.5167 0.0198 0.8559
vn -0.4757 0.0402 0.8787
vn -0.8527 0.0351 0.5212
vn -0.9885 -0.1477 0.0331
vn -0.4917 -0.1884 -0.8502
vn 0.0026 -0.0350 -0.9994
vn 0.5036 -0.0370 -0.8631
vn 0.5038 -0.0402 -0.8629
vn 0.9998 -0.0198 -0.0030
vn 0.4988 -0.1498 0.8537
vn 0.0254 0.0345 0.9991
vn -0.4760 0.0370 0.8787
vn -0.8426 0.1301 0.5225
vn -0.9996 0.0204 0.0191
vn -0.9819 0.1884 0.0213
vn -0.5028 -0.0204 -0.8642
vn -0.4851 0.1476 -0.8619
vn 0.0126 0.0600 -0.9981
vn 0.5035 -0.0433 -0.8629
vn 0.8670 -0.0345 -0.4972
vn 0.9819 -0.1894 -0.0052
vn 0.4524 -0.3128 0.8351
vn 0.0149 -0.0653 0.9978
vn -0.4769 0.0340 0.8783
vn -0.9359 0.3499 0.0398
vn -0.4391 0.3092 -0.8436
vn 0.5027 -0.0464 -0.8632
vn 0.8564 -0.1343 -0.4985
vn 0.9355 -0.3525 -0.0238
vn 0.3794 -0.4631 0.8010
vn -0.0124 -0.1612 0.9868
vn -0.4782 0.0312 0.8777
vn -0.8167 0.2215 0.5329
vn -0.7757 0.3058 0.5520
vn -0.8636 0.4988 0.0736
vn -0.3668 0.4581 -0.8097
vn 0.0386 0.1514 -0.9877
vn 0.0795 0.2357 -0.9686
vn 0.5013 -0.0491 -0.8639
vn 0.8292 -0.2303 -0.5094
vn 0.7862 -0.3187 -0.5295
vn 0.8625 -0.5027 -0.0579
vn 0.7138 -0.5551 0.4271
vn -0.0554 -0.2497 0.9667
vn -0.1124 -0.3272 0.9383
vn -0.7214 0.3796 0.5792
vn -0.7676 0.6293 0.1215
vn -0.2708 0.5886 -0.7617
vn 0.1339 0.3095 -0.9414
vn 0.7292 -0.3962 -0.5580
vn 0.5862 -0.7243 0.3631
vn 0.2825 -0.5948 0.7526
vn -0.0227 -0.2779 0.9603
vn -0.4800 0.0287 0.8768
vn -0.2891 0.1471 0.9459
vn -0.3944 0.8698 0.2965
vn -0.2084 0.9646 -0.1617
vn 0.0820 0.8307 -0.5506
vn 0.4995 -0.0516 -0.8648
vn 0.6625 0.0690 -0.7459
vn 0.7966 -0.3451 -0.4963
vn 0.7656 -0.6345 -0.1063
vn 0.2981 -0.5953 0.7462
vn 0.1648 -0.7129 0.6816
vn -0.1109 -0.3663 0.9238
vn -0.3104 0.1009 0.9452
vn -0.4255 0.5685 0.7041
vn -0.3737 0.5631 0.7370
vn -0.2815 0.8904 0.3578
vn -0.0713 0.9937 -0.0859
vn 0.1939 0.8514 -0.4874
vn 0.4018 0.5007 -0.7668
vn 0.4566 0.4950 -0.7392
vn 0.6490 0.0222 -0.7605
vn 0.7161 -0.4342 -0.5465
vn 0.7683 -0.6338 -0.0897
vn 0.6392 -0.7518 -0.1619
vn -0.6147 -0.7243 -0.3123
vn -0.4721 -0.8520 -0.2262
vn -0.6681 -0.7129 0.2132
vn -0.7925 -0.5953 0.1327
vn -0.7319 -0.3664 0.5745
vn -0.8089 -0.2779 0.5181
vn -0.6466 0.1009 0.7562
vn -0.6583 0.1470 0.7383
vn -0.4358 0.5631 0.7021
vn -0.3807 0.5685 0.7293
vn -0.1596 0.8904 0.4263
vn -0.0486 0.8698 0.4910
vn 0.1104 0.9937 0.0163
vn 0.3158 0.8514 -0.4188
vn 0.4279 0.8307 -0.3561
vn 0.3946 0.4951 -0.7741
vn 0.4466 0.5007 -0.7416
vn 0.3128 0.0222 -0.9496
vn 0.2933 0.0690 -0.9535
vn 0.0951 -0.4342 -0.8958
vn 0.0104 -0.3451 -0.9385
vn -0.1936 -0.7518 -0.6303
vn -0.3224 -0.6338 -0.7031
vn -0.7898 -0.5948 0.1494
vn -0.7434 -0.3272 0.5833
vn -0.5000 0.0287 0.8656
vn -0.1203 0.3796 0.9173
vn 0.2948 0.6293 0.7191
vn 0.2464 0.9646 0.0941
vn 0.7916 0.5886 -0.1642
vn 0.7350 0.3095 -0.6033
vn 0.4796 -0.0516 -0.8760
vn 0.0981 -0.3962 -0.9129
vn -0.3067 -0.6345 -0.7095
vn -0.7974 -0.2497 0.5494
vn -0.5017 0.0312 0.8645
vn 0.3857 0.4988 0.7762
vn 0.8824 0.4581 -0.1071
vn 0.4779 -0.0492 -0.8770
vn 0.0442 -0.3187 -0.9468
vn -0.8815 -0.4631 0.0918
vn -0.9486 -0.3128 0.0471
vn -0.5029 0.0340 0.8637
vn -0.0689 0.3058 0.9496
vn 0.4521 0.3499 0.8205
vn 0.9489 0.3092 -0.0629
vn 0.7864 0.2356 -0.5710
vn 0.4766 -0.0463 -0.8779
vn -0.3984 -0.5028 -0.7671
vn -0.4655 -0.3525 -0.8118
vn -0.9886 -0.1498 0.0171
vn -0.8369 -0.1612 0.5231
vn -0.5036 0.0370 0.8631
vn -0.0313 0.2216 0.9746
vn -0.0089 0.1301 0.9915
vn 0.4917 0.1884 0.8502
vn 0.8128 0.3823 0.4395
vn 0.9885 0.1476 -0.0332
vn 0.8240 0.1514 -0.5460
vn 0.8464 0.0600 -0.5292
vn 0.4759 -0.0433 -0.8785
vn 0.0047 -0.2302 -0.9731
vn -0.5055 -0.1894 -0.8418
vn -0.8587 -0.1949 -0.4740
vn -0.8604 -0.0653 0.5055
vn 0.8587 0.1949 0.4739
vn -0.0188 -0.1343 -0.9908
vn 0.4385 -0.8520 0.2859
vn -0.1098 -0.8333 0.5418
vn -0.3425 -0.4694 0.8139
vn -0.4866 0.0204 0.8734
vn -0.5017 0.5092 0.6993
vn -0.3795 0.8636 0.3320
vn -0.1509 0.9800 -0.1301
vn 0.1199 0.8226 -0.5558
vn 0.3558 0.4389 -0.8251
vn 0.4929 -0.0600 -0.8680
vn 0.4977 -0.5383 -0.6801
vn 0.3723 -0.8728 -0.3155
vn -0.2582 -0.8500 0.4591
vn -0.4901 0.0200 0.8714
vn -0.4192 0.5186 0.7452
vn -0.2327 0.8801 0.4138
vn 0.4382 0.4483 -0.7791
vn 0.4894 -0.0603 -0.8700
vn 0.2239 -0.8896 -0.3981
vn -0.4060 -0.8333 0.3753
vn -0.4302 -0.4793 0.7650
vn -0.5176 -0.4694 0.7154
vn -0.4936 0.0204 0.8694
vn -0.3371 0.5092 0.7919
vn -0.0866 0.8636 0.4967
vn 0.2666 0.8392 -0.4740
vn 0.4127 0.8226 -0.3911
vn 0.5203 0.4389 -0.7325
vn 0.4858 -0.0600 -0.8720
vn 0.4100 -0.5482 -0.7290
vn 0.3227 -0.5383 -0.7785
vn 0.0762 -0.8728 -0.4820
vn 0.1895 0.9800 0.0614
vn -0.3927 -0.7299 0.5595
vn -0.3927 0.7299 0.5595
vn -0.2761 0.7298 0.6254
vn -0.2761 -0.7298 0.6254
vn 0.5587 -0.7298 0.3940
vn 0.5587 0.7298 0.3940
vn 0.6248 0.7299 0.2774
vn 0.6248 -0.7299 0.2774
vn 0.3927 -0.7299 -0.5595
vn 0.3927 0.7299 -0.5595
vn 0.2761 0.7298 -0.6254
vn 0.2761 -0.7298 -0.6254
vn -0.6248 0.7299 -0.2774
vn -0.6248 -0.7299 -0.2774
vn -0.5587 -0.7298 -0.3940
vn -0.5587 0.7298 -0.3940
vn 0.2650 -0.1289 0.9556
vn 0.2385 -0.4511 0.8600
vn 0.8597 -0.4517 -0.2384
vn 0.9557 -0.1278 -0.2650
vn 0.1709 -0.7687 0.6164
vn 0.6158 -0.7692 -0.1707
vn 0.0940 -0.9361 0.3388
vn 0.3383 -0.9363 -0.0938
vn 0.0279 -0.9945 0.1006
vn 0.1004 -0.9946 -0.0278
vn 0.2160 -0.5791 0.7861
vn 0.7856 -0.5791 -0.2178
vn 0.9559 0.1265 -0.2651
vn 0.2655 0.1253 0.9559
vn 0.0280 0.9945 0.1006
vn 0.1005 0.9946 -0.0278
vn -0.0278 0.9945 -0.1005
vn -0.1000 0.9946 0.0279
vn -0.9549 0.1337 0.2651
vn -0.2645 0.1325 -0.9552
vn -0.2203 -0.5758 -0.7874
vn -0.7887 -0.5753 0.2169
vn -0.1004 -0.9946 0.0278
vn -0.0279 -0.9945 -0.1006
vn -0.9557 -0.1278 0.2650
vn 0.2181 0.5775 0.7867
vn -0.7862 0.5782 0.2180
vn 0.7862 0.5782 -0.2180
vn -0.2650 -0.1289 -0.9556
vn -0.2181 0.5775 -0.7867
vn -0.8597 -0.4517 0.2384
vn -0.6158 -0.7692 0.1707
vn -0.3383 -0.9363 0.0938
vn 0.2400 0.4492 0.8606
vn 0.8598 0.4516 -0.2385
vn 0.1726 0.7681 0.6166
vn 0.6158 0.7691 -0.1708
vn 0.0948 0.9360 0.3389
vn 0.3384 0.9363 -0.0938
vn -0.2370 0.4530 -0.8594
vn -0.1692 0.7693 -0.6161
vn -0.0931 0.9363 -0.3387
vn -0.8578 0.4550 0.2390
vn -0.6134 0.7709 0.1715
vn -0.3367 0.9369 0.0942
vn -0.2385 -0.4511 -0.8600
vn -0.1709 -0.7686 -0.6164
vn -0.0939 -0.9361 -0.3388
vn -0.0797 0.7537 0.6524
vn -0.0797 -0.7537 0.6524
vn 0.1756 0.7537 0.6333
vn 0.1756 -0.7537 0.6333
vn 0.4043 0.7537 0.5182
vn 0.4043 -0.7537 0.5182
vn -0.6521 0.7538 -0.0805
vn -0.6521 -0.7538 -0.0805
vn -0.6332 0.7538 0.1756
vn -0.6332 -0.7538 0.1756
vn -0.5175 0.7538 0.4048
vn -0.5175 -0.7538 0.4048
vn 0.6521 0.7538 0.0805
vn 0.6521 -0.7538 0.0805
vn 0.6332 0.7538 -0.1756
vn 0.6332 -0.7538 -0.1756
vn 0.5175 0.7538 -0.4048
vn 0.5175 -0.7538 -0.4048
vn 0.0798 0.7537 -0.6524
vn 0.0797 -0.7537 -0.6524
vn -0.1756 0.7537 -0.6333
vn -0.1756 -0.7537 -0.6333
vn -0.4043 0.7537 -0.5182
vn -0.4043 -0.7537 -0.5182
vt 0.360068 0.528335
vt 0.362821 0.541311
vt 0.360068 0.541311
vt 0.277095 0.509868
vt 0.295422 0.509861
vt 0.289273 0.511403
vt 0.335803 0.528531
vt 0.338560 0.541584
vt 0.335809 0.541501
vt 0.338703 0.528381
vt 0.341312 0.541303
vt 0.338560 0.541349
vt 0.286227 0.514844
vt 0.290443 0.519059
vt 0.290611 0.519284
vt 0.295422 0.528191
vt 0.283244 0.526656
vt 0.286515 0.523383
vt 0.277095 0.528198
vt 0.278635 0.522047
vt 0.408938 0.536638
vt 0.404056 0.538585
vt 0.404539 0.536638
vt 0.460639 0.524441
vt 0.459638 0.528796
vt 0.456737 0.525214
vt 0.286290 0.523215
vt 0.282074 0.518999
vt 0.281906 0.518774
vt 0.087043 0.536972
vt 0.083035 0.531264
vt 0.087043 0.531499
vt 0.448305 0.519951
vt 0.447291 0.524306
vt 0.447288 0.520012
vt 0.293882 0.516011
vt 0.457381 0.534154
vt 0.456737 0.538117
vt 0.454921 0.536180
vt 0.404056 0.525451
vt 0.408938 0.527421
vt 0.404539 0.527420
vt 0.405053 0.529736
vt 0.408379 0.529736
vt 0.405291 0.532035
vt 0.408130 0.532035
vt 0.405053 0.534332
vt 0.408379 0.534332
vt 0.459638 0.534534
vt 0.460639 0.538889
vt 0.451207 0.510631
vt 0.450594 0.514594
vt 0.448305 0.514214
vt 0.453856 0.514828
vt 0.451547 0.515590
vt 0.454040 0.517082
vt 0.451953 0.517082
vt 0.451547 0.518575
vt 0.453856 0.519337
vt 0.450594 0.519571
vt 0.451207 0.523534
vt 0.052667 0.531264
vt 0.048660 0.536974
vt 0.048660 0.531500
vt 0.457381 0.529177
vt 0.454921 0.527150
vt 0.454151 0.529411
vt 0.456460 0.530172
vt 0.453981 0.531665
vt 0.456460 0.533158
vt 0.454151 0.533919
vt 0.447291 0.509859
vt 0.447288 0.514153
vt 0.286002 0.514676
vt 0.335671 0.528429
vt 0.335809 0.528335
vt 0.341316 0.541499
vt 0.341455 0.541399
vt 0.298597 0.528533
vt 0.298458 0.528435
vt 0.298597 0.528336
vt 0.460643 0.524873
vt 0.460643 0.524657
vt 0.460817 0.524873
vt 0.432227 0.525089
vt 0.432227 0.524873
vt 0.432402 0.524873
vt 0.432565 0.523332
vt 0.432701 0.523499
vt 0.432565 0.523609
vt 0.433322 0.521942
vt 0.433186 0.522110
vt 0.433186 0.521832
vt 0.278952 0.522131
vt 0.278948 0.521936
vt 0.283155 0.526333
vt 0.283349 0.526337
vt 0.362960 0.541409
vt 0.362821 0.541508
vt 0.293559 0.515923
vt 0.293562 0.516118
vt 0.289356 0.511721
vt 0.289161 0.511718
vt 0.338560 0.528418
vt 0.338563 0.541546
vt 0.301351 0.528336
vt 0.301351 0.528533
vt 0.295426 0.509724
vt 0.295564 0.528193
vt 0.295564 0.509863
vt 0.276959 0.509870
vt 0.276959 0.528201
vt 0.277098 0.528339
vt 0.360068 0.541508
vt 0.281998 0.518914
vt 0.286370 0.523285
vt 0.433039 0.514325
vt 0.432899 0.518238
vt 0.432899 0.514319
vt 0.048753 0.537115
vt 0.052667 0.537209
vt 0.052665 0.537350
vt 0.433367 0.518269
vt 0.433227 0.514357
vt 0.433367 0.514351
vt 0.453055 0.521597
vt 0.451304 0.523650
vt 0.433189 0.522154
vt 0.433189 0.524534
vt 0.433039 0.524462
vt 0.433611 0.523547
vt 0.433611 0.525846
vt 0.433473 0.525808
vt 0.433087 0.512022
vt 0.433039 0.509724
vt 0.433227 0.512022
vt 0.432896 0.520685
vt 0.433039 0.518238
vt 0.433039 0.520690
vt 0.453055 0.512568
vt 0.451304 0.510515
vt 0.453173 0.512474
vt 0.083035 0.537209
vt 0.086949 0.537113
vt 0.083038 0.537349
vt 0.456648 0.538233
vt 0.408523 0.534288
vt 0.409082 0.536544
vt 0.408274 0.532035
vt 0.408523 0.529779
vt 0.456648 0.525098
vt 0.454811 0.527056
vt 0.301351 0.541504
vt 0.362822 0.528335
vt 0.338554 0.528614
vt 0.341455 0.528335
vt 0.409528 0.538586
vt 0.460643 0.528736
vt 0.409528 0.525452
vt 0.460642 0.534595
vt 0.456068 0.531665
vt 0.277098 0.509731
vt 0.295426 0.528332
vt 0.286140 0.514770
vt 0.290512 0.519141
vt 0.447292 0.509724
vt 0.447292 0.524441
vt 0.453173 0.521691
vt 0.432708 0.518382
vt 0.432851 0.518382
vt 0.432776 0.520832
vt 0.433039 0.514319
vt 0.433777 0.525845
vt 0.433638 0.523581
vt 0.433777 0.523544
vt 0.432565 0.523220
vt 0.432415 0.520902
vt 0.432565 0.520831
vt 0.454811 0.536274
vt 0.409082 0.527514
vt 0.298597 0.541504
vt 0.411331 0.515415
vt 0.412445 0.517584
vt 0.411325 0.517584
vt 0.412451 0.515473
vt 0.413282 0.517585
vt 0.153762 0.517863
vt 0.154689 0.519796
vt 0.153586 0.519816
vt 0.154846 0.518060
vt 0.155809 0.519796
vt 0.156769 0.518457
vt 0.156646 0.519817
vt 0.187037 0.535925
vt 0.188135 0.534624
vt 0.188139 0.535925
vt 0.189260 0.535925
vt 0.189256 0.534565
vt 0.190099 0.535924
vt 0.192351 0.520207
vt 0.193198 0.518447
vt 0.193451 0.520171
vt 0.194287 0.518166
vt 0.194571 0.520106
vt 0.195412 0.520030
vt 0.410222 0.517584
vt 0.411349 0.513329
vt 0.413303 0.513756
vt 0.413287 0.515633
vt 0.155338 0.516388
vt 0.155946 0.518277
vt 0.157155 0.517146
vt 0.187033 0.534565
vt 0.188124 0.533373
vt 0.189244 0.533258
vt 0.190094 0.534406
vt 0.192130 0.518699
vt 0.192614 0.516805
vt 0.193630 0.516319
vt 0.195105 0.517933
vt 0.410228 0.515473
vt 0.411377 0.511408
vt 0.412468 0.513443
vt 0.153586 0.515705
vt 0.155227 0.514244
vt 0.154317 0.515982
vt 0.157085 0.515462
vt 0.156377 0.516814
vt 0.157789 0.515936
vt 0.187001 0.532054
vt 0.187021 0.533258
vt 0.189224 0.532054
vt 0.190211 0.516395
vt 0.191619 0.517262
vt 0.190911 0.517568
vt 0.190837 0.515952
vt 0.192625 0.514634
vt 0.194394 0.515935
vt 0.410245 0.513443
vt 0.412533 0.509935
vt 0.412496 0.511573
vt 0.155903 0.512175
vt 0.154570 0.513826
vt 0.157243 0.513486
vt 0.156148 0.514843
vt 0.158044 0.514275
vt 0.188079 0.531210
vt 0.188105 0.532220
vt 0.189815 0.514819
vt 0.191721 0.515307
vt 0.190553 0.514012
vt 0.191886 0.512538
vt 0.193307 0.514114
vt 0.410310 0.509935
vt 0.410273 0.511573
vt 0.374969 0.509724
vt 0.373904 0.511574
vt 0.373849 0.509935
vt 0.157531 0.510815
vt 0.156459 0.512717
vt 0.158581 0.512368
vt 0.159215 0.513297
vt 0.159696 0.513997
vt 0.158647 0.514873
vt 0.270956 0.528340
vt 0.269820 0.529561
vt 0.269853 0.528551
vt 0.268733 0.528340
vt 0.188200 0.514564
vt 0.189296 0.515380
vt 0.188592 0.513906
vt 0.189155 0.512970
vt 0.191311 0.513178
vt 0.190186 0.511270
vt 0.376126 0.511574
vt 0.376072 0.509935
vt 0.375066 0.513330
vt 0.375025 0.511408
vt 0.159393 0.509799
vt 0.157965 0.511460
vt 0.160112 0.511533
vt 0.160895 0.513342
vt 0.270921 0.529395
vt 0.269795 0.530714
vt 0.268699 0.529395
vt 0.186967 0.513976
vt 0.187580 0.512220
vt 0.189738 0.512005
vt 0.188270 0.510357
vt 0.376166 0.513444
vt 0.375091 0.515416
vt 0.373944 0.513444
vt 0.373968 0.515474
vt 0.373100 0.513756
vt 0.159687 0.510520
vt 0.161776 0.511012
vt 0.160554 0.512566
vt 0.162010 0.512110
vt 0.270879 0.531906
vt 0.270895 0.530599
vt 0.268657 0.531907
vt 0.268673 0.530599
vt 0.267811 0.531747
vt 0.267829 0.530287
vt 0.185736 0.512874
vt 0.187214 0.513250
vt 0.185891 0.511790
vt 0.187967 0.511161
vt 0.186215 0.509835
vt 0.376191 0.515474
vt 0.373977 0.517586
vt 0.373131 0.517586
vt 0.373123 0.515634
vt 0.163509 0.509724
vt 0.161559 0.509934
vt 0.163510 0.510825
vt 0.163557 0.512788
vt 0.162199 0.512934
vt 0.270874 0.533266
vt 0.269780 0.531965
vt 0.268652 0.533266
vt 0.184213 0.512794
vt 0.184108 0.510575
vt 0.186066 0.510678
vt 0.376199 0.517586
vt 0.375091 0.519755
vt 0.375100 0.517585
vt 0.373968 0.519697
vt 0.165463 0.509899
vt 0.165246 0.510980
vt 0.163527 0.511947
vt 0.165046 0.512082
vt 0.270879 0.534626
vt 0.269775 0.533266
vt 0.269780 0.534568
vt 0.267811 0.534784
vt 0.267805 0.533266
vt 0.182425 0.511948
vt 0.184150 0.511699
vt 0.182167 0.510856
vt 0.181999 0.510028
vt 0.184097 0.509724
vt 0.376191 0.519697
vt 0.373944 0.521728
vt 0.373123 0.519539
vt 0.166918 0.511471
vt 0.166228 0.513294
vt 0.164918 0.512910
vt 0.269795 0.535820
vt 0.268657 0.534626
vt 0.268673 0.535934
vt 0.181267 0.513521
vt 0.182704 0.513013
vt 0.180783 0.512530
vt 0.180320 0.511510
vt 0.376166 0.521728
vt 0.375066 0.521842
vt 0.373903 0.523599
vt 0.167673 0.509724
vt 0.169081 0.511360
vt 0.167344 0.510451
vt 0.168462 0.512279
vt 0.166509 0.512512
vt 0.167861 0.513219
vt 0.270921 0.537140
vt 0.270895 0.535934
vt 0.268699 0.537140
vt 0.181641 0.514219
vt 0.179957 0.514300
vt 0.179286 0.513420
vt 0.178636 0.512511
vt 0.180001 0.510734
vt 0.376126 0.523599
vt 0.374969 0.525451
vt 0.375025 0.523765
vt 0.169551 0.510707
vt 0.170607 0.512590
vt 0.169047 0.514176
vt 0.167437 0.513927
vt 0.269853 0.537987
vt 0.269820 0.536975
vt 0.179455 0.515829
vt 0.180468 0.514916
vt 0.178825 0.515320
vt 0.177181 0.513822
vt 0.178181 0.511818
vt 0.376072 0.525240
vt 0.405216 0.511411
vt 0.404153 0.509934
vt 0.405258 0.509724
vt 0.171201 0.512037
vt 0.171863 0.514094
vt 0.169818 0.513373
vt 0.170024 0.515346
vt 0.168500 0.514784
vt 0.192322 0.530999
vt 0.191227 0.532221
vt 0.191204 0.531209
vt 0.190099 0.530999
vt 0.177914 0.516541
vt 0.177993 0.514585
vt 0.176010 0.515392
vt 0.176607 0.513235
vt 0.406376 0.509934
vt 0.405184 0.513335
vt 0.404112 0.511576
vt 0.173574 0.515525
vt 0.172559 0.513664
vt 0.171769 0.516240
vt 0.170935 0.514710
vt 0.170754 0.516684
vt 0.169375 0.515832
vt 0.192364 0.533262
vt 0.192346 0.532056
vt 0.190141 0.533262
vt 0.190123 0.532056
vt 0.178639 0.516923
vt 0.177260 0.517917
vt 0.176952 0.515981
vt 0.176204 0.517553
vt 0.174431 0.516846
vt 0.175341 0.514933
vt 0.406304 0.513448
vt 0.406335 0.511576
vt 0.404062 0.515479
vt 0.404081 0.513448
vt 0.173386 0.517686
vt 0.172801 0.515815
vt 0.172289 0.517903
vt 0.193211 0.534412
vt 0.193199 0.532951
vt 0.191255 0.534627
vt 0.191245 0.533375
vt 0.178053 0.518155
vt 0.176887 0.519394
vt 0.174688 0.519060
vt 0.175168 0.517161
vt 0.407124 0.515637
vt 0.407141 0.513759
vt 0.406285 0.515479
vt 0.405165 0.515421
vt 0.404056 0.517591
vt 0.174431 0.519656
vt 0.174206 0.517548
vt 0.172473 0.519636
vt 0.171209 0.518140
vt 0.193215 0.535930
vt 0.192375 0.534570
vt 0.191259 0.535929
vt 0.190152 0.534570
vt 0.177719 0.519477
vt 0.176809 0.520916
vt 0.175688 0.520981
vt 0.175777 0.519241
vt 0.406279 0.517591
vt 0.405158 0.517591
vt 0.404062 0.519702
vt 0.174240 0.521768
vt 0.173594 0.519636
vt 0.172317 0.521372
vt 0.171233 0.521175
vt 0.171370 0.519656
vt 0.192375 0.537289
vt 0.192379 0.535930
vt 0.190152 0.537289
vt 0.190155 0.535930
vt 0.177847 0.522191
vt 0.177650 0.520840
vt 0.177030 0.522425
vt 0.175941 0.522705
vt 0.174589 0.521017
vt 0.407118 0.517590
vt 0.406285 0.519702
vt 0.405165 0.519760
vt 0.404081 0.521731
vt 0.173641 0.523803
vt 0.173417 0.521589
vt 0.171824 0.523044
vt 0.193211 0.537449
vt 0.192364 0.538596
vt 0.191255 0.537231
vt 0.191245 0.538482
vt 0.178305 0.523478
vt 0.176525 0.524347
vt 0.174873 0.522957
vt 0.407124 0.519542
vt 0.406304 0.521731
vt 0.405184 0.521846
vt 0.404112 0.523601
vt 0.172656 0.525682
vt 0.172863 0.523471
vt 0.171015 0.524589
vt 0.170094 0.523990
vt 0.170802 0.522638
vt 0.169437 0.523572
vt 0.170071 0.522362
vt 0.192346 0.539801
vt 0.190123 0.539801
vt 0.190141 0.538596
vt 0.179005 0.524651
vt 0.177541 0.523862
vt 0.178323 0.525172
vt 0.177419 0.525845
vt 0.175530 0.524804
vt 0.176535 0.526489
vt 0.174822 0.525111
vt 0.406335 0.523601
vt 0.405258 0.525451
vt 0.405216 0.523767
vt 0.170720 0.526735
vt 0.171952 0.525208
vt 0.169136 0.525178
vt 0.168579 0.524635
vt 0.192322 0.540856
vt 0.191227 0.539635
vt 0.190099 0.540856
vt 0.179920 0.525665
vt 0.179345 0.526305
vt 0.177849 0.527946
vt 0.175908 0.526932
vt 0.095367 0.532363
vt 0.096803 0.531267
vt 0.097051 0.532362
vt 0.171324 0.527333
vt 0.169214 0.527993
vt 0.169919 0.525946
vt 0.168581 0.527064
vt 0.167530 0.525511
vt 0.320923 0.538194
vt 0.322009 0.536972
vt 0.322043 0.537983
vt 0.323145 0.538194
vt 0.181016 0.526482
vt 0.179985 0.528182
vt 0.178587 0.527139
vt 0.179422 0.529118
vt 0.177329 0.528507
vt 0.096879 0.533488
vt 0.074997 0.533806
vt 0.076077 0.535537
vt 0.074515 0.534832
vt 0.169695 0.528693
vt 0.167597 0.529308
vt 0.167030 0.527884
vt 0.166486 0.526482
vt 0.167964 0.526156
vt 0.320048 0.537591
vt 0.320478 0.535729
vt 0.320888 0.537138
vt 0.322016 0.535582
vt 0.323110 0.537138
vt 0.323523 0.535729
vt 0.323897 0.537591
vt 0.182019 0.527521
vt 0.180568 0.527217
vt 0.181528 0.528984
vt 0.075970 0.531264
vt 0.074997 0.532662
vt 0.074515 0.531707
vt 0.076733 0.532585
vt 0.093355 0.532830
vt 0.094788 0.531267
vt 0.095164 0.532783
vt 0.157675 0.528801
vt 0.159697 0.529379
vt 0.159342 0.530451
vt 0.158099 0.528093
vt 0.160217 0.527946
vt 0.158700 0.527153
vt 0.160762 0.526534
vt 0.320048 0.528941
vt 0.320478 0.530802
vt 0.319324 0.530403
vt 0.320888 0.529393
vt 0.322016 0.530948
vt 0.323110 0.529393
vt 0.323523 0.530802
vt 0.323897 0.528941
vt 0.324593 0.530403
vt 0.187735 0.527260
vt 0.189853 0.527732
vt 0.188333 0.528674
vt 0.190524 0.528612
vt 0.188956 0.530041
vt 0.191035 0.529228
vt 0.189438 0.530999
vt 0.094788 0.534291
vt 0.106287 0.532362
vt 0.104846 0.531267
vt 0.106489 0.531267
vt 0.156025 0.527471
vt 0.156573 0.526863
vt 0.157344 0.526060
vt 0.159319 0.526234
vt 0.158132 0.525277
vt 0.159789 0.525581
vt 0.320923 0.528336
vt 0.322009 0.529558
vt 0.323145 0.528336
vt 0.188747 0.526129
vt 0.190335 0.525803
vt 0.189203 0.526823
vt 0.191147 0.526566
vt 0.191979 0.527301
vt 0.192609 0.527810
vt 0.104773 0.533488
vt 0.106415 0.533488
vt 0.411377 0.523764
vt 0.412533 0.525240
vt 0.411416 0.525451
vt 0.155316 0.525358
vt 0.156227 0.524722
vt 0.157851 0.523676
vt 0.158726 0.524724
vt 0.187001 0.539799
vt 0.188079 0.540646
vt 0.186974 0.540856
vt 0.189224 0.539799
vt 0.189197 0.540856
vt 0.190576 0.524123
vt 0.189761 0.525216
vt 0.192187 0.525171
vt 0.193150 0.525731
vt 0.410310 0.525240
vt 0.412468 0.521727
vt 0.412496 0.523599
vt 0.153652 0.523983
vt 0.154667 0.525844
vt 0.155393 0.523193
vt 0.157155 0.524107
vt 0.157198 0.522478
vt 0.187021 0.538593
vt 0.188105 0.539634
vt 0.189244 0.538593
vt 0.191162 0.522891
vt 0.191245 0.524582
vt 0.192936 0.523599
vt 0.194785 0.524200
vt 0.193875 0.526113
vt 0.410245 0.521727
vt 0.410273 0.523599
vt 0.411349 0.521840
vt 0.412451 0.519696
vt 0.413303 0.521416
vt 0.154378 0.523637
vt 0.154873 0.521529
vt 0.155971 0.521313
vt 0.156425 0.522768
vt 0.156791 0.521174
vt 0.187033 0.537285
vt 0.188124 0.538479
vt 0.189256 0.537285
vt 0.190080 0.538904
vt 0.192273 0.521729
vt 0.191900 0.523207
vt 0.193362 0.521910
vt 0.193992 0.523962
vt 0.195304 0.522146
vt 0.410228 0.519696
vt 0.411331 0.519754
vt 0.413287 0.519538
vt 0.153794 0.521766
vt 0.188135 0.537227
vt 0.190094 0.537443
vt 0.194471 0.522063
vt 0.223200 0.539983
vt 0.224725 0.537741
vt 0.224696 0.539838
vt 0.168033 0.530372
vt 0.165685 0.529904
vt 0.165365 0.528406
vt 0.165068 0.526929
vt 0.319324 0.536129
vt 0.320460 0.534488
vt 0.322001 0.534407
vt 0.183663 0.526730
vt 0.182407 0.526409
vt 0.183459 0.527890
vt 0.183219 0.529413
vt 0.181066 0.530401
vt 0.220542 0.537524
vt 0.221674 0.539838
vt 0.220520 0.539441
vt 0.221696 0.537741
vt 0.223236 0.535492
vt 0.223227 0.537821
vt 0.163694 0.531267
vt 0.165942 0.531025
vt 0.163629 0.528592
vt 0.163628 0.527084
vt 0.319299 0.533266
vt 0.319305 0.534707
vt 0.320455 0.533266
vt 0.321997 0.533266
vt 0.323511 0.534488
vt 0.184904 0.527966
vt 0.184962 0.529505
vt 0.183008 0.530891
vt 0.221705 0.535491
vt 0.224725 0.533241
vt 0.224734 0.535491
vt 0.161618 0.529940
vt 0.163653 0.530122
vt 0.161890 0.528437
vt 0.319305 0.531825
vt 0.320460 0.532043
vt 0.323511 0.532043
vt 0.323506 0.533266
vt 0.184889 0.526794
vt 0.186336 0.527759
vt 0.186689 0.529255
vt 0.185048 0.530999
vt 0.220542 0.533456
vt 0.220550 0.535490
vt 0.221696 0.533241
vt 0.223200 0.530999
vt 0.223226 0.533162
vt 0.161443 0.531066
vt 0.162187 0.526955
vt 0.322002 0.532124
vt 0.186104 0.526618
vt 0.187069 0.530706
vt 0.221674 0.531143
vt 0.190080 0.532946
vt 0.411416 0.509724
vt 0.186974 0.530999
vt 0.189197 0.530999
vt 0.373100 0.521416
vt 0.267829 0.536245
vt 0.373849 0.525240
vt 0.270956 0.538197
vt 0.268733 0.538197
vt 0.170029 0.517030
vt 0.193199 0.538909
vt 0.407141 0.521419
vt 0.404153 0.525240
vt 0.191204 0.540645
vt 0.406376 0.525240
vt 0.095164 0.531268
vt 0.179030 0.529776
vt 0.095239 0.533490
vt 0.076771 0.534147
vt 0.324593 0.536129
vt 0.093107 0.531714
vt 0.093107 0.533937
vt 0.104600 0.532362
vt 0.322043 0.528547
vt 0.224696 0.531143
vt 0.187325 0.526184
vt 0.220520 0.531538
vt 0.364217 0.528335
vt 0.366970 0.541311
vt 0.364216 0.541311
vt 0.314309 0.528194
vt 0.314309 0.509866
vt 0.315850 0.516016
vt 0.332913 0.528531
vt 0.335670 0.541584
vt 0.332919 0.541501
vt 0.341598 0.528381
vt 0.344207 0.541303
vt 0.341455 0.541349
vt 0.319289 0.519063
vt 0.323506 0.514848
vt 0.323731 0.514681
vt 0.332640 0.509873
vt 0.331099 0.522051
vt 0.327828 0.518779
vt 0.332640 0.528201
vt 0.326490 0.526658
vt 0.399859 0.536638
vt 0.394976 0.538585
vt 0.395460 0.536638
vt 0.432154 0.524442
vt 0.431153 0.528796
vt 0.428252 0.525214
vt 0.327660 0.519003
vt 0.323443 0.523218
vt 0.323218 0.523386
vt 0.257617 0.536848
vt 0.253609 0.531139
vt 0.257616 0.531374
vt 0.441554 0.519951
vt 0.440539 0.524306
vt 0.440537 0.520012
vt 0.320459 0.511409
vt 0.428895 0.534154
vt 0.428252 0.538117
vt 0.426435 0.536180
vt 0.394976 0.525451
vt 0.399859 0.527421
vt 0.395460 0.527420
vt 0.395973 0.529736
vt 0.399299 0.529736
vt 0.396212 0.532035
vt 0.399050 0.532035
vt 0.395973 0.534332
vt 0.399299 0.534332
vt 0.431153 0.534534
vt 0.432154 0.538889
vt 0.444455 0.510631
vt 0.443843 0.514594
vt 0.441554 0.514214
vt 0.447104 0.514828
vt 0.444795 0.515590
vt 0.447288 0.517082
vt 0.445201 0.517082
vt 0.444795 0.518575
vt 0.447104 0.519337
vt 0.443843 0.519571
vt 0.444455 0.523534
vt 0.060682 0.531264
vt 0.056674 0.536974
vt 0.056674 0.531500
vt 0.428895 0.529177
vt 0.426435 0.527151
vt 0.425666 0.529411
vt 0.427975 0.530173
vt 0.425496 0.531665
vt 0.427975 0.533158
vt 0.425666 0.533920
vt 0.440539 0.509859
vt 0.440537 0.514153
vt 0.319121 0.519288
vt 0.332781 0.528429
vt 0.332919 0.528335
vt 0.344211 0.541499
vt 0.344351 0.541399
vt 0.301490 0.528533
vt 0.301351 0.528435
vt 0.301490 0.528337
vt 0.433187 0.521167
vt 0.433322 0.520999
vt 0.433322 0.521277
vt 0.460643 0.525089
vt 0.460643 0.524873
vt 0.460817 0.524873
vt 0.433214 0.524750
vt 0.433214 0.524966
vt 0.433039 0.524966
vt 0.432701 0.521220
vt 0.432565 0.521388
vt 0.432565 0.521110
vt 0.326573 0.526341
vt 0.326379 0.526345
vt 0.330777 0.522140
vt 0.330781 0.521946
vt 0.367109 0.541409
vt 0.366970 0.541507
vt 0.320371 0.511732
vt 0.320566 0.511729
vt 0.316168 0.515933
vt 0.316164 0.516128
vt 0.335670 0.528418
vt 0.341459 0.541546
vt 0.304243 0.528337
vt 0.304243 0.528533
vt 0.314173 0.509863
vt 0.332642 0.509731
vt 0.314311 0.509724
vt 0.314311 0.528329
vt 0.332642 0.528336
vt 0.332781 0.528197
vt 0.364216 0.541507
vt 0.323357 0.523294
vt 0.327730 0.518923
vt 0.433519 0.514357
vt 0.433379 0.518269
vt 0.433379 0.514351
vt 0.056768 0.537115
vt 0.060682 0.537209
vt 0.060679 0.537350
vt 0.257523 0.531234
vt 0.253612 0.530999
vt 0.446303 0.521597
vt 0.444553 0.523650
vt 0.433777 0.521164
vt 0.433777 0.523544
vt 0.433626 0.523472
vt 0.433473 0.523552
vt 0.433473 0.525852
vt 0.433334 0.525813
vt 0.432899 0.512022
vt 0.432851 0.509724
vt 0.433039 0.512022
vt 0.432565 0.520832
vt 0.432633 0.518382
vt 0.432708 0.520832
vt 0.446303 0.512568
vt 0.444553 0.510515
vt 0.446421 0.512474
vt 0.253609 0.537085
vt 0.257523 0.536988
vt 0.253612 0.537225
vt 0.428162 0.538233
vt 0.399444 0.534288
vt 0.400002 0.536544
vt 0.399195 0.532035
vt 0.399444 0.529779
vt 0.428162 0.525098
vt 0.426325 0.527057
vt 0.304243 0.541504
vt 0.366970 0.528335
vt 0.335665 0.528614
vt 0.344351 0.528335
vt 0.400448 0.538586
vt 0.432157 0.528736
vt 0.400448 0.525452
vt 0.432157 0.534595
vt 0.427583 0.531665
vt 0.314173 0.528190
vt 0.332781 0.509870
vt 0.319215 0.519150
vt 0.323587 0.514780
vt 0.440541 0.509724
vt 0.446421 0.521691
vt 0.433179 0.518269
vt 0.433322 0.518273
vt 0.433179 0.520721
vt 0.432851 0.514319
vt 0.432839 0.525521
vt 0.432701 0.523258
vt 0.432839 0.523221
vt 0.433039 0.523078
vt 0.432889 0.520760
vt 0.433039 0.520690
vt 0.426325 0.536274
vt 0.400002 0.527514
vt 0.301490 0.541504
vt 0.408250 0.515415
vt 0.409364 0.517584
vt 0.408244 0.517584
vt 0.409370 0.515473
vt 0.410201 0.517585
vt 0.132917 0.517863
vt 0.133844 0.519796
vt 0.132741 0.519816
vt 0.134000 0.518060
vt 0.134964 0.519796
vt 0.135924 0.518457
vt 0.135801 0.519817
vt 0.183913 0.535925
vt 0.185011 0.534624
vt 0.185015 0.535925
vt 0.186136 0.535925
vt 0.186132 0.534565
vt 0.186974 0.535924
vt 0.213332 0.520207
vt 0.214180 0.518447
vt 0.214432 0.520171
vt 0.215268 0.518166
vt 0.215553 0.520106
vt 0.216393 0.520030
vt 0.407141 0.517584
vt 0.408268 0.513329
vt 0.410222 0.513756
vt 0.410206 0.515633
vt 0.134493 0.516388
vt 0.135101 0.518277
vt 0.136310 0.517146
vt 0.183909 0.534565
vt 0.184999 0.533373
vt 0.186119 0.533258
vt 0.186970 0.534406
vt 0.213111 0.518699
vt 0.213595 0.516805
vt 0.214611 0.516319
vt 0.216086 0.517933
vt 0.407147 0.515473
vt 0.408297 0.511408
vt 0.409387 0.513443
vt 0.132741 0.515705
vt 0.134382 0.514244
vt 0.133471 0.515982
vt 0.136240 0.515462
vt 0.135532 0.516814
vt 0.136944 0.515936
vt 0.183877 0.532054
vt 0.183896 0.533258
vt 0.186100 0.532054
vt 0.211192 0.516395
vt 0.212600 0.517262
vt 0.211892 0.517568
vt 0.211818 0.515952
vt 0.213606 0.514634
vt 0.215375 0.515935
vt 0.407164 0.513443
vt 0.409452 0.509935
vt 0.409415 0.511573
vt 0.135057 0.512175
vt 0.133725 0.513826
vt 0.136397 0.513486
vt 0.135302 0.514843
vt 0.137198 0.514275
vt 0.184955 0.531210
vt 0.184981 0.532220
vt 0.210796 0.514819
vt 0.212702 0.515307
vt 0.211534 0.514012
vt 0.212868 0.512538
vt 0.214289 0.514113
vt 0.407229 0.509935
vt 0.407192 0.511573
vt 0.381167 0.509724
vt 0.380102 0.511574
vt 0.380047 0.509935
vt 0.136686 0.510815
vt 0.135614 0.512717
vt 0.137736 0.512368
vt 0.138370 0.513297
vt 0.138851 0.513997
vt 0.137802 0.514873
vt 0.267805 0.528340
vt 0.266669 0.529561
vt 0.266703 0.528551
vt 0.265583 0.528340
vt 0.209181 0.514564
vt 0.210277 0.515380
vt 0.209573 0.513906
vt 0.210136 0.512970
vt 0.212292 0.513178
vt 0.211167 0.511270
vt 0.382324 0.511574
vt 0.382270 0.509935
vt 0.381264 0.513330
vt 0.381223 0.511408
vt 0.138548 0.509799
vt 0.137120 0.511460
vt 0.139267 0.511533
vt 0.140050 0.513342
vt 0.267771 0.529395
vt 0.266645 0.530714
vt 0.265548 0.529395
vt 0.207948 0.513976
vt 0.208562 0.512220
vt 0.210719 0.512005
vt 0.209252 0.510357
vt 0.382364 0.513444
vt 0.381289 0.515416
vt 0.380142 0.513444
vt 0.380166 0.515474
vt 0.379298 0.513756
vt 0.138842 0.510520
vt 0.140931 0.511012
vt 0.139709 0.512566
vt 0.141165 0.512110
vt 0.267729 0.531907
vt 0.267745 0.530599
vt 0.265507 0.531907
vt 0.265523 0.530600
vt 0.264661 0.531747
vt 0.264679 0.530287
vt 0.206717 0.512874
vt 0.208196 0.513250
vt 0.206872 0.511790
vt 0.208948 0.511161
vt 0.207196 0.509835
vt 0.382389 0.515474
vt 0.380175 0.517585
vt 0.379329 0.517586
vt 0.379321 0.515634
vt 0.142664 0.509724
vt 0.140714 0.509934
vt 0.142664 0.510825
vt 0.142712 0.512788
vt 0.141354 0.512934
vt 0.267724 0.533266
vt 0.266629 0.531965
vt 0.265501 0.533266
vt 0.205194 0.512794
vt 0.205089 0.510575
vt 0.207047 0.510678
vt 0.382397 0.517586
vt 0.381289 0.519755
vt 0.381298 0.517585
vt 0.380166 0.519697
vt 0.144617 0.509898
vt 0.144401 0.510980
vt 0.142682 0.511947
vt 0.144201 0.512082
vt 0.267729 0.534626
vt 0.266624 0.533267
vt 0.266629 0.534568
vt 0.264661 0.534784
vt 0.264655 0.533266
vt 0.203407 0.511948
vt 0.205131 0.511699
vt 0.203149 0.510856
vt 0.202980 0.510028
vt 0.205078 0.509724
vt 0.382389 0.519697
vt 0.380142 0.521728
vt 0.379321 0.519539
vt 0.146073 0.511471
vt 0.145382 0.513294
vt 0.144072 0.512909
vt 0.266645 0.535821
vt 0.265507 0.534626
vt 0.265522 0.535934
vt 0.202248 0.513521
vt 0.203685 0.513013
vt 0.201764 0.512530
vt 0.201301 0.511510
vt 0.382364 0.521728
vt 0.381264 0.521841
vt 0.380102 0.523599
vt 0.146827 0.509724
vt 0.148236 0.511359
vt 0.146499 0.510451
vt 0.147617 0.512279
vt 0.145664 0.512512
vt 0.147015 0.513219
vt 0.267771 0.537140
vt 0.267745 0.535934
vt 0.265548 0.537140
vt 0.202622 0.514219
vt 0.200938 0.514300
vt 0.200268 0.513420
vt 0.199617 0.512511
vt 0.200983 0.510734
vt 0.382324 0.523599
vt 0.381167 0.525451
vt 0.381223 0.523765
vt 0.148706 0.510707
vt 0.149761 0.512590
vt 0.148202 0.514175
vt 0.146592 0.513927
vt 0.266703 0.537987
vt 0.266669 0.536975
vt 0.200436 0.515829
vt 0.201450 0.514916
vt 0.199806 0.515320
vt 0.198162 0.513822
vt 0.199162 0.511818
vt 0.382270 0.525240
vt 0.402131 0.511411
vt 0.401068 0.509934
vt 0.402173 0.509724
vt 0.150356 0.512037
vt 0.151018 0.514094
vt 0.148973 0.513372
vt 0.149179 0.515346
vt 0.147655 0.514784
vt 0.197635 0.530999
vt 0.196541 0.532221
vt 0.196518 0.531209
vt 0.195412 0.530999
vt 0.198896 0.516541
vt 0.198974 0.514585
vt 0.196991 0.515392
vt 0.197588 0.513235
vt 0.403291 0.509934
vt 0.402099 0.513335
vt 0.401027 0.511576
vt 0.152729 0.515525
vt 0.151714 0.513664
vt 0.150924 0.516239
vt 0.150090 0.514710
vt 0.149909 0.516684
vt 0.148530 0.515831
vt 0.197677 0.533262
vt 0.197659 0.532056
vt 0.195454 0.533262
vt 0.195436 0.532056
vt 0.199621 0.516923
vt 0.198241 0.517917
vt 0.197933 0.515981
vt 0.197185 0.517553
vt 0.195412 0.516846
vt 0.196322 0.514933
vt 0.403219 0.513448
vt 0.403250 0.511576
vt 0.400977 0.515479
vt 0.400996 0.513448
vt 0.152540 0.517686
vt 0.151956 0.515815
vt 0.151443 0.517903
vt 0.198524 0.534412
vt 0.198512 0.532951
vt 0.196568 0.534627
vt 0.196558 0.533375
vt 0.199035 0.518154
vt 0.197868 0.519394
vt 0.195670 0.519060
vt 0.196150 0.517161
vt 0.404039 0.515637
vt 0.404056 0.513759
vt 0.403201 0.515479
vt 0.402080 0.515421
vt 0.400971 0.517591
vt 0.153586 0.519656
vt 0.153361 0.517548
vt 0.151628 0.519636
vt 0.150364 0.518139
vt 0.198528 0.535930
vt 0.197688 0.534570
vt 0.196572 0.535929
vt 0.195465 0.534570
vt 0.198700 0.519477
vt 0.197790 0.520916
vt 0.196670 0.520981
vt 0.196758 0.519241
vt 0.403194 0.517591
vt 0.402073 0.517591
vt 0.400977 0.519702
vt 0.153395 0.521768
vt 0.152748 0.519636
vt 0.151471 0.521372
vt 0.150388 0.521175
vt 0.150525 0.519656
vt 0.197688 0.537289
vt 0.197692 0.535930
vt 0.195465 0.537289
vt 0.195469 0.535930
vt 0.198829 0.522191
vt 0.198631 0.520840
vt 0.198011 0.522425
vt 0.196922 0.522705
vt 0.195570 0.521017
vt 0.404033 0.517590
vt 0.403201 0.519702
vt 0.402080 0.519760
vt 0.400996 0.521731
vt 0.152796 0.523803
vt 0.152572 0.521589
vt 0.150979 0.523044
vt 0.198524 0.537449
vt 0.197677 0.538596
vt 0.196568 0.537231
vt 0.196558 0.538482
vt 0.199286 0.523478
vt 0.197506 0.524347
vt 0.195854 0.522957
vt 0.404039 0.519542
vt 0.403219 0.521731
vt 0.402099 0.521846
vt 0.401027 0.523601
vt 0.151811 0.525681
vt 0.152018 0.523470
vt 0.150169 0.524589
vt 0.149249 0.523990
vt 0.149957 0.522638
vt 0.148592 0.523572
vt 0.149226 0.522361
vt 0.197659 0.539801
vt 0.195436 0.539801
vt 0.195454 0.538596
vt 0.199986 0.524651
vt 0.198522 0.523862
vt 0.199304 0.525172
vt 0.198400 0.525845
vt 0.196511 0.524804
vt 0.197516 0.526489
vt 0.195803 0.525111
vt 0.403250 0.523601
vt 0.402173 0.525451
vt 0.402131 0.523767
vt 0.149875 0.526735
vt 0.151107 0.525208
vt 0.148291 0.525177
vt 0.147734 0.524635
vt 0.197635 0.540856
vt 0.196541 0.539635
vt 0.195412 0.540856
vt 0.200901 0.525665
vt 0.200326 0.526305
vt 0.198830 0.527946
vt 0.196890 0.526932
vt 0.097254 0.532363
vt 0.098691 0.531267
vt 0.098939 0.532362
vt 0.150479 0.527333
vt 0.148369 0.527992
vt 0.149074 0.525946
vt 0.147736 0.527064
vt 0.146685 0.525511
vt 0.281305 0.538197
vt 0.282391 0.536975
vt 0.282425 0.537986
vt 0.283527 0.538197
vt 0.201997 0.526482
vt 0.200966 0.528182
vt 0.199568 0.527139
vt 0.200403 0.529118
vt 0.198311 0.528507
vt 0.098766 0.533488
vt 0.072742 0.533806
vt 0.073822 0.535537
vt 0.072260 0.534832
vt 0.148850 0.528693
vt 0.146752 0.529308
vt 0.146185 0.527884
vt 0.145641 0.526482
vt 0.147119 0.526156
vt 0.280430 0.537594
vt 0.280860 0.535732
vt 0.281270 0.537141
vt 0.282398 0.535585
vt 0.283493 0.537141
vt 0.283905 0.535732
vt 0.284279 0.537594
vt 0.203000 0.527521
vt 0.201549 0.527217
vt 0.202509 0.528984
vt 0.073714 0.531264
vt 0.072742 0.532662
vt 0.072260 0.531707
vt 0.074477 0.532585
vt 0.091298 0.532830
vt 0.092731 0.531267
vt 0.093107 0.532783
vt 0.136830 0.528801
vt 0.138852 0.529379
vt 0.138497 0.530451
vt 0.137254 0.528093
vt 0.139372 0.527946
vt 0.137855 0.527153
vt 0.139917 0.526533
vt 0.280430 0.528944
vt 0.280860 0.530805
vt 0.279706 0.530406
vt 0.281270 0.529396
vt 0.282398 0.530951
vt 0.283493 0.529396
vt 0.283905 0.530805
vt 0.284279 0.528944
vt 0.284976 0.530406
vt 0.208716 0.527260
vt 0.210834 0.527732
vt 0.209314 0.528673
vt 0.211505 0.528612
vt 0.209937 0.530041
vt 0.212016 0.529228
vt 0.210420 0.530999
vt 0.092731 0.534291
vt 0.108176 0.532362
vt 0.106735 0.531267
vt 0.108377 0.531267
vt 0.135180 0.527471
vt 0.135728 0.526863
vt 0.136499 0.526060
vt 0.138474 0.526234
vt 0.137287 0.525277
vt 0.138944 0.525581
vt 0.281305 0.528339
vt 0.282391 0.529562
vt 0.283527 0.528339
vt 0.209729 0.526129
vt 0.211316 0.525803
vt 0.210184 0.526823
vt 0.212128 0.526566
vt 0.212960 0.527301
vt 0.213590 0.527810
vt 0.106662 0.533488
vt 0.108304 0.533488
vt 0.408297 0.523764
vt 0.409452 0.525240
vt 0.408335 0.525451
vt 0.134471 0.525358
vt 0.135382 0.524722
vt 0.137006 0.523676
vt 0.137881 0.524724
vt 0.183877 0.539799
vt 0.184955 0.540646
vt 0.183850 0.540856
vt 0.186100 0.539799
vt 0.186073 0.540856
vt 0.211558 0.524123
vt 0.210742 0.525216
vt 0.213169 0.525171
vt 0.214131 0.525731
vt 0.407229 0.525240
vt 0.409387 0.521727
vt 0.409415 0.523599
vt 0.132807 0.523983
vt 0.133822 0.525844
vt 0.134548 0.523193
vt 0.136310 0.524107
vt 0.136353 0.522478
vt 0.183896 0.538593
vt 0.184981 0.539634
vt 0.186119 0.538593
vt 0.212144 0.522891
vt 0.212227 0.524582
vt 0.213917 0.523599
vt 0.215766 0.524200
vt 0.214856 0.526113
vt 0.407164 0.521727
vt 0.407192 0.523599
vt 0.408268 0.521840
vt 0.409370 0.519696
vt 0.410222 0.521416
vt 0.133533 0.523637
vt 0.134028 0.521529
vt 0.135125 0.521313
vt 0.135580 0.522768
vt 0.135946 0.521174
vt 0.183909 0.537285
vt 0.184999 0.538479
vt 0.186132 0.537285
vt 0.186956 0.538904
vt 0.213255 0.521729
vt 0.212881 0.523207
vt 0.214343 0.521910
vt 0.214973 0.523962
vt 0.216285 0.522146
vt 0.407147 0.519696
vt 0.408250 0.519754
vt 0.410206 0.519538
vt 0.132949 0.521766
vt 0.185011 0.537227
vt 0.186970 0.537443
vt 0.215453 0.522063
vt 0.235840 0.539983
vt 0.237365 0.537741
vt 0.237336 0.539838
vt 0.147188 0.530372
vt 0.144840 0.529904
vt 0.144520 0.528406
vt 0.144223 0.526929
vt 0.279706 0.536132
vt 0.280842 0.534491
vt 0.282384 0.534410
vt 0.204645 0.526730
vt 0.203388 0.526409
vt 0.204440 0.527890
vt 0.204200 0.529413
vt 0.202048 0.530401
vt 0.233182 0.537524
vt 0.234314 0.539838
vt 0.233160 0.539441
vt 0.234337 0.537741
vt 0.235876 0.535492
vt 0.235867 0.537821
vt 0.142849 0.531267
vt 0.145097 0.531025
vt 0.142784 0.528592
vt 0.142783 0.527084
vt 0.279681 0.533269
vt 0.279687 0.534710
vt 0.280837 0.533269
vt 0.282379 0.533269
vt 0.283893 0.534491
vt 0.205885 0.527966
vt 0.205943 0.529505
vt 0.203989 0.530891
vt 0.234345 0.535491
vt 0.237365 0.533241
vt 0.237374 0.535491
vt 0.140773 0.529940
vt 0.142808 0.530122
vt 0.141045 0.528437
vt 0.279687 0.531828
vt 0.280842 0.532046
vt 0.283893 0.532046
vt 0.283888 0.533269
vt 0.205871 0.526794
vt 0.207317 0.527759
vt 0.207671 0.529255
vt 0.206029 0.530999
vt 0.233182 0.533456
vt 0.233190 0.535490
vt 0.234336 0.533241
vt 0.235840 0.530999
vt 0.235867 0.533162
vt 0.140598 0.531066
vt 0.141342 0.526955
vt 0.282384 0.532127
vt 0.207085 0.526618
vt 0.208050 0.530706
vt 0.234314 0.531143
vt 0.186956 0.532946
vt 0.408335 0.509724
vt 0.183850 0.530999
vt 0.186073 0.530999
vt 0.379298 0.521416
vt 0.264679 0.536245
vt 0.380048 0.525240
vt 0.267805 0.538197
vt 0.265583 0.538197
vt 0.149183 0.517030
vt 0.198512 0.538909
vt 0.404056 0.521419
vt 0.401068 0.525240
vt 0.196518 0.540645
vt 0.403291 0.525240
vt 0.097051 0.531269
vt 0.200011 0.529776
vt 0.097127 0.533490
vt 0.074515 0.534147
vt 0.284976 0.536132
vt 0.091050 0.531714
vt 0.091050 0.533937
vt 0.106489 0.532362
vt 0.282425 0.528550
vt 0.237336 0.531143
vt 0.208306 0.526184
vt 0.233160 0.531538
vt 0.354283 0.528335
vt 0.357037 0.541311
vt 0.354283 0.541311
vt 0.351529 0.509863
vt 0.369861 0.509863
vt 0.363710 0.511403
vt 0.351528 0.528531
vt 0.354283 0.541515
vt 0.351530 0.541495
vt 0.329945 0.528336
vt 0.332642 0.541300
vt 0.329888 0.541300
vt 0.360663 0.514843
vt 0.364881 0.519061
vt 0.365049 0.519286
vt 0.369861 0.528196
vt 0.357680 0.526655
vt 0.360952 0.523383
vt 0.351529 0.528196
vt 0.353069 0.522045
vt 0.422818 0.536638
vt 0.417890 0.538585
vt 0.418417 0.536638
vt 0.447234 0.524306
vt 0.446227 0.528661
vt 0.443325 0.525078
vt 0.360726 0.523215
vt 0.356509 0.518998
vt 0.356341 0.518773
vt 0.253609 0.536848
vt 0.249602 0.531139
vt 0.253609 0.531374
vt 0.434816 0.534264
vt 0.433806 0.538619
vt 0.433803 0.534325
vt 0.368321 0.516014
vt 0.443956 0.534019
vt 0.443325 0.537982
vt 0.441495 0.536045
vt 0.417890 0.525451
vt 0.422818 0.527420
vt 0.418417 0.527420
vt 0.418949 0.529736
vt 0.422277 0.529736
vt 0.419192 0.532035
vt 0.422032 0.532035
vt 0.418949 0.534331
vt 0.422277 0.534332
vt 0.446227 0.534399
vt 0.447234 0.538754
vt 0.437718 0.524943
vt 0.437093 0.528907
vt 0.434816 0.528526
vt 0.440343 0.529141
vt 0.438033 0.529902
vt 0.440522 0.531395
vt 0.438434 0.531395
vt 0.438033 0.532888
vt 0.440343 0.533649
vt 0.437093 0.533884
vt 0.437718 0.537847
vt 0.249602 0.531139
vt 0.245595 0.536849
vt 0.245595 0.531375
vt 0.443956 0.529042
vt 0.441495 0.527015
vt 0.440713 0.529276
vt 0.443023 0.530037
vt 0.440537 0.531530
vt 0.443023 0.533023
vt 0.440713 0.533784
vt 0.433806 0.524171
vt 0.433803 0.528466
vt 0.360438 0.514675
vt 0.351391 0.528432
vt 0.351530 0.528335
vt 0.332642 0.541497
vt 0.332781 0.541399
vt 0.307274 0.528533
vt 0.307135 0.528435
vt 0.307274 0.528336
vt 0.432565 0.522666
vt 0.432701 0.522499
vt 0.432701 0.522776
vt 0.433322 0.521832
vt 0.433187 0.521664
vt 0.433322 0.521554
vt 0.432565 0.523054
vt 0.432701 0.523222
vt 0.432565 0.523332
vt 0.432402 0.524442
vt 0.432402 0.524657
vt 0.432227 0.524442
vt 0.353388 0.522131
vt 0.353385 0.521936
vt 0.357592 0.526335
vt 0.357787 0.526339
vt 0.357175 0.541409
vt 0.357037 0.541508
vt 0.367999 0.515928
vt 0.368003 0.516123
vt 0.363795 0.511724
vt 0.363600 0.511720
vt 0.354283 0.528354
vt 0.329888 0.541497
vt 0.310028 0.528336
vt 0.310028 0.528533
vt 0.369862 0.509724
vt 0.370001 0.528196
vt 0.370001 0.509863
vt 0.351391 0.509863
vt 0.351391 0.528196
vt 0.351530 0.528335
vt 0.354283 0.541508
vt 0.356436 0.518914
vt 0.360809 0.523288
vt 0.245688 0.531235
vt 0.249599 0.530999
vt 0.245688 0.536990
vt 0.249602 0.537085
vt 0.249599 0.537225
vt 0.253515 0.531234
vt 0.249604 0.530999
vt 0.439554 0.535910
vt 0.437813 0.537962
vt 0.418809 0.534287
vt 0.418277 0.536543
vt 0.419052 0.532034
vt 0.418809 0.529779
vt 0.439554 0.526880
vt 0.437813 0.524828
vt 0.439669 0.526786
vt 0.249602 0.537085
vt 0.253515 0.536988
vt 0.249604 0.537225
vt 0.443232 0.538098
vt 0.422418 0.534287
vt 0.422959 0.536543
vt 0.422173 0.532034
vt 0.422418 0.529779
vt 0.443232 0.524963
vt 0.441382 0.526921
vt 0.310028 0.541504
vt 0.357037 0.528335
vt 0.354282 0.528551
vt 0.332699 0.528336
vt 0.423364 0.538585
vt 0.447237 0.528601
vt 0.423364 0.525451
vt 0.447237 0.534460
vt 0.442625 0.531530
vt 0.351530 0.509724
vt 0.369862 0.528335
vt 0.360579 0.514771
vt 0.364952 0.519145
vt 0.439669 0.536004
vt 0.418277 0.527513
vt 0.441382 0.536139
vt 0.422959 0.527514
vt 0.307274 0.541504
vt 0.423565 0.515417
vt 0.424677 0.517587
vt 0.423564 0.517587
vt 0.424678 0.515476
vt 0.425495 0.517587
vt 0.028017 0.517775
vt 0.028935 0.519716
vt 0.027825 0.519726
vt 0.029107 0.517981
vt 0.030049 0.519726
vt 0.031001 0.518395
vt 0.030867 0.519754
vt 0.204696 0.535927
vt 0.205805 0.534625
vt 0.205806 0.535927
vt 0.206920 0.535927
vt 0.206919 0.534567
vt 0.207740 0.535927
vt 0.059817 0.528233
vt 0.061620 0.528997
vt 0.059911 0.529338
vt 0.061956 0.530064
vt 0.060034 0.530447
vt 0.060151 0.531264
vt 0.422453 0.517587
vt 0.423568 0.513331
vt 0.027223 0.517644
vt 0.028587 0.515898
vt 0.029613 0.516313
vt 0.030199 0.518208
vt 0.031398 0.517088
vt 0.204695 0.534567
vt 0.205802 0.533374
vt 0.062376 0.526641
vt 0.061312 0.527936
vt 0.061114 0.527164
vt 0.063229 0.528330
vt 0.063767 0.529313
vt 0.062230 0.530850
vt 0.422454 0.515476
vt 0.423572 0.511409
vt 0.424681 0.513445
vt 0.027840 0.515615
vt 0.029513 0.514169
vt 0.031362 0.515404
vt 0.030642 0.516749
vt 0.032043 0.515884
vt 0.204687 0.532055
vt 0.204692 0.533260
vt 0.206911 0.532055
vt 0.206916 0.533260
vt 0.063511 0.525882
vt 0.062720 0.527352
vt 0.063988 0.526504
vt 0.065397 0.528223
vt 0.064188 0.530038
vt 0.422457 0.513445
vt 0.424691 0.509935
vt 0.424685 0.511574
vt 0.030186 0.512106
vt 0.028840 0.513745
vt 0.031542 0.513429
vt 0.030436 0.514776
vt 0.032330 0.514225
vt 0.205791 0.531209
vt 0.205797 0.532220
vt 0.065066 0.525425
vt 0.064678 0.527361
vt 0.065911 0.526128
vt 0.067450 0.527359
vt 0.065951 0.528859
vt 0.422467 0.509935
vt 0.422461 0.511574
vt 0.378068 0.509724
vt 0.377002 0.511574
vt 0.376948 0.509935
vt 0.031827 0.510761
vt 0.030758 0.512653
vt 0.032891 0.512323
vt 0.033510 0.513258
vt 0.033966 0.513962
vt 0.032910 0.514828
vt 0.264655 0.528340
vt 0.263519 0.529561
vt 0.263552 0.528551
vt 0.262433 0.528340
vt 0.065235 0.523780
vt 0.064476 0.524916
vt 0.065914 0.524156
vt 0.066879 0.524678
vt 0.066783 0.526836
vt 0.068628 0.525595
vt 0.379225 0.511574
vt 0.379171 0.509935
vt 0.378165 0.513330
vt 0.378123 0.511408
vt 0.033698 0.509761
vt 0.032274 0.511409
vt 0.034429 0.511502
vt 0.035171 0.513318
vt 0.264620 0.529395
vt 0.263494 0.530714
vt 0.262398 0.529395
vt 0.065758 0.522517
vt 0.067546 0.523067
vt 0.067873 0.525205
vt 0.069440 0.523635
vt 0.379265 0.513444
vt 0.378190 0.515416
vt 0.377043 0.513444
vt 0.377067 0.515474
vt 0.376199 0.513756
vt 0.034005 0.510485
vt 0.036098 0.510996
vt 0.034856 0.512539
vt 0.036316 0.512096
vt 0.264578 0.531907
vt 0.264594 0.530599
vt 0.262356 0.531907
vt 0.262372 0.530600
vt 0.261511 0.531747
vt 0.261528 0.530287
vt 0.066796 0.521250
vt 0.066498 0.522746
vt 0.067887 0.521356
vt 0.068623 0.523392
vt 0.069854 0.521555
vt 0.379290 0.515474
vt 0.377076 0.517586
vt 0.376230 0.517586
vt 0.376222 0.515634
vt 0.037835 0.509724
vt 0.035883 0.509916
vt 0.037833 0.510825
vt 0.037839 0.512788
vt 0.036479 0.512922
vt 0.264573 0.533266
vt 0.263479 0.531965
vt 0.262351 0.533266
vt 0.066796 0.519724
vt 0.069007 0.519506
vt 0.069006 0.521468
vt 0.379298 0.517586
vt 0.378190 0.519755
vt 0.378199 0.517585
vt 0.377067 0.519697
vt 0.039788 0.509916
vt 0.039569 0.510996
vt 0.037835 0.511947
vt 0.039353 0.512096
vt 0.264578 0.534626
vt 0.263474 0.533267
vt 0.263479 0.534568
vt 0.261511 0.534784
vt 0.261505 0.533266
vt 0.067548 0.517902
vt 0.067888 0.519612
vt 0.068626 0.517582
vt 0.069442 0.517352
vt 0.069855 0.519433
vt 0.379290 0.519697
vt 0.377043 0.521728
vt 0.376222 0.519539
vt 0.041238 0.511502
vt 0.040506 0.513318
vt 0.039199 0.512922
vt 0.263494 0.535821
vt 0.262356 0.534626
vt 0.262372 0.535934
vt 0.065917 0.516817
vt 0.066499 0.518227
vt 0.066882 0.516291
vt 0.067876 0.515769
vt 0.379265 0.521728
vt 0.378165 0.521842
vt 0.377002 0.523599
vt 0.041981 0.509762
vt 0.043395 0.511410
vt 0.041665 0.510485
vt 0.042775 0.512324
vt 0.040813 0.512539
vt 0.042159 0.513258
vt 0.264620 0.537140
vt 0.264594 0.535934
vt 0.262398 0.537140
vt 0.065238 0.517208
vt 0.065070 0.515549
vt 0.065915 0.514841
vt 0.066788 0.514138
vt 0.068632 0.515392
vt 0.379225 0.523599
vt 0.378068 0.525451
vt 0.378124 0.523765
vt 0.043852 0.510761
vt 0.044911 0.512654
vt 0.043338 0.514225
vt 0.041711 0.513962
vt 0.263552 0.537987
vt 0.263519 0.536975
vt 0.063515 0.515106
vt 0.064480 0.516072
vt 0.063993 0.514470
vt 0.065403 0.512751
vt 0.067455 0.513628
vt 0.379171 0.525240
vt 0.420531 0.511409
vt 0.419431 0.509934
vt 0.420541 0.509724
vt 0.045491 0.512106
vt 0.046156 0.514170
vt 0.044123 0.513429
vt 0.044306 0.515404
vt 0.042767 0.514829
vt 0.209964 0.530999
vt 0.208854 0.532221
vt 0.208851 0.531209
vt 0.207740 0.530999
vt 0.062726 0.513622
vt 0.064684 0.513608
vt 0.063774 0.511661
vt 0.065957 0.512128
vt 0.421655 0.509934
vt 0.420524 0.513332
vt 0.419421 0.511575
vt 0.047837 0.515615
vt 0.046837 0.513745
vt 0.046051 0.516314
vt 0.045229 0.514777
vt 0.045025 0.516749
vt 0.043634 0.515884
vt 0.209970 0.533260
vt 0.209968 0.532055
vt 0.207746 0.533260
vt 0.207743 0.532055
vt 0.062381 0.514347
vt 0.061318 0.513038
vt 0.063236 0.512639
vt 0.061627 0.511971
vt 0.062238 0.510138
vt 0.064196 0.510950
vt 0.421638 0.513446
vt 0.421645 0.511575
vt 0.419409 0.515477
vt 0.419414 0.513446
vt 0.047649 0.517775
vt 0.047080 0.515899
vt 0.046557 0.517982
vt 0.045468 0.518209
vt 0.044277 0.517089
vt 0.208859 0.534626
vt 0.208857 0.533374
vt 0.061120 0.513824
vt 0.059823 0.512740
vt 0.060041 0.510527
vt 0.061963 0.510910
vt 0.421633 0.515477
vt 0.420519 0.515419
vt 0.419408 0.517588
vt 0.048660 0.519755
vt 0.048452 0.517645
vt 0.046728 0.519716
vt 0.210790 0.535928
vt 0.209972 0.534568
vt 0.210790 0.534409
vt 0.208859 0.535928
vt 0.207748 0.534568
vt 0.059781 0.513557
vt 0.058299 0.512740
vt 0.058176 0.511631
vt 0.059918 0.511631
vt 0.422453 0.515635
vt 0.421632 0.517588
vt 0.420518 0.517588
vt 0.419409 0.519699
vt 0.048451 0.521865
vt 0.047841 0.519727
vt 0.046556 0.521451
vt 0.045467 0.521244
vt 0.045617 0.519727
vt 0.209972 0.537287
vt 0.209973 0.535928
vt 0.207748 0.537287
vt 0.207749 0.535928
vt 0.057078 0.513824
vt 0.058416 0.513557
vt 0.056803 0.513038
vt 0.056467 0.511971
vt 0.058082 0.510527
vt 0.422452 0.517588
vt 0.421633 0.519699
vt 0.420519 0.519758
vt 0.419414 0.521729
vt 0.047835 0.523894
vt 0.047649 0.521678
vt 0.046050 0.523119
vt 0.044276 0.522420
vt 0.044673 0.521114
vt 0.209970 0.538595
vt 0.208859 0.537229
vt 0.208857 0.538481
vt 0.055816 0.514347
vt 0.054858 0.512639
vt 0.056159 0.510910
vt 0.054004 0.510950
vt 0.055962 0.510138
vt 0.421638 0.521729
vt 0.420524 0.521843
vt 0.419421 0.523600
vt 0.046834 0.525764
vt 0.047079 0.523555
vt 0.045227 0.524656
vt 0.044304 0.524049
vt 0.045024 0.522704
vt 0.043632 0.523625
vt 0.209968 0.539800
vt 0.207743 0.539800
vt 0.207746 0.538595
vt 0.054681 0.515106
vt 0.055395 0.513622
vt 0.054127 0.514470
vt 0.053409 0.513608
vt 0.054348 0.511661
vt 0.052718 0.512751
vt 0.421645 0.523600
vt 0.420541 0.525451
vt 0.420531 0.523766
vt 0.044908 0.526799
vt 0.046153 0.525284
vt 0.043336 0.525228
vt 0.042765 0.524680
vt 0.209964 0.540856
vt 0.208854 0.539634
vt 0.207740 0.540856
vt 0.053716 0.516072
vt 0.053049 0.515549
vt 0.051332 0.514138
vt 0.052241 0.512128
vt 0.119244 0.532393
vt 0.117807 0.533488
vt 0.117560 0.532393
vt 0.045488 0.527403
vt 0.043392 0.528043
vt 0.044121 0.526003
vt 0.042772 0.527109
vt 0.041708 0.525547
vt 0.326218 0.538194
vt 0.327304 0.536972
vt 0.327337 0.537983
vt 0.328440 0.538194
vt 0.052957 0.517208
vt 0.051208 0.516291
vt 0.052176 0.514841
vt 0.050243 0.515769
vt 0.050742 0.513628
vt 0.117734 0.531267
vt 0.072012 0.532763
vt 0.070581 0.531264
vt 0.072260 0.531652
vt 0.043848 0.528748
vt 0.041779 0.529344
vt 0.041234 0.527915
vt 0.040691 0.526508
vt 0.042156 0.526195
vt 0.325342 0.537591
vt 0.325772 0.535729
vt 0.326183 0.537138
vt 0.327310 0.535582
vt 0.328405 0.537138
vt 0.328818 0.535729
vt 0.329191 0.537591
vt 0.051975 0.518299
vt 0.052202 0.516818
vt 0.050489 0.517892
vt 0.049049 0.517494
vt 0.049564 0.515392
vt 0.070581 0.534289
vt 0.072260 0.533876
vt 0.064937 0.532784
vt 0.066368 0.531264
vt 0.066744 0.532777
vt 0.031823 0.528747
vt 0.033876 0.529344
vt 0.033485 0.530412
vt 0.032271 0.528043
vt 0.034417 0.527915
vt 0.032887 0.527109
vt 0.034965 0.526508
vt 0.325342 0.528941
vt 0.325772 0.530802
vt 0.324618 0.530403
vt 0.326183 0.529393
vt 0.327310 0.530948
vt 0.328405 0.529393
vt 0.328818 0.530802
vt 0.329191 0.528941
vt 0.329888 0.530403
vt 0.052533 0.523997
vt 0.052172 0.526128
vt 0.051154 0.524676
vt 0.051327 0.526836
vt 0.049819 0.525359
vt 0.050737 0.527359
vt 0.048886 0.525864
vt 0.066369 0.534289
vt 0.111694 0.532362
vt 0.110253 0.531267
vt 0.111895 0.531267
vt 0.030183 0.527402
vt 0.030755 0.526799
vt 0.031540 0.526003
vt 0.033507 0.526195
vt 0.032328 0.525227
vt 0.033964 0.525546
vt 0.326218 0.528336
vt 0.327304 0.529558
vt 0.328440 0.528336
vt 0.053712 0.524916
vt 0.054122 0.526504
vt 0.053045 0.525425
vt 0.053403 0.527361
vt 0.052712 0.528223
vt 0.052235 0.528860
vt 0.110180 0.533488
vt 0.111822 0.533488
vt 0.423572 0.523765
vt 0.424691 0.525240
vt 0.423578 0.525451
vt 0.029510 0.525283
vt 0.030433 0.524656
vt 0.032041 0.523624
vt 0.032908 0.524680
vt 0.204687 0.539800
vt 0.205791 0.540645
vt 0.204681 0.540856
vt 0.206911 0.539800
vt 0.206905 0.540856
vt 0.055811 0.526641
vt 0.054677 0.525882
vt 0.054851 0.528330
vt 0.054341 0.529313
vt 0.422467 0.525240
vt 0.424681 0.521729
vt 0.424685 0.523600
vt 0.027838 0.523893
vt 0.028838 0.525763
vt 0.029612 0.523118
vt 0.031360 0.524048
vt 0.031397 0.522420
vt 0.204692 0.538594
vt 0.205797 0.539634
vt 0.206916 0.538594
vt 0.057072 0.527164
vt 0.055389 0.527352
vt 0.056461 0.528997
vt 0.055954 0.530850
vt 0.053996 0.530038
vt 0.422457 0.521729
vt 0.422461 0.523600
vt 0.423568 0.521843
vt 0.424678 0.519698
vt 0.027222 0.521864
vt 0.028586 0.523554
vt 0.029106 0.521451
vt 0.030198 0.521244
vt 0.030641 0.522703
vt 0.031001 0.521113
vt 0.204695 0.537287
vt 0.205802 0.538480
vt 0.206919 0.537287
vt 0.058411 0.527430
vt 0.056797 0.527936
vt 0.058292 0.528233
vt 0.058169 0.529338
vt 0.056152 0.530064
vt 0.058032 0.531264
vt 0.422454 0.519698
vt 0.423565 0.519756
vt 0.425496 0.519540
vt 0.028017 0.521677
vt 0.205805 0.537229
vt 0.207739 0.537445
vt 0.058074 0.530447
vt 0.231627 0.539983
vt 0.233152 0.537741
vt 0.233123 0.539838
vt 0.042181 0.530412
vt 0.039861 0.529922
vt 0.039564 0.528422
vt 0.039269 0.526942
vt 0.324618 0.536129
vt 0.325754 0.534488
vt 0.327296 0.534407
vt 0.052848 0.519876
vt 0.053104 0.518604
vt 0.051682 0.519757
vt 0.050149 0.519604
vt 0.228968 0.537524
vt 0.230101 0.539838
vt 0.228947 0.539441
vt 0.230123 0.537741
vt 0.231662 0.535492
vt 0.231653 0.537821
vt 0.037833 0.531268
vt 0.040083 0.531046
vt 0.037825 0.528593
vt 0.037828 0.527084
vt 0.324593 0.533266
vt 0.324599 0.534707
vt 0.325749 0.533266
vt 0.327292 0.533266
vt 0.328806 0.534488
vt 0.051681 0.521205
vt 0.050148 0.521351
vt 0.048660 0.519459
vt 0.230132 0.535491
vt 0.233152 0.533241
vt 0.233160 0.535491
vt 0.035793 0.529922
vt 0.037827 0.530123
vt 0.036087 0.528421
vt 0.324599 0.531825
vt 0.325754 0.532043
vt 0.328806 0.532043
vt 0.328801 0.533266
vt 0.052848 0.521104
vt 0.051963 0.522625
vt 0.050488 0.523064
vt 0.048660 0.521503
vt 0.228968 0.533456
vt 0.228977 0.535490
vt 0.230123 0.533241
vt 0.231627 0.530999
vt 0.231653 0.533162
vt 0.035583 0.531046
vt 0.036387 0.526942
vt 0.327296 0.532124
vt 0.053087 0.522309
vt 0.049057 0.523507
vt 0.230101 0.531143
vt 0.425496 0.515634
vt 0.207739 0.534408
vt 0.423578 0.509724
vt 0.204681 0.530999
vt 0.206905 0.530999
vt 0.376199 0.521417
vt 0.261528 0.536245
vt 0.376948 0.525240
vt 0.264655 0.538197
vt 0.262433 0.538197
vt 0.044674 0.518395
vt 0.060160 0.509724
vt 0.210790 0.537446
vt 0.422453 0.519540
vt 0.419431 0.525240
vt 0.208851 0.540645
vt 0.421655 0.525240
vt 0.119447 0.533488
vt 0.119373 0.531267
vt 0.070205 0.532775
vt 0.329888 0.536129
vt 0.071612 0.535404
vt 0.064689 0.531672
vt 0.064689 0.533896
vt 0.110007 0.532362
vt 0.327337 0.528547
vt 0.233123 0.531143
vt 0.053584 0.523507
vt 0.228947 0.531538
vt 0.351390 0.528335
vt 0.351391 0.541311
vt 0.348637 0.541311
vt 0.314036 0.528193
vt 0.312496 0.516016
vt 0.314036 0.509866
vt 0.417758 0.525647
vt 0.417751 0.538619
vt 0.415001 0.538715
vt 0.000000 0.522680
vt -0.000000 0.509724
vt 0.002754 0.509724
vt 0.309056 0.519064
vt 0.304614 0.514681
vt 0.304839 0.514849
vt 0.295706 0.509874
vt 0.300518 0.518779
vt 0.297246 0.522051
vt 0.295706 0.528201
vt 0.301856 0.526658
vt 0.390096 0.536638
vt 0.394495 0.536638
vt 0.376203 0.525451
vt 0.380103 0.526223
vt 0.377202 0.529805
vt 0.300685 0.519004
vt 0.305127 0.523386
vt 0.304903 0.523219
vt 0.079028 0.536972
vt 0.079028 0.531499
vt 0.083035 0.531264
vt 0.459927 0.519951
vt 0.460946 0.520012
vt 0.460944 0.524306
vt 0.307886 0.511409
vt 0.379457 0.535163
vt 0.381916 0.537189
vt 0.380103 0.539126
vt 0.394976 0.525451
vt 0.394495 0.527420
vt 0.390096 0.527421
vt 0.393983 0.529736
vt 0.390656 0.529737
vt 0.393744 0.532035
vt 0.390905 0.532035
vt 0.393983 0.534332
vt 0.390656 0.534332
vt 0.377202 0.535543
vt 0.376203 0.539898
vt 0.457027 0.510631
vt 0.459927 0.514214
vt 0.457634 0.514594
vt 0.456676 0.515590
vt 0.454368 0.514828
vt 0.456268 0.517082
vt 0.454181 0.517082
vt 0.456676 0.518575
vt 0.454368 0.519337
vt 0.457634 0.519571
vt 0.457027 0.523534
vt 0.060682 0.531264
vt 0.064689 0.531500
vt 0.064689 0.536974
vt 0.381916 0.528160
vt 0.379457 0.530186
vt 0.382683 0.530420
vt 0.380375 0.531182
vt 0.382852 0.532674
vt 0.382683 0.534929
vt 0.380375 0.534167
vt 0.460944 0.509859
vt 0.460946 0.514153
vt 0.309224 0.519288
vt 0.417751 0.525451
vt 0.417890 0.525544
vt 0.433519 0.521021
vt 0.433421 0.521164
vt 0.433322 0.521021
vt 0.002754 0.522876
vt 0.002754 0.522680
vt 0.002893 0.522778
vt 0.433214 0.524750
vt 0.433039 0.524750
vt 0.433213 0.524534
vt 0.432565 0.522221
vt 0.432565 0.521943
vt 0.432701 0.522053
vt 0.433039 0.524966
vt 0.433214 0.525182
vt 0.433039 0.525182
vt 0.433187 0.521387
vt 0.433322 0.521277
vt 0.433322 0.521554
vt 0.301772 0.526342
vt 0.301967 0.526345
vt 0.297569 0.522141
vt 0.297565 0.521946
vt 0.348498 0.541409
vt 0.348637 0.541508
vt 0.307974 0.511732
vt 0.307779 0.511729
vt 0.312178 0.515934
vt 0.312181 0.516128
vt 0.415001 0.525546
vt 0.433519 0.518269
vt 0.000000 0.522876
vt 0.314173 0.509863
vt 0.295703 0.509732
vt 0.314034 0.509724
vt 0.314034 0.528329
vt 0.295703 0.528336
vt 0.295565 0.528198
vt 0.351391 0.541508
vt 0.432851 0.514054
vt 0.432688 0.509762
vt 0.432851 0.509724
vt 0.300616 0.518924
vt 0.433659 0.510024
vt 0.433803 0.509724
vt 0.433803 0.514351
vt 0.433659 0.514357
vt 0.433799 0.514351
vt 0.433799 0.518269
vt 0.064595 0.537114
vt 0.060684 0.537350
vt 0.060682 0.537209
vt 0.433519 0.518269
vt 0.433519 0.514351
vt 0.433659 0.514357
vt 0.455174 0.521597
vt 0.456928 0.523650
vt 0.432889 0.523078
vt 0.433039 0.525387
vt 0.432889 0.525459
vt 0.454230 0.519380
vt 0.454040 0.517082
vt 0.454230 0.514785
vt 0.455055 0.512474
vt 0.455174 0.512568
vt 0.456928 0.510515
vt 0.083035 0.537209
vt 0.083033 0.537349
vt 0.079122 0.537113
vt 0.380192 0.539242
vt 0.389952 0.536544
vt 0.390512 0.534288
vt 0.390761 0.532035
vt 0.390512 0.529779
vt 0.380192 0.526107
vt 0.382026 0.528066
vt -0.000000 0.535847
vt 0.348636 0.528335
vt 0.415008 0.525743
vt 0.389505 0.538586
vt 0.376199 0.529745
vt 0.389505 0.525452
vt 0.376199 0.535604
vt 0.380765 0.532674
vt 0.433322 0.518269
vt 0.314173 0.528190
vt 0.295565 0.509870
vt 0.433371 0.514050
vt 0.433515 0.509724
vt 0.433515 0.514351
vt 0.432688 0.514054
vt 0.432688 0.518382
vt 0.432526 0.518345
vt 0.304758 0.514780
vt 0.460941 0.509724
vt 0.460941 0.524441
vt 0.455055 0.521691
vt 0.432701 0.523221
vt 0.432701 0.520832
vt 0.432851 0.520903
vt 0.382026 0.537283
vt 0.389952 0.527514
vt 0.002754 0.535847
vt 0.390583 0.515413
vt 0.390591 0.517582
vt 0.389469 0.517583
vt 0.389461 0.515472
vt 0.388624 0.517584
vt 0.111719 0.517863
vt 0.111895 0.519817
vt 0.110793 0.519796
vt 0.110636 0.518060
vt 0.109672 0.519796
vt 0.108834 0.519817
vt 0.108711 0.518457
vt 0.183778 0.535925
vt 0.182677 0.535925
vt 0.182682 0.534624
vt 0.181555 0.535925
vt 0.181560 0.534565
vt 0.180713 0.535924
vt 0.240435 0.520207
vt 0.239336 0.520171
vt 0.239588 0.518447
vt 0.238215 0.520106
vt 0.238499 0.518166
vt 0.237374 0.520030
vt 0.391691 0.517583
vt 0.390559 0.513328
vt 0.388617 0.515632
vt 0.388595 0.513755
vt 0.110143 0.516388
vt 0.109535 0.518277
vt 0.108325 0.517146
vt 0.183783 0.534565
vt 0.182695 0.533372
vt 0.181574 0.533258
vt 0.180718 0.534405
vt 0.240656 0.518699
vt 0.240173 0.516805
vt 0.239157 0.516319
vt 0.237681 0.517933
vt 0.391683 0.515472
vt 0.390520 0.511407
vt 0.389437 0.513443
vt 0.111895 0.515705
vt 0.111165 0.515982
vt 0.110254 0.514244
vt 0.109104 0.516814
vt 0.108396 0.515463
vt 0.107691 0.515936
vt 0.183820 0.532054
vt 0.183797 0.533258
vt 0.181597 0.532054
vt 0.242575 0.516395
vt 0.241875 0.517568
vt 0.241168 0.517262
vt 0.241949 0.515952
vt 0.240162 0.514635
vt 0.238392 0.515935
vt 0.391660 0.513443
vt 0.389399 0.511573
vt 0.389348 0.509935
vt 0.109578 0.512175
vt 0.110910 0.513826
vt 0.109334 0.514843
vt 0.108239 0.513486
vt 0.107438 0.514275
vt 0.182717 0.532220
vt 0.182746 0.531210
vt 0.242971 0.514819
vt 0.241066 0.515307
vt 0.242234 0.514013
vt 0.239479 0.514114
vt 0.240900 0.512538
vt 0.391570 0.509935
vt 0.391622 0.511573
vt 0.371231 0.509724
vt 0.372351 0.509935
vt 0.372297 0.511574
vt 0.107949 0.510815
vt 0.109022 0.512717
vt 0.106900 0.512368
vt 0.106266 0.513297
vt 0.106833 0.514873
vt 0.105785 0.513997
vt 0.258354 0.528340
vt 0.259457 0.528551
vt 0.259490 0.529561
vt 0.260577 0.528340
vt 0.244586 0.514564
vt 0.243490 0.515380
vt 0.244195 0.513906
vt 0.243632 0.512970
vt 0.241476 0.513178
vt 0.242600 0.511270
vt 0.370074 0.511574
vt 0.370128 0.509935
vt 0.371134 0.513330
vt 0.371175 0.511408
vt 0.106087 0.509799
vt 0.107516 0.511460
vt 0.105369 0.511533
vt 0.104585 0.513342
vt 0.258389 0.529395
vt 0.259515 0.530714
vt 0.260612 0.529395
vt 0.245819 0.513976
vt 0.245206 0.512220
vt 0.243049 0.512005
vt 0.244515 0.510357
vt 0.370034 0.513445
vt 0.371109 0.515416
vt 0.372256 0.513444
vt 0.372232 0.515474
vt 0.373100 0.513756
vt 0.105794 0.510520
vt 0.103705 0.511012
vt 0.104927 0.512566
vt 0.103471 0.512110
vt 0.258431 0.531907
vt 0.258415 0.530599
vt 0.260637 0.530600
vt 0.260653 0.531907
vt 0.261481 0.530287
vt 0.261499 0.531747
vt 0.247051 0.512874
vt 0.245572 0.513250
vt 0.246896 0.511790
vt 0.244820 0.511161
vt 0.246571 0.509835
vt 0.370009 0.515474
vt 0.372223 0.517586
vt 0.373077 0.515634
vt 0.373069 0.517586
vt 0.101972 0.509724
vt 0.103922 0.509934
vt 0.101972 0.510825
vt 0.103281 0.512934
vt 0.101923 0.512788
vt 0.258436 0.533266
vt 0.259530 0.531965
vt 0.260659 0.533266
vt 0.248574 0.512794
vt 0.246721 0.510678
vt 0.248679 0.510575
vt 0.370001 0.517586
vt 0.371109 0.519755
vt 0.371100 0.517585
vt 0.372232 0.519697
vt 0.100019 0.509898
vt 0.100236 0.510980
vt 0.101954 0.511947
vt 0.100435 0.512082
vt 0.258431 0.534626
vt 0.259535 0.533267
vt 0.259530 0.534568
vt 0.261499 0.534784
vt 0.248637 0.511699
vt 0.250361 0.511948
vt 0.250619 0.510856
vt 0.248689 0.509724
vt 0.250787 0.510028
vt 0.370009 0.519697
vt 0.372256 0.521728
vt 0.373077 0.519539
vt 0.098564 0.511471
vt 0.100563 0.512909
vt 0.099253 0.513294
vt 0.259515 0.535820
vt 0.260653 0.534626
vt 0.260637 0.535934
vt 0.251520 0.513521
vt 0.250083 0.513013
vt 0.252003 0.512530
vt 0.252466 0.511510
vt 0.370034 0.521728
vt 0.371134 0.521842
vt 0.372297 0.523599
vt 0.097808 0.509724
vt 0.098138 0.510451
vt 0.096401 0.511359
vt 0.097020 0.512279
vt 0.098972 0.512512
vt 0.097621 0.513219
vt 0.258389 0.537140
vt 0.258415 0.535934
vt 0.260611 0.537140
vt 0.251144 0.514219
vt 0.252829 0.514300
vt 0.253500 0.513420
vt 0.254150 0.512511
vt 0.252784 0.510734
vt 0.370074 0.523599
vt 0.371231 0.525451
vt 0.371176 0.523765
vt 0.095930 0.510706
vt 0.094875 0.512590
vt 0.096434 0.514175
vt 0.098043 0.513927
vt 0.259490 0.536975
vt 0.259457 0.537987
vt 0.253330 0.515829
vt 0.252317 0.514916
vt 0.253961 0.515320
vt 0.255605 0.513822
vt 0.254605 0.511818
vt 0.370128 0.525240
vt 0.399804 0.511411
vt 0.399755 0.509724
vt 0.400859 0.509934
vt 0.094280 0.512037
vt 0.093619 0.514094
vt 0.095663 0.513372
vt 0.095457 0.515346
vt 0.096981 0.514784
vt 0.175353 0.530999
vt 0.176473 0.531209
vt 0.176441 0.532221
vt 0.177576 0.530999
vt 0.254872 0.516541
vt 0.254793 0.514585
vt 0.256776 0.515392
vt 0.256178 0.513235
vt 0.398636 0.509934
vt 0.399840 0.513335
vt 0.400907 0.511576
vt 0.091907 0.515524
vt 0.092921 0.513664
vt 0.094547 0.514710
vt 0.093713 0.516239
vt 0.094727 0.516684
vt 0.096106 0.515831
vt 0.175296 0.533262
vt 0.175320 0.532056
vt 0.177543 0.532056
vt 0.177518 0.533262
vt 0.254146 0.516923
vt 0.255526 0.517917
vt 0.255834 0.515981
vt 0.256582 0.517553
vt 0.257444 0.514933
vt 0.258354 0.516845
vt 0.398719 0.513449
vt 0.398684 0.511576
vt 0.400942 0.513449
vt 0.400964 0.515480
vt 0.092680 0.515815
vt 0.092096 0.517686
vt 0.093193 0.517903
vt 0.174436 0.534413
vt 0.174453 0.532952
vt 0.176417 0.533376
vt 0.176403 0.534628
vt 0.254732 0.518154
vt 0.255899 0.519394
vt 0.257618 0.517161
vt 0.258097 0.519060
vt 0.397899 0.515637
vt 0.397879 0.513759
vt 0.398741 0.515480
vt 0.399863 0.515422
vt 0.400971 0.517591
vt 0.091050 0.519656
vt 0.091275 0.517548
vt 0.093008 0.519636
vt 0.094273 0.518139
vt 0.174431 0.535932
vt 0.175280 0.534570
vt 0.176398 0.535930
vt 0.177503 0.534571
vt 0.255066 0.519477
vt 0.255977 0.520916
vt 0.257009 0.519241
vt 0.257098 0.520981
vt 0.398748 0.517591
vt 0.399870 0.517592
vt 0.400964 0.519702
vt 0.091241 0.521768
vt 0.091888 0.519636
vt 0.093165 0.521372
vt 0.094111 0.519656
vt 0.094248 0.521175
vt 0.175275 0.535930
vt 0.175280 0.537290
vt 0.177498 0.535931
vt 0.177503 0.537290
vt 0.254938 0.522191
vt 0.255136 0.520840
vt 0.255756 0.522425
vt 0.256845 0.522705
vt 0.258197 0.521017
vt 0.397906 0.517590
vt 0.398741 0.519702
vt 0.399863 0.519761
vt 0.400942 0.521732
vt 0.091840 0.523802
vt 0.092065 0.521589
vt 0.093658 0.523044
vt 0.174437 0.537450
vt 0.175296 0.538597
vt 0.176403 0.537232
vt 0.176417 0.538483
vt 0.254480 0.523478
vt 0.256261 0.524347
vt 0.257913 0.522957
vt 0.397899 0.519543
vt 0.398719 0.521732
vt 0.399840 0.521846
vt 0.400907 0.523601
vt 0.092825 0.525681
vt 0.092619 0.523470
vt 0.094467 0.524589
vt 0.094679 0.522638
vt 0.095388 0.523990
vt 0.095409 0.522361
vt 0.096044 0.523571
vt 0.175320 0.539801
vt 0.177518 0.538597
vt 0.177543 0.539801
vt 0.253780 0.524651
vt 0.255245 0.523862
vt 0.254463 0.525172
vt 0.255367 0.525844
vt 0.257256 0.524804
vt 0.256251 0.526489
vt 0.257963 0.525111
vt 0.398684 0.523601
vt 0.399755 0.525451
vt 0.399804 0.523767
vt 0.093529 0.525208
vt 0.094761 0.526735
vt 0.096346 0.525177
vt 0.096902 0.524635
vt 0.175353 0.540856
vt 0.176441 0.539635
vt 0.177576 0.540856
vt 0.252865 0.525665
vt 0.253441 0.526305
vt 0.254937 0.527945
vt 0.256876 0.526932
vt 0.101026 0.532394
vt 0.102711 0.532393
vt 0.102464 0.533488
vt 0.094157 0.527333
vt 0.096267 0.527992
vt 0.095563 0.525946
vt 0.096901 0.527064
vt 0.097950 0.525511
vt 0.288646 0.538197
vt 0.287526 0.537986
vt 0.287560 0.536975
vt 0.286424 0.538197
vt 0.251770 0.526482
vt 0.254199 0.527139
vt 0.252801 0.528182
vt 0.253364 0.529118
vt 0.255455 0.528507
vt 0.102536 0.531267
vt 0.078546 0.533816
vt 0.079028 0.534841
vt 0.077465 0.535538
vt 0.095786 0.528692
vt 0.097886 0.529308
vt 0.098452 0.527884
vt 0.097517 0.526155
vt 0.098997 0.526482
vt 0.289521 0.537594
vt 0.288681 0.537141
vt 0.289091 0.535732
vt 0.287553 0.535585
vt 0.286458 0.537141
vt 0.286046 0.535732
vt 0.285672 0.537594
vt 0.250768 0.527521
vt 0.252218 0.527217
vt 0.251259 0.528984
vt 0.077572 0.531264
vt 0.079028 0.531715
vt 0.078546 0.532671
vt 0.076810 0.532587
vt 0.425248 0.532309
vt 0.423438 0.532245
vt 0.423814 0.530728
vt 0.425496 0.531192
vt 0.424844 0.529601
vt 0.107383 0.528093
vt 0.105785 0.529379
vt 0.105266 0.527946
vt 0.106782 0.527153
vt 0.104720 0.526533
vt 0.289521 0.528944
vt 0.290245 0.530406
vt 0.289091 0.530805
vt 0.288681 0.529396
vt 0.287553 0.530951
vt 0.286046 0.530805
vt 0.286458 0.529396
vt 0.284975 0.530406
vt 0.285672 0.528944
vt 0.245052 0.527260
vt 0.244454 0.528674
vt 0.242933 0.527732
vt 0.243830 0.530042
vt 0.242262 0.528612
vt 0.243347 0.530999
vt 0.241750 0.529228
vt 0.423814 0.533751
vt 0.102912 0.532362
vt 0.102711 0.531267
vt 0.104353 0.531267
vt 0.109455 0.527471
vt 0.107805 0.528801
vt 0.108909 0.526863
vt 0.108138 0.526060
vt 0.106163 0.526234
vt 0.107349 0.525277
vt 0.105692 0.525581
vt 0.288646 0.528339
vt 0.287560 0.529561
vt 0.286424 0.528339
vt 0.244038 0.526129
vt 0.243583 0.526823
vt 0.242451 0.525803
vt 0.241640 0.526567
vt 0.240807 0.527301
vt 0.240177 0.527810
vt 0.104426 0.533488
vt 0.102784 0.533488
vt 0.390520 0.523763
vt 0.390467 0.525451
vt 0.389348 0.525240
vt 0.110165 0.525358
vt 0.109255 0.524722
vt 0.106754 0.524724
vt 0.107629 0.523676
vt 0.183820 0.539799
vt 0.183850 0.540856
vt 0.182746 0.540646
vt 0.181627 0.540856
vt 0.181597 0.539799
vt 0.242209 0.524123
vt 0.243025 0.525216
vt 0.240599 0.525171
vt 0.239636 0.525731
vt 0.391570 0.525240
vt 0.389399 0.523598
vt 0.389437 0.521726
vt 0.111828 0.523983
vt 0.110814 0.525844
vt 0.110089 0.523193
vt 0.108326 0.524107
vt 0.108283 0.522478
vt 0.183797 0.538593
vt 0.182717 0.539634
vt 0.181574 0.538593
vt 0.241623 0.522891
vt 0.241541 0.524582
vt 0.239851 0.523599
vt 0.238911 0.526113
vt 0.238001 0.524200
vt 0.391660 0.521726
vt 0.391622 0.523598
vt 0.390559 0.521839
vt 0.389461 0.519695
vt 0.388595 0.521415
vt 0.111103 0.523637
vt 0.110608 0.521529
vt 0.109056 0.522768
vt 0.109511 0.521313
vt 0.108690 0.521174
vt 0.183783 0.537285
vt 0.182695 0.538479
vt 0.181560 0.537285
vt 0.180734 0.538903
vt 0.240513 0.521729
vt 0.240886 0.523207
vt 0.239424 0.521910
vt 0.238795 0.523962
vt 0.237482 0.522146
vt 0.391683 0.519695
vt 0.390583 0.519752
vt 0.388617 0.519537
vt 0.111688 0.521766
vt 0.182682 0.537227
vt 0.180718 0.537442
vt 0.238315 0.522063
vt 0.212324 0.539983
vt 0.210828 0.539838
vt 0.210799 0.537741
vt 0.097448 0.530372
vt 0.099798 0.529904
vt 0.100118 0.528405
vt 0.100415 0.526929
vt 0.290245 0.536132
vt 0.289109 0.534491
vt 0.287567 0.534410
vt 0.249122 0.526730
vt 0.250379 0.526409
vt 0.249328 0.527890
vt 0.249568 0.529413
vt 0.251720 0.530401
vt 0.214982 0.537524
vt 0.215004 0.539441
vt 0.213850 0.539838
vt 0.213828 0.537741
vt 0.212288 0.535492
vt 0.212298 0.537821
vt 0.101787 0.531267
vt 0.099540 0.531025
vt 0.101854 0.528592
vt 0.101854 0.527084
vt 0.290270 0.533269
vt 0.290264 0.534710
vt 0.289114 0.533269
vt 0.287572 0.533269
vt 0.286058 0.534491
vt 0.247882 0.527966
vt 0.247825 0.529505
vt 0.249778 0.530891
vt 0.213819 0.535491
vt 0.210790 0.535491
vt 0.210799 0.533241
vt 0.101829 0.530122
vt 0.103864 0.529940
vt 0.103592 0.528437
vt 0.290264 0.531828
vt 0.289109 0.532046
vt 0.286063 0.533269
vt 0.286058 0.532046
vt 0.247896 0.526794
vt 0.246451 0.527759
vt 0.246098 0.529255
vt 0.247738 0.530999
vt 0.214982 0.533456
vt 0.214974 0.535490
vt 0.213828 0.533241
vt 0.212324 0.530999
vt 0.212297 0.533162
vt 0.106139 0.530451
vt 0.104038 0.531066
vt 0.103295 0.526955
vt 0.287567 0.532127
vt 0.246682 0.526618
vt 0.245717 0.530706
vt 0.213850 0.531143
vt 0.180734 0.532946
vt 0.390467 0.509724
vt 0.183850 0.530999
vt 0.181627 0.530999
vt 0.261481 0.536245
vt 0.372351 0.525240
vt 0.258354 0.538197
vt 0.260577 0.538197
vt 0.095452 0.517030
vt 0.174453 0.538910
vt 0.397879 0.521419
vt 0.400859 0.525240
vt 0.176473 0.540645
vt 0.398636 0.525240
vt 0.100825 0.533489
vt 0.253755 0.529776
vt 0.100896 0.531268
vt 0.076771 0.534149
vt 0.284975 0.536132
vt 0.425496 0.533414
vt 0.104600 0.532362
vt 0.287526 0.528550
vt 0.210828 0.531143
vt 0.245461 0.526184
vt 0.215004 0.531538
vt 0.360067 0.528335
vt 0.360068 0.541311
vt 0.357314 0.541311
vt 0.276824 0.509868
vt 0.264646 0.511403
vt 0.258497 0.509860
vt 0.403924 0.525647
vt 0.403918 0.538619
vt 0.401167 0.538715
vt 0.002893 0.522680
vt 0.002893 0.509724
vt 0.005646 0.509724
vt 0.267692 0.514844
vt 0.263308 0.519284
vt 0.263475 0.519059
vt 0.258497 0.528191
vt 0.267404 0.523383
vt 0.270675 0.526656
vt 0.276824 0.528198
vt 0.275284 0.522048
vt 0.371319 0.536638
vt 0.375717 0.536638
vt 0.376199 0.538585
vt 0.382856 0.525451
vt 0.386756 0.526223
vt 0.383855 0.529806
vt 0.267629 0.523215
vt 0.272013 0.518775
vt 0.271845 0.519000
vt 0.087043 0.536972
vt 0.087043 0.531499
vt 0.091050 0.531264
vt 0.431383 0.519952
vt 0.432402 0.520012
vt 0.432400 0.524307
vt 0.260037 0.516011
vt 0.386110 0.535163
vt 0.388570 0.537189
vt 0.386756 0.539126
vt 0.376199 0.525451
vt 0.375717 0.527420
vt 0.371319 0.527421
vt 0.375205 0.529736
vt 0.371879 0.529737
vt 0.374967 0.532035
vt 0.372128 0.532035
vt 0.375205 0.534332
vt 0.371879 0.534332
vt 0.383855 0.535543
vt 0.382856 0.539898
vt 0.428483 0.510631
vt 0.431383 0.514214
vt 0.429090 0.514594
vt 0.428132 0.515590
vt 0.425824 0.514828
vt 0.427724 0.517083
vt 0.425637 0.517083
vt 0.428132 0.518575
vt 0.425824 0.519337
vt 0.429090 0.519571
vt 0.428483 0.523534
vt 0.052667 0.531264
vt 0.056674 0.531500
vt 0.056674 0.536974
vt 0.388570 0.528160
vt 0.386110 0.530186
vt 0.389336 0.530420
vt 0.387028 0.531182
vt 0.389505 0.532674
vt 0.389336 0.534929
vt 0.387028 0.534167
vt 0.432400 0.509859
vt 0.432402 0.514153
vt 0.267917 0.514676
vt 0.403918 0.525451
vt 0.404056 0.525544
vt 0.433799 0.521021
vt 0.433701 0.521164
vt 0.433603 0.521021
vt 0.005646 0.522876
vt 0.005646 0.522680
vt 0.005785 0.522778
vt 0.432701 0.521833
vt 0.432565 0.521666
vt 0.432565 0.521666
vt 0.432565 0.521388
vt 0.432701 0.521498
vt 0.432228 0.524657
vt 0.432402 0.524873
vt 0.432228 0.524873
vt 0.433187 0.520831
vt 0.433322 0.520721
vt 0.433322 0.520999
vt 0.274967 0.522131
vt 0.274971 0.521936
vt 0.270764 0.526333
vt 0.270570 0.526337
vt 0.357175 0.541409
vt 0.357314 0.541508
vt 0.260360 0.515923
vt 0.260357 0.516118
vt 0.264563 0.511721
vt 0.264758 0.511718
vt 0.401167 0.525546
vt 0.002893 0.522876
vt 0.258493 0.509724
vt 0.258354 0.528193
vt 0.258354 0.509863
vt 0.276959 0.509870
vt 0.276959 0.528201
vt 0.276820 0.528340
vt 0.432526 0.509762
vt 0.432688 0.509724
vt 0.267549 0.523285
vt 0.433515 0.510024
vt 0.433659 0.509724
vt 0.433659 0.514351
vt 0.433039 0.514325
vt 0.433179 0.514319
vt 0.433179 0.518238
vt 0.056580 0.537115
vt 0.052669 0.537350
vt 0.052667 0.537209
vt 0.433039 0.518238
vt 0.433179 0.522154
vt 0.433039 0.522153
vt 0.426630 0.521598
vt 0.428384 0.523650
vt 0.432415 0.523220
vt 0.432565 0.525528
vt 0.432415 0.525600
vt 0.425686 0.519381
vt 0.425496 0.517083
vt 0.425686 0.514785
vt 0.426511 0.512474
vt 0.426630 0.512568
vt 0.428384 0.510515
vt 0.091050 0.537209
vt 0.091048 0.537349
vt 0.087136 0.537113
vt 0.386845 0.539242
vt 0.371175 0.536544
vt 0.371734 0.534288
vt 0.371983 0.532035
vt 0.371734 0.529779
vt 0.386845 0.526107
vt 0.388679 0.528066
vt 0.002893 0.535847
vt 0.357314 0.528335
vt 0.401174 0.525743
vt 0.370728 0.538586
vt 0.382852 0.529745
vt 0.370728 0.525452
vt 0.382852 0.535604
vt 0.387419 0.532674
vt 0.433603 0.518269
vt 0.276820 0.509731
vt 0.258493 0.528332
vt 0.433227 0.514050
vt 0.433371 0.509724
vt 0.433371 0.514351
vt 0.432851 0.514054
vt 0.432851 0.518382
vt 0.432688 0.518345
vt 0.263407 0.519141
vt 0.432397 0.509724
vt 0.432397 0.524442
vt 0.426511 0.521692
vt 0.433322 0.523552
vt 0.433322 0.521164
vt 0.433473 0.521234
vt 0.388679 0.537283
vt 0.371175 0.527514
vt 0.005646 0.535847
vt 0.393679 0.515413
vt 0.393687 0.517582
vt 0.392565 0.517583
vt 0.392557 0.515472
vt 0.391720 0.517584
vt 0.132564 0.517863
vt 0.132741 0.519817
vt 0.131638 0.519796
vt 0.131481 0.518060
vt 0.130518 0.519796
vt 0.129680 0.519817
vt 0.129557 0.518457
vt 0.180641 0.535925
vt 0.179540 0.535925
vt 0.179545 0.534624
vt 0.178418 0.535925
vt 0.178423 0.534565
vt 0.177576 0.535924
vt 0.219455 0.520207
vt 0.218355 0.520171
vt 0.218608 0.518447
vt 0.217235 0.520106
vt 0.217519 0.518166
vt 0.216393 0.520030
vt 0.394787 0.517583
vt 0.393655 0.513328
vt 0.391713 0.515632
vt 0.391691 0.513755
vt 0.130988 0.516388
vt 0.130380 0.518277
vt 0.129171 0.517146
vt 0.180646 0.534565
vt 0.179558 0.533372
vt 0.178437 0.533258
vt 0.177581 0.534405
vt 0.219676 0.518699
vt 0.219192 0.516805
vt 0.218176 0.516319
vt 0.216701 0.517933
vt 0.394779 0.515472
vt 0.393616 0.511407
vt 0.392533 0.513442
vt 0.132740 0.515705
vt 0.132010 0.515982
vt 0.131099 0.514244
vt 0.129949 0.516814
vt 0.129241 0.515463
vt 0.128537 0.515936
vt 0.180682 0.532054
vt 0.180660 0.533258
vt 0.178460 0.532054
vt 0.221594 0.516395
vt 0.220894 0.517568
vt 0.220187 0.517262
vt 0.220969 0.515952
vt 0.219181 0.514635
vt 0.217411 0.515935
vt 0.394756 0.513443
vt 0.392495 0.511573
vt 0.392444 0.509935
vt 0.130423 0.512175
vt 0.131755 0.513826
vt 0.130179 0.514843
vt 0.129084 0.513486
vt 0.128283 0.514275
vt 0.179580 0.532220
vt 0.179609 0.531210
vt 0.221991 0.514819
vt 0.220085 0.515307
vt 0.221253 0.514013
vt 0.218498 0.514114
vt 0.219919 0.512538
vt 0.394666 0.509935
vt 0.394718 0.511573
vt 0.386726 0.509724
vt 0.387846 0.509935
vt 0.387792 0.511574
vt 0.128795 0.510815
vt 0.129867 0.512717
vt 0.127745 0.512368
vt 0.127112 0.513297
vt 0.127679 0.514873
vt 0.126630 0.513997
vt 0.270956 0.528340
vt 0.272059 0.528551
vt 0.272092 0.529561
vt 0.273178 0.528340
vt 0.223605 0.514564
vt 0.222510 0.515380
vt 0.223214 0.513906
vt 0.222652 0.512970
vt 0.220495 0.513178
vt 0.221620 0.511270
vt 0.385569 0.511574
vt 0.385623 0.509935
vt 0.386629 0.513330
vt 0.386671 0.511408
vt 0.126933 0.509799
vt 0.128361 0.511460
vt 0.126215 0.511533
vt 0.125430 0.513342
vt 0.270991 0.529395
vt 0.272117 0.530714
vt 0.273213 0.529395
vt 0.224838 0.513976
vt 0.224226 0.512220
vt 0.222068 0.512005
vt 0.223535 0.510357
vt 0.385529 0.513444
vt 0.386604 0.515416
vt 0.387752 0.513444
vt 0.387727 0.515474
vt 0.388595 0.513756
vt 0.126639 0.510520
vt 0.124551 0.511012
vt 0.125772 0.512566
vt 0.124316 0.512110
vt 0.271032 0.531907
vt 0.271016 0.530599
vt 0.273239 0.530599
vt 0.273255 0.531907
vt 0.274082 0.530287
vt 0.274100 0.531747
vt 0.226070 0.512874
vt 0.224591 0.513250
vt 0.225916 0.511790
vt 0.223839 0.511161
vt 0.225591 0.509835
vt 0.385505 0.515474
vt 0.387718 0.517586
vt 0.388572 0.515634
vt 0.388565 0.517586
vt 0.122817 0.509724
vt 0.124767 0.509934
vt 0.122817 0.510825
vt 0.124127 0.512934
vt 0.122769 0.512788
vt 0.271038 0.533266
vt 0.272132 0.531965
vt 0.273260 0.533266
vt 0.227593 0.512794
vt 0.225740 0.510678
vt 0.227698 0.510575
vt 0.385496 0.517586
vt 0.386604 0.519755
vt 0.386595 0.517585
vt 0.387727 0.519697
vt 0.120864 0.509898
vt 0.121081 0.510980
vt 0.122799 0.511947
vt 0.121280 0.512082
vt 0.271032 0.534626
vt 0.272137 0.533267
vt 0.272132 0.534568
vt 0.274106 0.533266
vt 0.274100 0.534784
vt 0.227656 0.511699
vt 0.229381 0.511948
vt 0.229638 0.510856
vt 0.227708 0.509724
vt 0.229806 0.510028
vt 0.385504 0.519697
vt 0.387752 0.521728
vt 0.388572 0.519539
vt 0.119409 0.511471
vt 0.121408 0.512909
vt 0.120098 0.513294
vt 0.272117 0.535820
vt 0.273255 0.534626
vt 0.273239 0.535934
vt 0.230539 0.513521
vt 0.229102 0.513013
vt 0.231023 0.512530
vt 0.231486 0.511510
vt 0.385529 0.521728
vt 0.386629 0.521841
vt 0.387792 0.523599
vt 0.118653 0.509724
vt 0.118983 0.510451
vt 0.117246 0.511359
vt 0.117865 0.512279
vt 0.119817 0.512512
vt 0.118466 0.513219
vt 0.270991 0.537140
vt 0.271016 0.535934
vt 0.273213 0.537140
vt 0.230164 0.514219
vt 0.231849 0.514300
vt 0.232519 0.513420
vt 0.233169 0.512511
vt 0.231804 0.510734
vt 0.385569 0.523599
vt 0.386726 0.525451
vt 0.386671 0.523765
vt 0.116775 0.510706
vt 0.115720 0.512590
vt 0.117279 0.514175
vt 0.118889 0.513927
vt 0.272092 0.536975
vt 0.272059 0.537987
vt 0.232350 0.515829
vt 0.231336 0.514916
vt 0.232980 0.515320
vt 0.234625 0.513822
vt 0.233624 0.511818
vt 0.385623 0.525240
vt 0.396712 0.511411
vt 0.396663 0.509724
vt 0.397767 0.509934
vt 0.115125 0.512037
vt 0.114464 0.514094
vt 0.116509 0.513372
vt 0.116302 0.515346
vt 0.117826 0.514784
vt 0.275029 0.528340
vt 0.276148 0.528550
vt 0.276116 0.529562
vt 0.277251 0.528340
vt 0.233891 0.516541
vt 0.233813 0.514585
vt 0.235795 0.515392
vt 0.235198 0.513235
vt 0.395544 0.509934
vt 0.396748 0.513335
vt 0.397815 0.511576
vt 0.112752 0.515524
vt 0.113767 0.513664
vt 0.115392 0.514710
vt 0.114558 0.516239
vt 0.115573 0.516684
vt 0.116951 0.515831
vt 0.274971 0.530603
vt 0.274996 0.529397
vt 0.277218 0.529397
vt 0.277193 0.530603
vt 0.233165 0.516923
vt 0.234546 0.517917
vt 0.234854 0.515981
vt 0.235602 0.517553
vt 0.236464 0.514933
vt 0.237374 0.516845
vt 0.395627 0.513449
vt 0.395592 0.511576
vt 0.397850 0.513449
vt 0.397872 0.515480
vt 0.113526 0.515815
vt 0.112941 0.517686
vt 0.114039 0.517903
vt 0.274112 0.531754
vt 0.274129 0.530293
vt 0.276093 0.530717
vt 0.276078 0.531969
vt 0.233751 0.518154
vt 0.234919 0.519394
vt 0.236637 0.517161
vt 0.237117 0.519060
vt 0.394807 0.515638
vt 0.394787 0.513759
vt 0.395649 0.515480
vt 0.396771 0.515422
vt 0.397879 0.517591
vt 0.111895 0.519656
vt 0.112120 0.517548
vt 0.113854 0.519636
vt 0.115118 0.518139
vt 0.274106 0.533272
vt 0.274956 0.531911
vt 0.276073 0.533271
vt 0.277178 0.531911
vt 0.234086 0.519477
vt 0.234996 0.520916
vt 0.236028 0.519241
vt 0.236117 0.520981
vt 0.395656 0.517591
vt 0.396778 0.517592
vt 0.397872 0.519702
vt 0.112086 0.521768
vt 0.112733 0.519636
vt 0.114011 0.521372
vt 0.114956 0.519656
vt 0.115094 0.521175
vt 0.274951 0.533271
vt 0.274956 0.534631
vt 0.277173 0.533271
vt 0.277178 0.534631
vt 0.233957 0.522191
vt 0.234155 0.520840
vt 0.234775 0.522425
vt 0.235864 0.522705
vt 0.237217 0.521017
vt 0.394814 0.517590
vt 0.395649 0.519702
vt 0.396771 0.519761
vt 0.397850 0.521732
vt 0.112686 0.523803
vt 0.112910 0.521589
vt 0.114503 0.523044
vt 0.274112 0.534791
vt 0.274971 0.535938
vt 0.276078 0.534572
vt 0.276093 0.535824
vt 0.233499 0.523478
vt 0.235280 0.524347
vt 0.236932 0.522957
vt 0.394807 0.519543
vt 0.395627 0.521732
vt 0.396748 0.521846
vt 0.397815 0.523601
vt 0.113670 0.525681
vt 0.113464 0.523470
vt 0.115313 0.524589
vt 0.115525 0.522638
vt 0.116233 0.523990
vt 0.116255 0.522361
vt 0.116889 0.523571
vt 0.274996 0.537142
vt 0.277193 0.535938
vt 0.277218 0.537142
vt 0.232800 0.524651
vt 0.234264 0.523862
vt 0.233483 0.525172
vt 0.234387 0.525844
vt 0.236275 0.524804
vt 0.235270 0.526489
vt 0.236983 0.525111
vt 0.395592 0.523602
vt 0.396663 0.525451
vt 0.396712 0.523767
vt 0.114375 0.525208
vt 0.115607 0.526735
vt 0.117191 0.525177
vt 0.117747 0.524635
vt 0.275029 0.538197
vt 0.276116 0.536976
vt 0.277251 0.538197
vt 0.231884 0.525665
vt 0.232460 0.526305
vt 0.233956 0.527946
vt 0.235896 0.526932
vt 0.099140 0.532394
vt 0.100825 0.532393
vt 0.100579 0.533488
vt 0.115002 0.527333
vt 0.117113 0.527992
vt 0.116408 0.525946
vt 0.117746 0.527064
vt 0.118796 0.525511
vt 0.293941 0.538197
vt 0.292821 0.537986
vt 0.292854 0.536975
vt 0.291718 0.538197
vt 0.230789 0.526482
vt 0.233219 0.527139
vt 0.231821 0.528182
vt 0.232383 0.529118
vt 0.234475 0.528507
vt 0.100650 0.531267
vt 0.279199 0.530892
vt 0.279681 0.531917
vt 0.278118 0.532614
vt 0.116631 0.528692
vt 0.118731 0.529308
vt 0.119297 0.527884
vt 0.118362 0.526155
vt 0.119842 0.526482
vt 0.294816 0.537594
vt 0.293975 0.537141
vt 0.294386 0.535732
vt 0.292848 0.535585
vt 0.291753 0.537141
vt 0.291340 0.535732
vt 0.290967 0.537594
vt 0.229787 0.527521
vt 0.231237 0.527217
vt 0.230278 0.528984
vt 0.278225 0.528339
vt 0.279681 0.528791
vt 0.279199 0.529747
vt 0.277463 0.529662
vt 0.425248 0.528159
vt 0.423438 0.528095
vt 0.423814 0.526578
vt 0.425496 0.527042
vt 0.424844 0.525451
vt 0.128228 0.528093
vt 0.126630 0.529379
vt 0.126111 0.527946
vt 0.127627 0.527153
vt 0.125565 0.526534
vt 0.294816 0.528944
vt 0.295540 0.530406
vt 0.294386 0.530805
vt 0.293975 0.529396
vt 0.292848 0.530951
vt 0.291340 0.530805
vt 0.291753 0.529396
vt 0.290270 0.530406
vt 0.290967 0.528944
vt 0.224071 0.527260
vt 0.223474 0.528674
vt 0.221953 0.527732
vt 0.222850 0.530042
vt 0.221282 0.528612
vt 0.222367 0.530999
vt 0.220770 0.529228
vt 0.423814 0.529601
vt 0.112097 0.532362
vt 0.111895 0.531267
vt 0.113538 0.531267
vt 0.130300 0.527471
vt 0.128650 0.528801
vt 0.129754 0.526863
vt 0.128983 0.526060
vt 0.127008 0.526234
vt 0.128195 0.525277
vt 0.126537 0.525581
vt 0.293940 0.528339
vt 0.292854 0.529561
vt 0.291718 0.528339
vt 0.223057 0.526129
vt 0.222603 0.526823
vt 0.221471 0.525803
vt 0.220659 0.526567
vt 0.219827 0.527301
vt 0.219196 0.527810
vt 0.113611 0.533488
vt 0.111968 0.533488
vt 0.393616 0.523763
vt 0.393563 0.525451
vt 0.392444 0.525240
vt 0.131010 0.525358
vt 0.130100 0.524722
vt 0.127600 0.524724
vt 0.128474 0.523676
vt 0.180682 0.539799
vt 0.180713 0.540856
vt 0.179609 0.540646
vt 0.178490 0.540856
vt 0.178460 0.539799
vt 0.221228 0.524123
vt 0.222044 0.525216
vt 0.219618 0.525171
vt 0.218656 0.525731
vt 0.394666 0.525240
vt 0.392495 0.523598
vt 0.392533 0.521726
vt 0.132673 0.523983
vt 0.131659 0.525844
vt 0.130934 0.523193
vt 0.129172 0.524107
vt 0.129128 0.522478
vt 0.180660 0.538593
vt 0.179580 0.539633
vt 0.178437 0.538593
vt 0.220642 0.522891
vt 0.220560 0.524582
vt 0.218870 0.523599
vt 0.217930 0.526113
vt 0.217020 0.524200
vt 0.394756 0.521726
vt 0.394718 0.523598
vt 0.393655 0.521839
vt 0.392557 0.519695
vt 0.391691 0.521415
vt 0.131948 0.523637
vt 0.131453 0.521529
vt 0.129901 0.522768
vt 0.130356 0.521313
vt 0.129535 0.521174
vt 0.180646 0.537285
vt 0.179558 0.538479
vt 0.178423 0.537285
vt 0.177597 0.538903
vt 0.219532 0.521729
vt 0.219906 0.523207
vt 0.218444 0.521910
vt 0.217814 0.523962
vt 0.216501 0.522146
vt 0.394779 0.519695
vt 0.393679 0.519752
vt 0.391713 0.519537
vt 0.132533 0.521766
vt 0.179544 0.537227
vt 0.177581 0.537442
vt 0.217334 0.522063
vt 0.238907 0.539983
vt 0.237411 0.539838
vt 0.237383 0.537741
vt 0.118293 0.530372
vt 0.120643 0.529904
vt 0.120963 0.528406
vt 0.121260 0.526929
vt 0.295540 0.536132
vt 0.294404 0.534491
vt 0.292862 0.534410
vt 0.228141 0.526730
vt 0.229398 0.526409
vt 0.228347 0.527890
vt 0.228587 0.529413
vt 0.230739 0.530401
vt 0.241566 0.537524
vt 0.241587 0.539441
vt 0.240434 0.539838
vt 0.240411 0.537741
vt 0.238872 0.535492
vt 0.238881 0.537821
vt 0.122632 0.531267
vt 0.120385 0.531025
vt 0.122699 0.528592
vt 0.122699 0.527084
vt 0.295564 0.533269
vt 0.295559 0.534710
vt 0.294409 0.533269
vt 0.292866 0.533269
vt 0.291352 0.534491
vt 0.226902 0.527966
vt 0.226844 0.529505
vt 0.228798 0.530891
vt 0.240402 0.535491
vt 0.237374 0.535491
vt 0.237383 0.533241
vt 0.122674 0.530122
vt 0.124709 0.529940
vt 0.124437 0.528437
vt 0.295559 0.531828
vt 0.294404 0.532046
vt 0.291357 0.533269
vt 0.291352 0.532046
vt 0.226916 0.526794
vt 0.225470 0.527759
vt 0.225117 0.529255
vt 0.226758 0.530999
vt 0.241566 0.533456
vt 0.241558 0.535490
vt 0.240411 0.533241
vt 0.238907 0.530999
vt 0.238881 0.533162
vt 0.126985 0.530451
vt 0.124883 0.531066
vt 0.124140 0.526955
vt 0.292862 0.532126
vt 0.225701 0.526618
vt 0.224737 0.530706
vt 0.240434 0.531143
vt 0.177597 0.532945
vt 0.393563 0.509724
vt 0.180713 0.530999
vt 0.178490 0.530999
vt 0.388595 0.521416
vt 0.274082 0.536245
vt 0.387846 0.525240
vt 0.270956 0.538197
vt 0.273178 0.538197
vt 0.116298 0.517030
vt 0.274129 0.536251
vt 0.394787 0.521419
vt 0.397767 0.525240
vt 0.276148 0.537986
vt 0.395544 0.525240
vt 0.098939 0.533489
vt 0.232774 0.529776
vt 0.099011 0.531268
vt 0.277424 0.531224
vt 0.290270 0.536132
vt 0.425496 0.529264
vt 0.113784 0.532362
vt 0.292821 0.528550
vt 0.237411 0.531143
vt 0.224480 0.526184
vt 0.241587 0.531538
vt 0.370001 0.528335
vt 0.370001 0.541311
vt 0.367247 0.541311
vt 0.351253 0.509863
vt 0.339072 0.511403
vt 0.332921 0.509863
vt 0.347106 0.528531
vt 0.347104 0.541496
vt 0.344351 0.541528
vt 0.298318 0.528347
vt 0.298458 0.541312
vt 0.295705 0.541301
vt 0.342119 0.514843
vt 0.337733 0.519286
vt 0.337901 0.519061
vt 0.332921 0.528196
vt 0.341830 0.523383
vt 0.345102 0.526655
vt 0.351253 0.528196
vt 0.349713 0.522045
vt 0.410076 0.536638
vt 0.414476 0.536638
vt 0.415001 0.538585
vt 0.447291 0.524441
vt 0.451200 0.525213
vt 0.448297 0.528796
vt 0.342055 0.523215
vt 0.346441 0.518773
vt 0.346273 0.518998
vt 0.241587 0.536848
vt 0.241587 0.531374
vt 0.245594 0.531139
vt 0.439523 0.519816
vt 0.440537 0.519877
vt 0.440534 0.524171
vt 0.334461 0.516014
vt 0.450566 0.534154
vt 0.453027 0.536180
vt 0.451200 0.538117
vt 0.415001 0.525451
vt 0.414476 0.527420
vt 0.410076 0.527420
vt 0.413945 0.529736
vt 0.410617 0.529736
vt 0.413702 0.532035
vt 0.410862 0.532035
vt 0.413945 0.534332
vt 0.410617 0.534332
vt 0.448297 0.534534
vt 0.447291 0.538889
vt 0.436620 0.510496
vt 0.439523 0.514079
vt 0.437240 0.514459
vt 0.436294 0.515455
vt 0.433985 0.514693
vt 0.435891 0.516947
vt 0.433803 0.516947
vt 0.436294 0.518440
vt 0.433985 0.519202
vt 0.437240 0.519436
vt 0.436620 0.523399
vt 0.216513 0.531139
vt 0.220520 0.531375
vt 0.220520 0.536849
vt 0.453027 0.527150
vt 0.450566 0.529177
vt 0.453806 0.529411
vt 0.451497 0.530172
vt 0.453981 0.531665
vt 0.453806 0.533919
vt 0.451497 0.533158
vt 0.440534 0.509724
vt 0.440537 0.514018
vt 0.342344 0.514675
vt 0.347104 0.528335
vt 0.347243 0.528431
vt 0.295704 0.541498
vt 0.295565 0.541399
vt 0.306997 0.528533
vt 0.306997 0.528336
vt 0.307136 0.528435
vt 0.432701 0.522389
vt 0.432565 0.522499
vt 0.460817 0.524657
vt 0.460643 0.524441
vt 0.460817 0.524441
vt 0.432701 0.522776
vt 0.432701 0.523054
vt 0.432565 0.522944
vt 0.432565 0.520942
vt 0.432701 0.520832
vt 0.432701 0.521110
vt 0.349393 0.522131
vt 0.349397 0.521936
vt 0.345190 0.526335
vt 0.344995 0.526339
vt 0.367109 0.541409
vt 0.367247 0.541508
vt 0.334783 0.515928
vt 0.334779 0.516123
vt 0.338987 0.511724
vt 0.339182 0.511720
vt 0.344351 0.528367
vt 0.298458 0.541509
vt 0.304243 0.528533
vt 0.304243 0.528336
vt 0.332920 0.509724
vt 0.332781 0.528196
vt 0.332781 0.509863
vt 0.351391 0.509863
vt 0.351391 0.528196
vt 0.351252 0.528335
vt 0.370001 0.541508
vt 0.346346 0.518914
vt 0.341973 0.523287
vt 0.216515 0.530999
vt 0.220426 0.531235
vt 0.220426 0.536990
vt 0.216515 0.537225
vt 0.216513 0.537085
vt 0.241681 0.531234
vt 0.245592 0.530999
vt 0.434779 0.521462
vt 0.436524 0.523515
vt 0.433473 0.521164
vt 0.433626 0.523476
vt 0.433473 0.523547
vt 0.413842 0.532034
vt 0.414084 0.534287
vt 0.414084 0.529779
vt 0.434779 0.512433
vt 0.434662 0.512339
vt 0.436524 0.510380
vt 0.245594 0.537085
vt 0.245592 0.537225
vt 0.241681 0.536988
vt 0.451292 0.538233
vt 0.409934 0.536543
vt 0.410476 0.534287
vt 0.410720 0.532034
vt 0.410476 0.529779
vt 0.451292 0.525098
vt 0.453139 0.527056
vt 0.304243 0.541504
vt 0.367247 0.528335
vt 0.344353 0.528564
vt 0.295565 0.528336
vt 0.409528 0.538585
vt 0.447288 0.528736
vt 0.409528 0.525451
vt 0.447288 0.534595
vt 0.451893 0.531665
vt 0.351252 0.509724
vt 0.332920 0.528335
vt 0.342203 0.514771
vt 0.337830 0.519144
vt 0.434662 0.521556
vt 0.432565 0.518385
vt 0.432423 0.520831
vt 0.432423 0.518382
vt 0.414616 0.527513
vt 0.453139 0.536274
vt 0.409934 0.527514
vt 0.306997 0.541504
vt 0.415245 0.515416
vt 0.415248 0.517586
vt 0.414132 0.517586
vt 0.414128 0.515474
vt 0.413305 0.517586
vt 0.026428 0.517775
vt 0.026621 0.519726
vt 0.025511 0.519716
vt 0.025339 0.517981
vt 0.024397 0.519726
vt 0.023578 0.519754
vt 0.023443 0.518395
vt 0.204656 0.535926
vt 0.203548 0.535927
vt 0.203549 0.534625
vt 0.202432 0.535927
vt 0.202434 0.534567
vt 0.201609 0.535926
vt 0.079893 0.528233
vt 0.079799 0.529336
vt 0.078090 0.528996
vt 0.079677 0.530446
vt 0.077754 0.530063
vt 0.079559 0.531264
vt 0.416355 0.517586
vt 0.415235 0.513330
vt 0.027221 0.517644
vt 0.025858 0.515898
vt 0.024833 0.516313
vt 0.024247 0.518208
vt 0.023046 0.517088
vt 0.204658 0.534567
vt 0.203554 0.533373
vt 0.202439 0.533259
vt 0.201610 0.534408
vt 0.078398 0.527935
vt 0.076481 0.528329
vt 0.075943 0.529312
vt 0.077480 0.530850
vt 0.416352 0.515474
vt 0.415220 0.511408
vt 0.414119 0.513445
vt 0.026605 0.515615
vt 0.024933 0.514169
vt 0.023803 0.516749
vt 0.023084 0.515404
vt 0.022402 0.515884
vt 0.204670 0.532055
vt 0.204663 0.533259
vt 0.202446 0.532055
vt 0.076199 0.525882
vt 0.077334 0.526641
vt 0.076990 0.527351
vt 0.075722 0.526503
vt 0.074313 0.528222
vt 0.075522 0.530038
vt 0.416343 0.513445
vt 0.414104 0.511574
vt 0.414084 0.509935
vt 0.024258 0.512106
vt 0.025604 0.513745
vt 0.024010 0.514776
vt 0.022903 0.513429
vt 0.022115 0.514225
vt 0.203561 0.532220
vt 0.203571 0.531209
vt 0.074644 0.525424
vt 0.075032 0.527360
vt 0.073799 0.526127
vt 0.073759 0.528859
vt 0.072260 0.527359
vt 0.416308 0.509935
vt 0.416328 0.511574
vt 0.383627 0.509724
vt 0.384747 0.509935
vt 0.384693 0.511574
vt 0.022618 0.510761
vt 0.023688 0.512653
vt 0.021555 0.512323
vt 0.020936 0.513258
vt 0.021535 0.514828
vt 0.020478 0.513962
vt 0.316149 0.528336
vt 0.317251 0.528547
vt 0.317285 0.529557
vt 0.318371 0.528336
vt 0.074475 0.523779
vt 0.075234 0.524915
vt 0.073796 0.524155
vt 0.072831 0.524677
vt 0.072927 0.526835
vt 0.071082 0.525595
vt 0.382470 0.511574
vt 0.382524 0.509935
vt 0.383530 0.513330
vt 0.383572 0.511408
vt 0.020747 0.509761
vt 0.022171 0.511409
vt 0.020017 0.511502
vt 0.019273 0.513318
vt 0.316183 0.529392
vt 0.317309 0.530710
vt 0.318406 0.529392
vt 0.073952 0.522517
vt 0.072163 0.523066
vt 0.071837 0.525204
vt 0.070270 0.523635
vt 0.382430 0.513444
vt 0.383505 0.515416
vt 0.384652 0.513444
vt 0.384628 0.515474
vt 0.385496 0.513756
vt 0.020440 0.510485
vt 0.018348 0.510996
vt 0.019590 0.512539
vt 0.018129 0.512096
vt 0.316225 0.531903
vt 0.316209 0.530596
vt 0.318432 0.530596
vt 0.318448 0.531903
vt 0.319275 0.530284
vt 0.319293 0.531744
vt 0.072914 0.521249
vt 0.073212 0.522746
vt 0.071823 0.521355
vt 0.071087 0.523391
vt 0.069856 0.521555
vt 0.382405 0.515474
vt 0.384619 0.517585
vt 0.385473 0.515634
vt 0.385465 0.517586
vt 0.016610 0.509724
vt 0.018563 0.509916
vt 0.016612 0.510825
vt 0.017966 0.512922
vt 0.016606 0.512788
vt 0.316231 0.533263
vt 0.317325 0.531962
vt 0.318453 0.533263
vt 0.072914 0.519723
vt 0.070703 0.521467
vt 0.070703 0.519505
vt 0.382397 0.517586
vt 0.383505 0.519755
vt 0.383496 0.517585
vt 0.384628 0.519697
vt 0.014658 0.509916
vt 0.014877 0.510996
vt 0.016611 0.511947
vt 0.015092 0.512096
vt 0.316225 0.534623
vt 0.317330 0.533263
vt 0.317325 0.534565
vt 0.319299 0.533262
vt 0.319293 0.534781
vt 0.071822 0.519611
vt 0.072161 0.517901
vt 0.071084 0.517581
vt 0.069855 0.519433
vt 0.070267 0.517352
vt 0.382405 0.519697
vt 0.384652 0.521728
vt 0.385473 0.519539
vt 0.013208 0.511502
vt 0.015246 0.512922
vt 0.013939 0.513318
vt 0.317309 0.535817
vt 0.318447 0.534623
vt 0.318432 0.535931
vt 0.073793 0.516817
vt 0.073210 0.518227
vt 0.072827 0.516290
vt 0.071833 0.515768
vt 0.382430 0.521728
vt 0.383530 0.521841
vt 0.384693 0.523599
vt 0.012464 0.509762
vt 0.012780 0.510485
vt 0.011050 0.511410
vt 0.011670 0.512324
vt 0.013632 0.512539
vt 0.012286 0.513258
vt 0.316183 0.537137
vt 0.316209 0.535931
vt 0.318406 0.537137
vt 0.074472 0.517208
vt 0.074639 0.515548
vt 0.073794 0.514840
vt 0.072921 0.514137
vt 0.071077 0.515392
vt 0.382470 0.523599
vt 0.383627 0.525451
vt 0.383571 0.523765
vt 0.010593 0.510761
vt 0.009534 0.512654
vt 0.011107 0.514225
vt 0.012734 0.513962
vt 0.317285 0.536971
vt 0.317251 0.537983
vt 0.076194 0.515106
vt 0.075230 0.516072
vt 0.075717 0.514469
vt 0.074306 0.512750
vt 0.072254 0.513628
vt 0.382524 0.525240
vt 0.418270 0.511410
vt 0.418251 0.509724
vt 0.419361 0.509933
vt 0.008953 0.512106
vt 0.008290 0.514170
vt 0.010322 0.513429
vt 0.010139 0.515404
vt 0.011678 0.514829
vt 0.199385 0.530999
vt 0.200500 0.531209
vt 0.200487 0.532221
vt 0.201609 0.530999
vt 0.076984 0.513621
vt 0.075026 0.513607
vt 0.075935 0.511660
vt 0.073752 0.512128
vt 0.417137 0.509936
vt 0.418284 0.513333
vt 0.419379 0.511574
vt 0.006608 0.515616
vt 0.007608 0.513745
vt 0.009216 0.514777
vt 0.008394 0.516314
vt 0.009420 0.516750
vt 0.010811 0.515884
vt 0.199362 0.533261
vt 0.199372 0.532055
vt 0.201596 0.532055
vt 0.201586 0.533261
vt 0.077329 0.514347
vt 0.078392 0.513037
vt 0.076474 0.512638
vt 0.078083 0.511970
vt 0.075513 0.510950
vt 0.077471 0.510138
vt 0.417169 0.513448
vt 0.417155 0.511576
vt 0.419393 0.513445
vt 0.419403 0.515476
vt 0.007365 0.515899
vt 0.006796 0.517775
vt 0.007889 0.517982
vt 0.008978 0.518209
vt 0.010167 0.517089
vt 0.200478 0.533375
vt 0.200473 0.534627
vt 0.078590 0.513824
vt 0.079886 0.512740
vt 0.077746 0.510909
vt 0.079668 0.510526
vt 0.417179 0.515478
vt 0.418294 0.515419
vt 0.419408 0.517587
vt 0.005785 0.519755
vt 0.005993 0.517645
vt 0.007718 0.519717
vt 0.198528 0.535929
vt 0.198531 0.534410
vt 0.199356 0.534569
vt 0.200471 0.535928
vt 0.201580 0.534569
vt 0.079928 0.513557
vt 0.081411 0.512740
vt 0.079791 0.511630
vt 0.081533 0.511630
vt 0.416355 0.515638
vt 0.417184 0.517590
vt 0.418299 0.517589
vt 0.419408 0.519699
vt 0.005994 0.521865
vt 0.006604 0.519727
vt 0.007890 0.521451
vt 0.008828 0.519727
vt 0.008978 0.521244
vt 0.199354 0.535928
vt 0.199356 0.537288
vt 0.201578 0.535928
vt 0.201580 0.537288
vt 0.082632 0.513824
vt 0.081293 0.513557
vt 0.082906 0.513037
vt 0.083242 0.511970
vt 0.081628 0.510526
vt 0.416360 0.517590
vt 0.417184 0.519701
vt 0.418299 0.519758
vt 0.419403 0.521729
vt 0.006610 0.523894
vt 0.006797 0.521678
vt 0.008396 0.523119
vt 0.009772 0.521114
vt 0.010169 0.522420
vt 0.199362 0.538596
vt 0.200473 0.537230
vt 0.200478 0.538481
vt 0.083893 0.514347
vt 0.084852 0.512638
vt 0.083550 0.510909
vt 0.416360 0.519543
vt 0.417179 0.521731
vt 0.418294 0.521844
vt 0.419393 0.523599
vt 0.007611 0.525764
vt 0.007367 0.523555
vt 0.009219 0.524656
vt 0.009422 0.522704
vt 0.010141 0.524049
vt 0.010813 0.523625
vt 0.199372 0.539800
vt 0.201586 0.538596
vt 0.201596 0.539800
vt 0.085028 0.515106
vt 0.084314 0.513621
vt 0.085582 0.514469
vt 0.086301 0.513607
vt 0.085361 0.511660
vt 0.086991 0.512750
vt 0.085705 0.510950
vt 0.417169 0.523602
vt 0.418270 0.525451
vt 0.418284 0.523766
vt 0.008292 0.525284
vt 0.009537 0.526799
vt 0.011110 0.525228
vt 0.011680 0.524680
vt 0.199385 0.540856
vt 0.200487 0.539635
vt 0.201609 0.540856
vt 0.085994 0.516072
vt 0.086661 0.515548
vt 0.088377 0.514137
vt 0.087468 0.512128
vt 0.115875 0.532393
vt 0.117560 0.532393
vt 0.117313 0.533488
vt 0.008957 0.527403
vt 0.011054 0.528043
vt 0.010325 0.526003
vt 0.011674 0.527109
vt 0.012737 0.525547
vt 0.313698 0.538194
vt 0.312579 0.537983
vt 0.312612 0.536972
vt 0.311476 0.538194
vt 0.086753 0.517208
vt 0.087533 0.514840
vt 0.088501 0.516290
vt 0.089467 0.515768
vt 0.088967 0.513628
vt 0.117386 0.531267
vt 0.193605 0.532489
vt 0.193357 0.531379
vt 0.195036 0.530999
vt 0.010597 0.528748
vt 0.012668 0.529344
vt 0.013213 0.527915
vt 0.012289 0.526195
vt 0.013756 0.526508
vt 0.314574 0.537591
vt 0.313733 0.537138
vt 0.314144 0.535729
vt 0.312606 0.535582
vt 0.311511 0.537138
vt 0.311098 0.535729
vt 0.310725 0.537591
vt 0.087735 0.518298
vt 0.087508 0.516817
vt 0.089220 0.517891
vt 0.090661 0.517493
vt 0.090145 0.515392
vt 0.195036 0.534023
vt 0.193357 0.533603
vt 0.068553 0.532803
vt 0.066744 0.532778
vt 0.067120 0.531264
vt 0.022622 0.528747
vt 0.020960 0.530412
vt 0.020571 0.529344
vt 0.022175 0.528043
vt 0.020030 0.527915
vt 0.021559 0.527109
vt 0.019482 0.526508
vt 0.314574 0.528941
vt 0.315298 0.530403
vt 0.314143 0.530802
vt 0.313733 0.529393
vt 0.312605 0.530949
vt 0.311098 0.530802
vt 0.311511 0.529393
vt 0.310028 0.530403
vt 0.310725 0.528941
vt 0.087176 0.523996
vt 0.088556 0.524674
vt 0.087538 0.526127
vt 0.089891 0.525357
vt 0.088383 0.526835
vt 0.090824 0.525863
vt 0.088973 0.527359
vt 0.067120 0.534288
vt 0.113986 0.532362
vt 0.113784 0.531267
vt 0.115427 0.531267
vt 0.024262 0.527402
vt 0.023691 0.526799
vt 0.022906 0.526003
vt 0.020939 0.526195
vt 0.022118 0.525227
vt 0.020481 0.525546
vt 0.313698 0.528336
vt 0.312612 0.529559
vt 0.311476 0.528336
vt 0.085998 0.524916
vt 0.086665 0.525424
vt 0.085588 0.526503
vt 0.086307 0.527360
vt 0.086998 0.528222
vt 0.087475 0.528859
vt 0.115500 0.533488
vt 0.113857 0.533488
vt 0.415220 0.523765
vt 0.415200 0.525451
vt 0.414085 0.525240
vt 0.024935 0.525283
vt 0.024012 0.524656
vt 0.021537 0.524680
vt 0.022404 0.523624
vt 0.204670 0.539799
vt 0.204681 0.540856
vt 0.203571 0.540646
vt 0.202457 0.540856
vt 0.202446 0.539799
vt 0.083898 0.526641
vt 0.085033 0.525882
vt 0.084859 0.528329
vt 0.085369 0.529312
vt 0.416308 0.525240
vt 0.414105 0.523599
vt 0.414119 0.521728
vt 0.026607 0.523893
vt 0.025607 0.525763
vt 0.024834 0.523118
vt 0.023086 0.524048
vt 0.023048 0.522420
vt 0.204663 0.538594
vt 0.203561 0.539634
vt 0.202439 0.538594
vt 0.082638 0.527164
vt 0.084321 0.527351
vt 0.083250 0.528996
vt 0.085714 0.530038
vt 0.083756 0.530850
vt 0.416343 0.521728
vt 0.416328 0.523599
vt 0.415235 0.521842
vt 0.414129 0.519697
vt 0.027222 0.521864
vt 0.025860 0.523554
vt 0.025340 0.521450
vt 0.023805 0.522703
vt 0.024247 0.521244
vt 0.023444 0.521113
vt 0.204658 0.537286
vt 0.203554 0.538480
vt 0.202434 0.537286
vt 0.081299 0.527430
vt 0.082913 0.527935
vt 0.081418 0.528233
vt 0.081541 0.529336
vt 0.083558 0.530063
vt 0.081678 0.531264
vt 0.416352 0.519697
vt 0.415245 0.519755
vt 0.413303 0.519539
vt 0.026429 0.521677
vt 0.203549 0.537228
vt 0.201610 0.537445
vt 0.081636 0.530446
vt 0.226267 0.539983
vt 0.224771 0.539838
vt 0.224743 0.537741
vt 0.012265 0.530412
vt 0.014585 0.529922
vt 0.014883 0.528422
vt 0.015178 0.526942
vt 0.315298 0.536129
vt 0.314162 0.534488
vt 0.312620 0.534408
vt 0.086861 0.519876
vt 0.086606 0.518604
vt 0.088028 0.519755
vt 0.089561 0.519602
vt 0.228926 0.537524
vt 0.228947 0.539441
vt 0.227793 0.539838
vt 0.227771 0.537741
vt 0.226232 0.535492
vt 0.226241 0.537821
vt 0.016613 0.531268
vt 0.014363 0.531046
vt 0.016622 0.528593
vt 0.016619 0.527084
vt 0.315322 0.533266
vt 0.315317 0.534707
vt 0.314166 0.533266
vt 0.312624 0.533266
vt 0.311110 0.534488
vt 0.088029 0.521203
vt 0.089562 0.521349
vt 0.091049 0.519458
vt 0.227762 0.535491
vt 0.224734 0.535491
vt 0.224742 0.533241
vt 0.016619 0.530123
vt 0.018653 0.529922
vt 0.018360 0.528421
vt 0.315317 0.531825
vt 0.314162 0.532044
vt 0.311115 0.533266
vt 0.311110 0.532044
vt 0.086862 0.521104
vt 0.087747 0.522623
vt 0.089222 0.523062
vt 0.091050 0.521501
vt 0.228926 0.533456
vt 0.228917 0.535490
vt 0.227771 0.533241
vt 0.226267 0.530999
vt 0.226241 0.533162
vt 0.018863 0.531046
vt 0.018060 0.526942
vt 0.312620 0.532124
vt 0.086623 0.522308
vt 0.090653 0.523506
vt 0.227793 0.531143
vt 0.413303 0.515634
vt 0.201616 0.532947
vt 0.415200 0.509724
vt 0.204681 0.530999
vt 0.202457 0.530999
vt 0.385496 0.521416
vt 0.319275 0.536242
vt 0.384747 0.525240
vt 0.316149 0.538194
vt 0.318371 0.538194
vt 0.009771 0.518396
vt 0.079549 0.509724
vt 0.198531 0.537447
vt 0.416355 0.521420
vt 0.419379 0.525239
vt 0.200500 0.540645
vt 0.417155 0.525241
vt 0.115673 0.533488
vt 0.115746 0.531267
vt 0.195412 0.532509
vt 0.310028 0.536129
vt 0.194005 0.535141
vt 0.068800 0.531689
vt 0.068800 0.533913
vt 0.115673 0.532362
vt 0.312579 0.528547
vt 0.224771 0.531143
vt 0.086126 0.523506
vt 0.228947 0.531538
vt 0.961384 0.003884
vt 0.990413 0.003884
vt 0.990435 0.496500
vt 0.961406 0.496500
vt 0.533555 0.717566
vt 0.504525 0.717566
vt 0.504525 0.503658
vt 0.533555 0.503658
vt 0.681466 0.503508
vt 0.710495 0.503508
vt 0.710539 0.996079
vt 0.681511 0.996079
vt 0.562584 0.717500
vt 0.533555 0.717500
vt 0.533555 0.503602
vt 0.562584 0.503602
vt 0.722566 0.730082
vt 0.716057 0.728770
vt 0.716058 0.500914
vt 0.722567 0.499636
vt 0.710539 0.725034
vt 0.710540 0.504551
vt 0.460946 0.499205
vt 0.466464 0.493704
vt 0.675938 0.494209
vt 0.681456 0.499736
vt 0.472973 0.487212
vt 0.669429 0.487685
vt 0.476612 0.730181
vt 0.476612 0.499736
vt 0.478534 0.499736
vt 0.478507 0.730181
vt 0.889871 0.487176
vt 0.693483 0.487585
vt 0.693444 0.012497
vt 0.889962 0.012090
vt 0.502571 0.730170
vt 0.502575 0.499736
vt 0.504525 0.499737
vt 0.504525 0.730171
vt 0.472973 0.012061
vt 0.669429 0.012534
vt 0.961328 0.000000
vt 0.961374 0.509108
vt 0.959424 0.509095
vt 0.959406 0.000000
vt 0.947328 0.000000
vt 0.947350 0.509155
vt 0.945455 0.509168
vt 0.945374 0.000014
vt 0.905633 0.000000
vt 0.905656 0.509155
vt 0.902017 0.509155
vt 0.901994 0.000000
vt 0.726205 0.499636
vt 0.726205 0.730082
vt 0.921291 0.000000
vt 0.921338 0.509108
vt 0.917699 0.509108
vt 0.917653 0.000000
vt 0.460946 0.730170
vt 0.460946 0.499736
vt 0.464585 0.499736
vt 0.464585 0.730170
vt 0.912157 0.507873
vt 0.912134 0.001308
vt 0.917653 0.504222
vt 0.917631 0.005031
vt 0.466464 0.005535
vt 0.460946 -0.000000
vt 0.485019 0.728860
vt 0.485043 0.501014
vt 0.490548 0.725106
vt 0.490561 0.504651
vt 0.896398 0.493683
vt 0.686974 0.494107
vt 0.901937 0.499187
vt 0.681456 0.499636
vt 0.952890 0.001317
vt 0.952911 0.507785
vt 0.947350 0.005067
vt 0.947383 0.504141
vt 0.686953 0.006012
vt 0.681456 0.000503
vt 0.938936 0.507924
vt 0.938861 0.001364
vt 0.933385 0.504294
vt 0.933334 0.005121
vt 0.896476 0.005553
vt 0.901994 -0.000000
vt 0.496066 0.728897
vt 0.496069 0.501043
vt 0.490561 0.725272
vt 0.490562 0.504771
vt 0.471094 0.728897
vt 0.471094 0.501052
vt 0.476612 0.725270
vt 0.476611 0.504798
vt 0.675938 0.006039
vt 0.681456 0.000531
vt 0.927793 0.001318
vt 0.927839 0.507837
vt 0.933289 0.005070
vt 0.933334 0.504216
vt 0.227714 0.500913
vt 0.227714 0.008283
vt 0.230466 0.000007
vt 0.230473 0.509169
vt 0.233232 0.008283
vt 0.233232 0.500912
vt 0.230473 0.509169
vt 0.230473 0.000000
vt 0.008276 0.506945
vt 0.222210 0.506430
vt -0.000000 0.509724
vt 0.238736 0.506430
vt 0.452670 0.506945
vt 0.460939 0.509717
vt 0.002759 0.008811
vt 0.002759 0.501441
vt 0.000007 0.509717
vt 0.000000 0.000555
vt 0.458187 0.501441
vt 0.458187 0.008811
vt 0.460946 0.000555
vt 0.460946 0.509724
vt 0.452683 0.003294
vt 0.238749 0.002779
vt 0.230480 0.000007
vt 0.222197 0.002779
vt 0.008263 0.003294
vt 0.230473 -0.000000
vt 0.990432 0.498612
vt 0.961404 0.498612
vt 0.990425 0.500409
vt 0.961397 0.500409
vt 0.504525 0.721437
vt 0.504525 0.719667
vt 0.533555 0.719667
vt 0.533555 0.721437
vt 0.562584 0.719617
vt 0.533555 0.719617
vt 0.562584 0.721426
vt 0.533555 0.721426
vt 0.990403 -0.000000
vt 0.990410 0.001778
vt 0.961381 0.001778
vt 0.961374 0.000000
vt 0.504525 0.501542
vt 0.533555 0.501542
vt 0.504525 0.499736
vt 0.533555 0.499736
vt 0.710485 0.499636
vt 0.710492 0.501405
vt 0.681463 0.501405
vt 0.681456 0.499636
vt 0.710537 0.998193
vt 0.681508 0.998193
vt 0.710530 1.000000
vt 0.681501 1.000000
vt 0.562584 0.499736
vt 0.562584 0.501502
vt 0.533555 0.501502
vt 0.533555 0.499736
vt 0.224318 0.506006
vt 0.226103 0.504809
vt 0.227296 0.503021
vt 0.233651 0.503021
vt 0.234843 0.504809
vt 0.236629 0.506006
vt 0.227294 0.006174
vt 0.226097 0.004386
vt 0.224307 0.003194
vt 0.236639 0.003194
vt 0.234849 0.004386
vt 0.233652 0.006174
vt 0.003179 0.503550
vt 0.004376 0.505338
vt 0.006166 0.506530
vt 0.454780 0.506530
vt 0.456571 0.505337
vt 0.457767 0.503550
vt 0.006156 0.003718
vt 0.004370 0.004915
vt 0.003178 0.006703
vt 0.457769 0.006703
vt 0.456576 0.004915
vt 0.454791 0.003718
s 1
usemtl Material.001
f 1017/1321/1017 1088/1322/1018 1096/1323/1019
f 1018/1324/1020 1019/1325/1021 1020/1326/1022
f 1021/1327/1023 1022/1328/1024 1023/1329/1025
f 1024/1330/1026 1082/1331/1027 1025/1332/1028
f 1026/1333/1029 1027/1334/1030 1028/1335/1031
f 1029/1336/1032 1030/1337/1033 1031/1338/1034
f 1029/1336/1032 1032/1339/1035 1030/1337/1033
f 1018/1324/1020 1033/1340/1036 1032/1339/1035
f 1034/1341/1037 1035/1342/1038 1036/1343/1039
f 1037/1344/1040 1038/1345/1041 1039/1346/1042
f 1040/1347/1043 1041/1348/1044 1042/1349/1045
f 1043/1350/1046 1044/1351/1047 1035/1352/1038
f 1045/1353/1048 1046/1354/1049 1084/1355/1050
f 1019/1325/1021 1047/1356/1051 1020/1326/1022
f 1033/1340/1036 1030/1337/1033 1032/1339/1035
f 1048/1357/1052 1049/1358/1053 1050/1359/1054
f 1051/1360/1055 1052/1361/1056 1053/1362/1057
f 1052/1361/1056 1054/1363/1058 1053/1362/1057
f 1055/1364/1059 1056/1365/1060 1054/1363/1058
f 1057/1366/1061 1058/1367/1062 1056/1365/1060
f 1059/1368/1063 1036/1343/1039 1058/1367/1062
f 1060/1369/1064 1087/1370/1065 1049/1358/1053
f 1061/1371/1066 1062/1372/1067 1063/1373/1068
f 1062/1372/1067 1064/1374/1069 1065/1375/1070
f 1065/1375/1070 1066/1376/1071 1067/1377/1072
f 1066/1376/1071 1068/1378/1073 1067/1377/1072
f 1069/1379/1074 1070/1380/1075 1068/1378/1073
f 1070/1380/1075 1071/1381/1076 1045/1353/1048
f 1090/1382/1077 1072/1383/1078 1051/1384/1055
f 1039/1346/1042 1073/1385/1079 1074/1386/1080
f 1073/1385/1079 1075/1387/1081 1074/1386/1080
f 1076/1388/1082 1077/1389/1083 1075/1387/1081
f 1077/1389/1083 1078/1390/1084 1079/1391/1085
f 1079/1391/1085 1048/1357/1052 1050/1359/1054
f 1080/1392/1086 1063/1373/1068 1086/1393/1087
f 1018/1324/1020 1042/1349/1045 1033/1340/1036
f 1029/1336/1032 1047/1356/1051 1019/1325/1021
f 1029/1336/1032 1028/1335/1031 1047/1356/1051
f 1018/1324/1020 1020/1326/1022 1081/1394/1088
f 1021/1327/1023 1029/1395/1032 1092/1396/1089
f 1093/1397/1090 1082/1331/1027 1018/1398/1020
f 1094/1399/1091 1019/1400/1021 1083/1401/1092
f 1084/1402/1050 1042/1403/1045 1041/1404/1044
f 1031/1405/1034 1085/1406/1093 1040/1407/1043
f 1081/1408/1088 1086/1409/1087 1026/1410/1029
f 1101/1411/1094 1028/1412/1031 1027/1413/1030
f 1044/1414/1047 1033/1340/1036 1046/1415/1049
f 1099/1416/1095 1087/1417/1065 1030/1337/1033
f 1032/1418/1035 1023/1419/1025 1088/1322/1018
f 1089/1420/1096 1047/1356/1051 1037/1421/1040
f 1090/1422/1077 1080/1423/1086 1020/1326/1022
f 1091/1424/1097 1021/1327/1023 1092/1396/1089
f 1017/1425/1017 1082/1331/1027 1093/1397/1090
f 1094/1399/1091 1024/1426/1026 1095/1427/1098
f 1018/1324/1020 1083/1428/1092 1019/1325/1021
f 1092/1429/1089 1019/1325/1021 1094/1430/1091
f 1093/1431/1090 1032/1339/1035 1088/1432/1018
f 1029/1336/1032 1023/1433/1025 1032/1339/1035
f 1088/1322/1018 1022/1434/1024 1096/1323/1019
f 1099/1416/1095 1033/1340/1036 1044/1414/1047
f 1090/1422/1077 1047/1356/1051 1089/1420/1096
f 1046/1415/1049 1042/1349/1045 1084/1435/1050
f 1031/1338/1034 1087/1417/1065 1085/1436/1093
f 1080/1423/1086 1081/1394/1088 1020/1326/1022
f 1028/1335/1031 1037/1421/1040 1047/1356/1051
f 1090/1437/1077 1061/1438/1066 1080/1439/1086
f 1039/1440/1042 1089/1441/1096 1037/1442/1040
f 1071/1443/1076 1044/1444/1047 1046/1445/1049
f 1097/1446/1099 1035/1447/1038 1071/1381/1076
f 1069/1448/1074 1036/1449/1039 1097/1450/1099
f 1066/1451/1071 1058/1452/1062 1069/1453/1074
f 1066/1454/1071 1054/1455/1058 1056/1456/1060
f 1064/1457/1069 1053/1458/1057 1054/1459/1058
f 1098/1460/1100 1051/1461/1055 1053/1462/1057
f 1099/1463/1095 1049/1464/1053 1087/1465/1065
f 1043/1466/1046 1050/1359/1054 1049/1358/1053
f 1034/1341/1037 1079/1467/1085 1050/1468/1054
f 1059/1368/1063 1077/1469/1083 1079/1467/1085
f 1055/1364/1059 1077/1469/1083 1057/1366/1061
f 1052/1361/1056 1075/1470/1081 1055/1364/1059
f 1072/1471/1078 1074/1386/1080 1052/1472/1056
f 1091/1473/1097 1094/1399/1091 1095/1427/1098
f 1028/1335/1031 1029/1336/1032 1018/1324/1020
f 1018/1324/1020 1081/1394/1088 1028/1335/1031
f 1081/1394/1088 1026/1333/1029 1028/1335/1031
f 1042/1349/1045 1018/1324/1020 1029/1336/1032
f 1029/1336/1032 1031/1338/1034 1042/1349/1045
f 1031/1338/1034 1040/1347/1043 1042/1349/1045
f 1017/1321/1017 1093/1474/1090 1088/1322/1018
f 1021/1327/1023 1100/1475/1101 1022/1328/1024
f 1024/1330/1026 1083/1476/1092 1082/1331/1027
f 1034/1341/1037 1043/1477/1046 1035/1342/1038
f 1037/1344/1040 1101/1478/1094 1038/1345/1041
f 1043/1350/1046 1099/1463/1095 1044/1351/1047
f 1045/1353/1048 1071/1381/1076 1046/1354/1049
f 1048/1357/1052 1060/1369/1064 1049/1358/1053
f 1051/1360/1055 1072/1479/1078 1052/1361/1056
f 1052/1361/1056 1055/1364/1059 1054/1363/1058
f 1055/1364/1059 1057/1366/1061 1056/1365/1060
f 1057/1366/1061 1059/1368/1063 1058/1367/1062
f 1059/1368/1063 1034/1341/1037 1036/1343/1039
f 1060/1369/1064 1085/1480/1093 1087/1370/1065
f 1061/1371/1066 1098/1460/1100 1062/1372/1067
f 1062/1372/1067 1098/1460/1100 1064/1374/1069
f 1065/1375/1070 1064/1374/1069 1066/1376/1071
f 1066/1376/1071 1069/1379/1074 1068/1378/1073
f 1069/1379/1074 1097/1446/1099 1070/1380/1075
f 1070/1380/1075 1097/1446/1099 1071/1381/1076
f 1090/1382/1077 1089/1441/1096 1072/1383/1078
f 1039/1346/1042 1038/1345/1041 1073/1385/1079
f 1073/1385/1079 1076/1388/1082 1075/1387/1081
f 1076/1388/1082 1102/1481/1102 1077/1389/1083
f 1077/1389/1083 1102/1481/1102 1078/1390/1084
f 1079/1391/1085 1078/1390/1084 1048/1357/1052
f 1080/1392/1086 1061/1371/1066 1063/1373/1068
f 1091/1424/1097 1100/1475/1101 1021/1327/1023
f 1017/1425/1017 1025/1332/1028 1082/1331/1027
f 1094/1399/1091 1083/1401/1092 1024/1426/1026
f 1018/1324/1020 1082/1482/1027 1083/1428/1092
f 1092/1429/1089 1029/1336/1032 1019/1325/1021
f 1093/1431/1090 1018/1324/1020 1032/1339/1035
f 1029/1336/1032 1021/1483/1023 1023/1433/1025
f 1088/1322/1018 1023/1419/1025 1022/1434/1024
f 1099/1416/1095 1030/1337/1033 1033/1340/1036
f 1090/1422/1077 1020/1326/1022 1047/1356/1051
f 1046/1415/1049 1033/1340/1036 1042/1349/1045
f 1031/1338/1034 1030/1337/1033 1087/1417/1065
f 1080/1423/1086 1086/1484/1087 1081/1394/1088
f 1028/1335/1031 1101/1485/1094 1037/1421/1040
f 1090/1486/1077 1051/1461/1055 1061/1371/1066
f 1039/1440/1042 1072/1383/1078 1089/1441/1096
f 1071/1381/1076 1035/1447/1038 1044/1487/1047
f 1097/1446/1099 1036/1488/1039 1035/1447/1038
f 1069/1489/1074 1058/1490/1062 1036/1491/1039
f 1066/1454/1071 1056/1456/1060 1058/1492/1062
f 1066/1493/1071 1064/1494/1069 1054/1495/1058
f 1064/1496/1069 1098/1497/1100 1053/1498/1057
f 1098/1460/1100 1061/1371/1066 1051/1461/1055
f 1099/1463/1095 1043/1350/1046 1049/1464/1053
f 1043/1466/1046 1034/1499/1037 1050/1359/1054
f 1034/1341/1037 1059/1368/1063 1079/1467/1085
f 1059/1368/1063 1057/1366/1061 1077/1469/1083
f 1055/1364/1059 1075/1470/1081 1077/1469/1083
f 1052/1361/1056 1074/1500/1080 1075/1470/1081
f 1072/1471/1078 1039/1346/1042 1074/1386/1080
f 1091/1473/1097 1092/1501/1089 1094/1399/1091
f 1103/1502/1103 1104/1503/1104 1105/1504/1105
f 1106/1505/1106 1107/1506/1107 1104/1503/1104
f 1108/1507/1108 1109/1508/1109 1107/1509/1107
f 1110/1510/1110 1111/1511/1111 1109/1508/1109
f 1111/1511/1111 1112/1512/1112 1113/1513/1113
f 1113/1514/1113 1114/1515/1114 1116/1516/1102
f 1114/1515/1114 1115/1517/1115 1116/1516/1102
f 1117/1518/1116 1118/1519/1117 1115/1517/1115
f 1118/1520/1117 1119/1521/1118 1120/1522/1119
f 1120/1522/1119 1121/1523/1120 1122/1524/1121
f 1121/1523/1120 1123/1525/1122 1122/1524/1121
f 1123/1526/1122 1103/1502/1103 1105/1504/1105
f 1124/1527/1123 1106/1505/1106 1103/1502/1103
f 1106/1505/1106 1125/1528/1124 1108/1529/1108
f 1108/1507/1108 1126/1530/1125 1110/1510/1110
f 1126/1530/1125 1127/1531/1126 1110/1510/1110
f 1127/1531/1126 1128/1532/1127 1112/1512/1112
f 1112/1533/1112 1129/1534/1128 1114/1515/1114
f 1129/1534/1128 1117/1518/1116 1114/1515/1114
f 1130/1535/1129 1131/1536/1130 1117/1518/1116
f 1131/1537/1130 1132/1538/1131 1119/1521/1118
f 1132/1538/1131 1121/1523/1120 1119/1521/1118
f 1133/1539/1132 1134/1540/1133 1121/1523/1120
f 1134/1541/1133 1124/1527/1123 1103/1502/1103
f 1135/1542/1134 1136/1543/1135 1124/1527/1123
f 1136/1544/1135 1137/1545/1136 1125/1546/1124
f 1137/1545/1136 1126/1530/1125 1125/1546/1124
f 1126/1530/1125 1138/1547/1137 1139/1548/1138
f 1139/1548/1138 1140/1549/1139 1128/1532/1127
f 1140/1550/1139 1129/1534/1128 1128/1551/1127
f 1129/1534/1128 1141/1552/1140 1130/1535/1129
f 1141/1553/1140 1142/1554/1141 1130/1555/1129
f 1143/1556/1142 1132/1538/1131 1142/1554/1141
f 1132/1538/1131 1144/1557/1143 1133/1539/1132
f 1144/1557/1143 1145/1558/1144 1133/1539/1132
f 1145/1559/1144 1135/1542/1134 1124/1527/1123
f 1135/1542/1134 1146/1560/1145 1147/1561/1146
f 1146/1562/1145 1137/1545/1136 1147/1563/1146
f 1137/1545/1136 1148/1564/1147 1149/1565/1148
f 1149/1565/1148 1150/1566/1149 1138/1547/1137
f 1150/1566/1149 1140/1549/1139 1138/1547/1137
f 1140/1550/1139 1152/1567/1150 1151/1568/1151
f 1152/1567/1150 1141/1552/1140 1151/1568/1151
f 1141/1553/1140 1153/1569/1152 1143/1556/1142
f 1153/1569/1152 1154/1570/1153 1143/1556/1142
f 1155/1571/1154 1144/1557/1143 1154/1570/1153
f 1144/1557/1143 1156/1572/1155 1157/1573/1156
f 1156/1574/1155 1135/1542/1134 1157/1575/1156
f 1158/1576/1157 1159/1577/1158 1146/1578/1145
f 1159/1579/1158 1160/1580/1159 1146/1562/1145
f 1160/1580/1159 1161/1581/1160 1148/1564/1147
f 1148/1564/1147 1162/1582/1161 1150/1566/1149
f 1150/1566/1149 1163/1583/1162 1164/1584/1163
f 1164/1585/1163 1165/1586/1164 1152/1587/1150
f 1165/1586/1164 1166/1588/1165 1152/1587/1150
f 1167/1589/1166 1153/1569/1152 1166/1590/1165
f 1168/1591/1167 1155/1571/1154 1153/1569/1152
f 1169/1592/1168 1170/1593/1169 1155/1571/1154
f 1170/1593/1169 1171/1594/1170 1156/1572/1155
f 1171/1595/1170 1158/1576/1157 1156/1596/1155
f 1172/1597/1171 1159/1577/1158 1173/1598/1172
f 1174/1599/1173 1175/1600/1174 1159/1579/1158
f 1175/1600/1174 1176/1601/1175 1161/1581/1160
f 1176/1601/1175 1162/1582/1161 1161/1581/1160
f 1162/1582/1161 1177/1602/1176 1163/1583/1162
f 1163/1603/1162 1178/1604/1177 1165/1586/1164
f 1178/1604/1177 1167/1605/1166 1165/1586/1164
f 1179/1606/1178 1168/1591/1167 1167/1589/1166
f 1168/1591/1167 1180/1607/1179 1169/1592/1168
f 1180/1607/1179 1181/1608/1180 1169/1592/1168
f 1181/1608/1180 1182/1609/1181 1171/1594/1170
f 1182/1610/1181 1173/1598/1172 1171/1595/1170
f 1183/1611/1182 1174/1612/1173 1172/1597/1171
f 1184/1613/1183 1185/1614/1184 1174/1612/1173
f 1185/1615/1184 1186/1616/1185 1176/1601/1175
f 1186/1616/1185 1187/1617/1186 1176/1601/1175
f 1188/1618/1187 1177/1602/1176 1187/1617/1186
f 1189/1619/1188 1178/1604/1177 1177/1620/1176
f 1178/1604/1177 1190/1621/1189 1179/1622/1178
f 1179/1622/1178 1191/1623/1190 1192/1624/1191
f 1191/1625/1190 1180/1607/1179 1192/1626/1191
f 1193/1627/1192 1194/1628/1193 1180/1607/1179
f 1194/1628/1193 1195/1629/1194 1182/1609/1181
f 1195/1630/1194 1172/1597/1171 1182/1610/1181
f 1183/1611/1182 1196/1631/1195 1184/1613/1183
f 1184/1613/1183 1197/1632/1196 1198/1633/1197
f 1197/1634/1196 1186/1616/1185 1198/1635/1197
f 1199/1636/1198 1188/1618/1187 1186/1616/1185
f 1188/1618/1187 1200/1637/1199 1189/1638/1188
f 1200/1639/1199 1201/1640/1200 1189/1619/1188
f 1201/1640/1200 1202/1641/1201 1190/1621/1189
f 1202/1641/1201 1191/1623/1190 1190/1621/1189
f 1203/1642/1202 1193/1627/1192 1191/1625/1190
f 1193/1627/1192 1204/1643/1203 1205/1644/1204
f 1204/1643/1203 1195/1629/1194 1205/1644/1204
f 1206/1645/1205 1183/1611/1182 1195/1630/1194
f 1207/1646/1206 1196/1631/1195 1208/1647/1207
f 1209/1648/1208 1197/1632/1196 1196/1631/1195
f 1210/1649/1209 1199/1636/1198 1197/1634/1196
f 1211/1650/1210 1212/1651/1211 1199/1636/1198
f 1213/1652/1212 1200/1637/1199 1212/1651/1211
f 1214/1653/1213 1215/1654/1214 1200/1639/1199
f 1225/1655/1215 1202/1641/1201 1215/1654/1214
f 1202/1641/1201 1216/1656/1216 1203/1657/1202
f 1203/1642/1202 1217/1658/1217 1218/1659/1218
f 1218/1659/1218 1219/1660/1219 1204/1643/1203
f 1204/1643/1203 1220/1661/1220 1206/1662/1205
f 1220/1663/1220 1208/1647/1207 1206/1645/1205
f 1207/1646/1206 1221/1664/1221 1209/1648/1208
f 1221/1664/1221 1210/1665/1209 1209/1648/1208
f 1210/1649/1209 1222/1666/1222 1211/1650/1210
f 1222/1666/1222 1213/1652/1212 1211/1650/1210
f 1213/1652/1212 1223/1667/1223 1214/1668/1213
f 1214/1653/1213 1224/1669/1224 1225/1655/1215
f 1224/1669/1224 1226/1670/1225 1225/1655/1215
f 1227/1671/1226 1216/1656/1216 1226/1670/1225
f 1228/1672/1227 1217/1658/1217 1216/1673/1216
f 1229/1674/1228 1219/1660/1219 1217/1658/1217
f 1230/1675/1229 1220/1661/1220 1219/1660/1219
f 1231/1676/1230 1207/1646/1206 1220/1663/1220
f 1232/1677/1231 1233/1678/1232 1221/1664/1221
f 1221/1679/1221 1234/1680/1233 1235/1681/1234
f 1234/1680/1233 1222/1666/1222 1235/1681/1234
f 1236/1682/1235 1237/1683/1236 1222/1666/1222
f 1238/1684/1237 1223/1667/1223 1237/1683/1236
f 1239/1685/1238 1224/1669/1224 1223/1686/1223
f 1224/1669/1224 1240/1687/1239 1227/1671/1226
f 1227/1688/1226 1241/1689/1240 1228/1672/1227
f 1228/1672/1227 1242/1690/1241 1229/1674/1228
f 1229/1674/1228 1243/1691/1242 1230/1675/1229
f 1243/1691/1242 1231/1692/1230 1230/1675/1229
f 1244/1693/1243 1232/1677/1231 1231/1676/1230
f 1245/1694/1244 1233/1678/1232 1246/1695/1245
f 1233/1696/1232 1247/1697/1246 1234/1680/1233
f 1247/1697/1246 1236/1682/1235 1234/1680/1233
f 1236/1682/1235 1248/1698/1247 1238/1684/1237
f 1248/1698/1247 1239/1699/1238 1238/1684/1237
f 1239/1685/1238 1249/1700/1248 1250/1701/1249
f 1249/1700/1248 1240/1687/1239 1250/1701/1249
f 1251/1702/1250 1241/1689/1240 1240/1703/1239
f 1252/1704/1251 1242/1690/1241 1241/1689/1240
f 1242/1690/1241 1253/1705/1252 1243/1691/1242
f 1253/1705/1252 1244/1706/1243 1243/1691/1242
f 1254/1707/1253 1246/1695/1245 1244/1693/1243
f 1255/1708/1254 1256/1709/1255 1245/1710/1244
f 1256/1711/1255 1257/1712/1256 1247/1697/1246
f 1257/1712/1256 1258/1713/1257 1247/1697/1246
f 1258/1713/1257 1259/1714/1258 1248/1698/1247
f 1259/1714/1258 1260/1715/1259 1248/1698/1247
f 1260/1716/1259 1261/1717/1260 1249/1718/1248
f 1261/1717/1260 1251/1719/1250 1249/1718/1248
f 1251/1702/1250 1262/1720/1261 1252/1704/1251
f 1262/1720/1261 1263/1721/1262 1252/1704/1251
f 1263/1721/1262 1264/1722/1263 1253/1705/1252
f 1264/1722/1263 1254/1723/1253 1253/1705/1252
f 1254/1724/1253 1255/1708/1254 1245/1710/1244
f 1265/1725/1264 1266/1726/1265 1255/1708/1254
f 1267/1727/1266 1257/1712/1256 1266/1728/1265
f 1257/1712/1256 1268/1729/1267 1269/1730/1268
f 1269/1730/1268 1270/1731/1269 1259/1714/1258
f 1270/1731/1269 1271/1732/1270 1259/1714/1258
f 1272/1733/1271 1261/1717/1260 1271/1734/1270
f 1261/1717/1260 1273/1735/1272 1274/1736/1273
f 1274/1737/1273 1275/1738/1274 1262/1720/1261
f 1275/1738/1274 1276/1739/1275 1262/1720/1261
f 1277/1740/1276 1264/1722/1263 1276/1739/1275
f 1264/1722/1263 1278/1741/1277 1279/1742/1278
f 1278/1743/1277 1255/1708/1254 1279/1744/1278
f 1265/1725/1264 1280/1745/1279 1267/1746/1266
f 1267/1727/1266 1281/1747/1280 1282/1748/1281
f 1281/1747/1280 1268/1729/1267 1282/1748/1281
f 1283/1749/1282 1270/1731/1269 1268/1729/1267
f 1284/1750/1283 1272/1733/1271 1270/1751/1269
f 1272/1733/1271 1285/1752/1284 1286/1753/1285
f 1285/1752/1284 1273/1735/1272 1286/1753/1285
f 1273/1754/1272 1287/1755/1286 1275/1738/1274
f 1287/1755/1286 1277/1740/1276 1275/1738/1274
f 1277/1740/1276 1288/1756/1287 1289/1757/1288
f 1288/1758/1287 1278/1743/1277 1289/1759/1288
f 1290/1760/1289 1265/1725/1264 1278/1743/1277
f 1291/1761/1290 1292/1762/1291 1280/1745/1279
f 1292/1763/1291 1281/1747/1280 1280/1764/1279
f 1281/1747/1280 1293/1765/1292 1283/1749/1282
f 1293/1765/1292 1284/1766/1283 1283/1749/1282
f 1294/1767/1293 1295/1768/1294 1284/1750/1283
f 1295/1768/1294 1296/1769/1072 1285/1752/1284
f 1296/1769/1072 1297/1770/1295 1285/1752/1284
f 1297/1771/1295 1298/1772/1296 1287/1755/1286
f 1287/1755/1286 1299/1773/1297 1300/1774/1298
f 1299/1773/1297 1288/1756/1287 1300/1774/1298
f 1288/1758/1287 1301/1775/1299 1290/1760/1289
f 1301/1775/1299 1291/1761/1290 1290/1760/1289
f 1302/1776/1102 1303/1777/1300 1292/1762/1291
f 1303/1778/1300 1304/1779/1301 1292/1763/1291
f 1304/1779/1301 1313/1780/1302 1293/1765/1292
f 1293/1765/1292 1314/1781/1303 1294/1782/1293
f 1294/1767/1293 1305/1783/1304 1306/1784/1305
f 1305/1783/1304 1296/1769/1072 1306/1784/1305
f 1296/1769/1072 1317/1785/1306 1307/1786/1307
f 1317/1787/1306 1298/1772/1296 1307/1788/1307
f 1320/1789/1308 1299/1773/1297 1298/1772/1296
f 1322/1790/1309 1308/1791/1310 1299/1773/1297
f 1308/1792/1310 1309/1793/1311 1301/1775/1299
f 1309/1793/1311 1302/1776/1102 1301/1775/1299
f 1485/1794/1114 1310/1795/1312 1303/1777/1300
f 1310/1796/1312 1311/1797/1313 1303/1778/1300
f 1311/1797/1313 1312/1798/1314 1313/1780/1302
f 1312/1798/1314 1314/1781/1303 1313/1780/1302
f 1314/1799/1303 1315/1800/1315 1305/1783/1304
f 1315/1800/1315 1318/1801/1103 1305/1783/1304
f 1316/1802/1316 1317/1785/1306 1318/1801/1103
f 1319/1803/1317 1320/1789/1308 1317/1787/1306
f 1320/1789/1308 1321/1804/1318 1322/1790/1309
f 1321/1804/1318 1486/1805/1319 1322/1790/1309
f 1486/1806/1319 1323/1807/1320 1309/1793/1311
f 1323/1807/1320 1485/1794/1114 1309/1793/1311
f 1324/1808/1321 1325/1809/1322 1310/1795/1312
f 1325/1810/1322 1326/1811/1323 1310/1796/1312
f 1326/1811/1323 1327/1812/1324 1312/1798/1314
f 1312/1798/1314 1328/1813/1325 1329/1814/1326
f 1329/1814/1326 1330/1815/1327 1315/1816/1315
f 1330/1817/1327 1316/1802/1316 1315/1800/1315
f 1316/1802/1316 1331/1818/1328 1319/1819/1317
f 1331/1820/1328 1332/1821/1329 1319/1803/1317
f 1333/1822/1330 1321/1804/1318 1332/1821/1329
f 1334/1823/1331 1335/1824/1332 1321/1804/1318
f 1336/1825/1333 1323/1826/1320 1335/1824/1332
f 1337/1827/1334 1324/1808/1321 1323/1807/1320
f 1338/1828/1150 1325/1809/1322 1339/1829/1151
f 1325/1810/1322 1340/1830/1335 1341/1831/1336
f 1340/1830/1335 1327/1812/1324 1341/1831/1336
f 1327/1812/1324 1342/1832/1337 1328/1813/1325
f 1328/1813/1325 1343/1833/1338 1330/1815/1327
f 1343/1834/1338 1344/1835/1134 1330/1817/1327
f 1344/1835/1134 1345/1836/1339 1331/1818/1328
f 1345/1837/1339 1333/1822/1330 1331/1820/1328
f 1346/1838/1340 1334/1823/1331 1333/1822/1330
f 1334/1823/1331 1347/1839/1341 1336/1825/1333
f 1347/1839/1341 1337/1840/1334 1336/1825/1333
f 1337/1827/1334 1338/1828/1150 1339/1829/1151
f 1348/1841/1342 1349/1842/1343 1338/1843/1150
f 1349/1844/1343 1350/1845/1344 1340/1830/1335
f 1350/1845/1344 1351/1846/1345 1340/1830/1335
f 1352/1847/1346 1342/1832/1337 1351/1846/1345
f 1342/1832/1337 1353/1848/1347 1343/1833/1338
f 1343/1849/1338 1354/1850/1348 1355/1851/1157
f 1354/1850/1348 1345/1852/1339 1355/1851/1157
f 1356/1853/1349 1346/1838/1340 1345/1837/1339
f 1346/1838/1340 1357/1854/1350 1358/1855/1351
f 1357/1854/1350 1347/1839/1341 1358/1855/1351
f 1359/1856/1352 1360/1857/1353 1347/1839/1341
f 1360/1858/1353 1348/1841/1342 1338/1843/1150
f 1348/1859/1342 1361/1860/1354 1362/1861/1355
f 1362/1862/1355 1363/1863/1356 1350/1845/1344
f 1350/1845/1344 1364/1864/1357 1352/1847/1346
f 1352/1847/1346 1365/1865/1358 1366/1866/1359
f 1366/1867/1359 1367/1868/1360 1353/1869/1347
f 1353/1869/1347 1368/1870/1361 1354/1850/1348
f 1368/1870/1361 1356/1871/1349 1354/1850/1348
f 1369/1872/1362 1370/1873/1363 1356/1871/1349
f 1371/1874/1364 1357/1854/1350 1370/1875/1363
f 1372/1876/1365 1359/1856/1352 1357/1854/1350
f 1373/1877/1366 1374/1878/1367 1359/1879/1352
f 1375/1880/1368 1348/1859/1342 1374/1878/1367
f 1376/1881/1369 1377/1882/1370 1378/1883/1371
f 1379/1884/1372 1380/1885/1373 1377/1886/1370
f 1381/1887/1374 1382/1888/1375 1380/1885/1373
f 1383/1889/1376 1384/1890/1377 1382/1888/1375
f 1385/1891/1378 1386/1892/1379 1384/1893/1377
f 1387/1894/1380 1388/1895/1381 1386/1892/1379
f 1388/1895/1381 1389/1896/1382 1390/1897/1383
f 1390/1897/1383 1391/1898/1384 1392/1899/1385
f 1392/1900/1385 1393/1901/1386 1394/1902/1387
f 1394/1902/1387 1395/1903/1388 1396/1904/1389
f 1396/1904/1389 1397/1905/1390 1398/1906/1391
f 1398/1907/1391 1376/1881/1369 1378/1883/1371
f 1376/1908/1369 1399/1909/1392 1379/1910/1372
f 1399/1911/1392 1381/1887/1374 1379/1884/1372
f 1400/1912/1393 1383/1889/1376 1381/1887/1374
f 1401/1913/1394 1385/1914/1378 1383/1889/1376
f 1402/1915/1395 1387/1916/1380 1385/1914/1378
f 1403/1917/1396 1404/1918/1397 1387/1894/1380
f 1404/1918/1397 1405/1919/1398 1389/1896/1382
f 1389/1920/1382 1406/1921/1399 1391/1922/1384
f 1391/1922/1384 1407/1923/1400 1393/1901/1386
f 1393/1901/1386 1408/1924/1401 1395/1903/1388
f 1395/1903/1388 1409/1925/1402 1397/1905/1390
f 1409/1926/1402 1376/1908/1369 1397/1927/1390
f 1410/1928/1403 1399/1929/1392 1411/1930/1404
f 1399/1911/1392 1412/1931/1405 1400/1912/1393
f 1412/1931/1405 1401/1913/1394 1400/1912/1393
f 1413/1932/1406 1402/1915/1395 1401/1913/1394
f 1402/1915/1395 1414/1933/1407 1403/1934/1396
f 1414/1935/1407 1415/1936/1244 1403/1937/1396
f 1415/1936/1244 1416/1938/1408 1405/1939/1398
f 1416/1940/1408 1406/1921/1399 1405/1941/1398
f 1406/1921/1399 1417/1942/1409 1407/1923/1400
f 1417/1942/1409 1408/1924/1401 1407/1923/1400
f 1418/1943/1410 1409/1925/1402 1408/1924/1401
f 1409/1944/1402 1410/1928/1403 1411/1930/1404
f 1410/1928/1403 1419/1945/1411 1420/1946/1412
f 1419/1947/1411 1412/1931/1405 1420/1948/1412
f 1412/1931/1405 1421/1949/1413 1413/1932/1406
f 1421/1949/1413 1422/1950/1414 1413/1932/1406
f 1422/1950/1414 1423/1951/1415 1414/1933/1407
f 1423/1952/1415 1424/1953/1254 1414/1935/1407
f 1424/1953/1254 1425/1954/1416 1416/1938/1408
f 1425/1955/1416 1426/1956/1417 1416/1940/1408
f 1426/1956/1417 1427/1957/1418 1417/1942/1409
f 1427/1957/1418 1418/1943/1410 1417/1942/1409
f 1418/1943/1410 1428/1958/1419 1429/1959/1420
f 1428/1960/1419 1410/1928/1403 1429/1961/1420
f 1430/1962/1285 1431/1963/1421 1419/1945/1411
f 1431/1963/1421 1432/1964/1422 1419/1945/1411
f 1432/1965/1422 1433/1966/1423 1421/1949/1413
f 1421/1949/1413 1434/1967/1424 1435/1968/1425
f 1435/1968/1425 1436/1969/1426 1423/1951/1415
f 1436/1970/1426 1437/1971/1264 1423/1952/1415
f 1437/1971/1264 1438/1972/1427 1425/1954/1416
f 1438/1972/1427 1439/1973/1428 1425/1954/1416
f 1440/1974/1429 1427/1957/1418 1439/1975/1428
f 1441/1976/1430 1442/1977/1431 1427/1957/1418
f 1442/1977/1431 1443/1978/1432 1428/1958/1419
f 1443/1979/1432 1430/1962/1285 1428/1960/1419
f 1105/1504/1105 1431/1963/1421 1444/1980/1284
f 1431/1963/1421 1107/1506/1107 1445/1981/1433
f 1107/1509/1107 1433/1966/1423 1445/1982/1433
f 1433/1966/1423 1111/1511/1111 1434/1967/1424
f 1111/1511/1111 1436/1969/1426 1434/1967/1424
f 1113/1514/1113 1446/1983/1290 1436/1970/1426
f 1446/1983/1290 1115/1517/1115 1438/1972/1427
f 1438/1972/1427 1118/1519/1117 1440/1984/1429
f 1118/1520/1117 1441/1976/1430 1440/1974/1429
f 1441/1976/1430 1122/1524/1121 1447/1985/1434
f 1122/1524/1121 1443/1978/1432 1447/1985/1434
f 1123/1526/1122 1444/1980/1284 1443/1979/1432
f 1448/1986/1435 1449/1987/1436 1361/1988/1354
f 1361/1989/1354 1450/1990/1437 1363/1863/1356
f 1363/1863/1356 1451/1991/1438 1364/1864/1357
f 1364/1864/1357 1452/1992/1439 1365/1865/1358
f 1365/1993/1358 1453/1994/1440 1367/1868/1360
f 1367/1868/1360 1454/1995/1441 1368/1870/1361
f 1454/1995/1441 1369/1872/1362 1368/1870/1361
f 1455/1996/1442 1371/1874/1364 1369/1997/1362
f 1456/1998/1443 1372/1876/1365 1371/1874/1364
f 1457/1999/1444 1373/2000/1366 1372/1876/1365
f 1458/2001/1445 1375/2002/1368 1373/2003/1366
f 1459/2004/1446 1448/1986/1435 1375/2002/1368
f 1460/2005/1214 1449/1987/1436 1461/2006/1200
f 1462/2007/1447 1450/1990/1437 1449/2008/1436
f 1450/1990/1437 1463/2009/1448 1451/1991/1438
f 1451/1991/1438 1464/2010/1449 1452/1992/1439
f 1464/2011/1449 1453/1994/1440 1452/2012/1439
f 1465/2013/1450 1454/1995/1441 1453/1994/1440
f 1466/2014/1207 1455/2015/1442 1454/1995/1441
f 1455/1996/1442 1467/2016/1451 1456/1998/1443
f 1467/2016/1451 1457/1999/1444 1456/1998/1443
f 1468/2017/1452 1458/2018/1445 1457/1999/1444
f 1458/2001/1445 1469/2019/1453 1459/2004/1446
f 1459/2004/1446 1460/2005/1214 1461/2006/1200
f 1460/2005/1214 1470/2020/1454 1462/2021/1447
f 1462/2007/1447 1471/2022/1455 1472/2023/1456
f 1472/2023/1456 1473/2024/1457 1463/2009/1448
f 1473/2024/1457 1464/2010/1449 1463/2009/1448
f 1474/2025/1458 1465/2013/1450 1464/2011/1449
f 1475/2026/1459 1466/2014/1207 1465/2013/1450
f 1466/2014/1207 1476/2027/1460 1477/2028/1461
f 1477/2029/1461 1478/2030/1462 1467/2016/1451
f 1467/2016/1451 1479/2031/1463 1468/2017/1452
f 1479/2031/1463 1480/2032/1464 1468/2017/1452
f 1481/2033/1465 1469/2019/1453 1480/2034/1464
f 1482/2035/1466 1460/2005/1214 1469/2019/1453
f 1378/2036/1371 1470/2020/1454 1483/2037/1215
f 1377/1886/1370 1471/2022/1455 1470/2038/1454
f 1380/1885/1373 1473/2024/1457 1471/2022/1455
f 1382/1888/1375 1474/2039/1458 1473/2024/1457
f 1384/1893/1377 1475/2026/1459 1474/2025/1458
f 1386/1892/1379 1484/2040/1467 1475/2026/1459
f 1484/2040/1467 1390/1897/1383 1476/2027/1460
f 1476/2041/1460 1392/1900/1385 1478/2030/1462
f 1478/2030/1462 1394/1902/1387 1479/2031/1463
f 1479/2031/1463 1396/1904/1389 1481/2042/1465
f 1481/2033/1465 1398/2043/1391 1482/2035/1466
f 1482/2035/1466 1378/2036/1371 1483/2037/1215
f 1103/1502/1103 1106/1505/1106 1104/1503/1104
f 1106/1505/1106 1108/1529/1108 1107/1506/1107
f 1108/1507/1108 1110/1510/1110 1109/1508/1109
f 1110/1510/1110 1127/1531/1126 1111/1511/1111
f 1111/1511/1111 1127/1531/1126 1112/1512/1112
f 1113/1514/1113 1112/1533/1112 1114/1515/1114
f 1114/1515/1114 1117/1518/1116 1115/1517/1115
f 1117/1518/1116 1131/1536/1130 1118/1519/1117
f 1118/1520/1117 1131/1537/1130 1119/1521/1118
f 1120/1522/1119 1119/1521/1118 1121/1523/1120
f 1121/1523/1120 1134/1540/1133 1123/1525/1122
f 1123/1526/1122 1134/1541/1133 1103/1502/1103
f 1124/1527/1123 1136/1543/1135 1106/1505/1106
f 1106/1505/1106 1136/1543/1135 1125/1528/1124
f 1108/1507/1108 1125/1546/1124 1126/1530/1125
f 1126/1530/1125 1139/1548/1138 1127/1531/1126
f 1127/1531/1126 1139/1548/1138 1128/1532/1127
f 1112/1533/1112 1128/1551/1127 1129/1534/1128
f 1129/1534/1128 1130/1535/1129 1117/1518/1116
f 1130/1535/1129 1142/2044/1141 1131/1536/1130
f 1131/1537/1130 1142/1554/1141 1132/1538/1131
f 1132/1538/1131 1133/1539/1132 1121/1523/1120
f 1133/1539/1132 1145/1558/1144 1134/1540/1133
f 1134/1541/1133 1145/1559/1144 1124/1527/1123
f 1135/1542/1134 1147/1561/1146 1136/1543/1135
f 1136/1544/1135 1147/1563/1146 1137/1545/1136
f 1137/1545/1136 1149/1565/1148 1126/1530/1125
f 1126/1530/1125 1149/1565/1148 1138/1547/1137
f 1139/1548/1138 1138/1547/1137 1140/1549/1139
f 1140/1550/1139 1151/1568/1151 1129/1534/1128
f 1129/1534/1128 1151/1568/1151 1141/1552/1140
f 1141/1553/1140 1143/1556/1142 1142/1554/1141
f 1143/1556/1142 1154/1570/1153 1132/1538/1131
f 1132/1538/1131 1154/1570/1153 1144/1557/1143
f 1144/1557/1143 1157/1573/1156 1145/1558/1144
f 1145/1559/1144 1157/1575/1156 1135/1542/1134
f 1135/1542/1134 1158/2045/1157 1146/1560/1145
f 1146/1562/1145 1160/1580/1159 1137/1545/1136
f 1137/1545/1136 1160/1580/1159 1148/1564/1147
f 1149/1565/1148 1148/1564/1147 1150/1566/1149
f 1150/1566/1149 1164/1584/1163 1140/1549/1139
f 1140/1550/1139 1164/2046/1163 1152/1567/1150
f 1152/1567/1150 1166/2047/1165 1141/1552/1140
f 1141/1553/1140 1166/1590/1165 1153/1569/1152
f 1153/1569/1152 1155/1571/1154 1154/1570/1153
f 1155/1571/1154 1170/1593/1169 1144/1557/1143
f 1144/1557/1143 1170/1593/1169 1156/1572/1155
f 1156/1574/1155 1158/2045/1157 1135/1542/1134
f 1158/1576/1157 1173/1598/1172 1159/1577/1158
f 1159/1579/1158 1175/1600/1174 1160/1580/1159
f 1160/1580/1159 1175/1600/1174 1161/1581/1160
f 1148/1564/1147 1161/1581/1160 1162/1582/1161
f 1150/1566/1149 1162/1582/1161 1163/1583/1162
f 1164/1585/1163 1163/1603/1162 1165/1586/1164
f 1165/1586/1164 1167/1605/1166 1166/1588/1165
f 1167/1589/1166 1168/1591/1167 1153/1569/1152
f 1168/1591/1167 1169/1592/1168 1155/1571/1154
f 1169/1592/1168 1181/1608/1180 1170/1593/1169
f 1170/1593/1169 1181/1608/1180 1171/1594/1170
f 1171/1595/1170 1173/1598/1172 1158/1576/1157
f 1172/1597/1171 1174/1612/1173 1159/1577/1158
f 1174/1599/1173 1185/1615/1184 1175/1600/1174
f 1175/1600/1174 1185/1615/1184 1176/1601/1175
f 1176/1601/1175 1187/1617/1186 1162/1582/1161
f 1162/1582/1161 1187/1617/1186 1177/1602/1176
f 1163/1603/1162 1177/1620/1176 1178/1604/1177
f 1178/1604/1177 1179/1622/1178 1167/1605/1166
f 1179/1606/1178 1192/1626/1191 1168/1591/1167
f 1168/1591/1167 1192/1626/1191 1180/1607/1179
f 1180/1607/1179 1194/1628/1193 1181/1608/1180
f 1181/1608/1180 1194/1628/1193 1182/1609/1181
f 1182/1610/1181 1172/1597/1171 1173/1598/1172
f 1183/1611/1182 1184/1613/1183 1174/1612/1173
f 1184/1613/1183 1198/1633/1197 1185/1614/1184
f 1185/1615/1184 1198/1635/1197 1186/1616/1185
f 1186/1616/1185 1188/1618/1187 1187/1617/1186
f 1188/1618/1187 1189/1638/1188 1177/1602/1176
f 1189/1619/1188 1201/1640/1200 1178/1604/1177
f 1178/1604/1177 1201/1640/1200 1190/1621/1189
f 1179/1622/1178 1190/1621/1189 1191/1623/1190
f 1191/1625/1190 1193/1627/1192 1180/1607/1179
f 1193/1627/1192 1205/1644/1204 1194/1628/1193
f 1194/1628/1193 1205/1644/1204 1195/1629/1194
f 1195/1630/1194 1183/1611/1182 1172/1597/1171
f 1183/1611/1182 1208/1647/1207 1196/1631/1195
f 1184/1613/1183 1196/1631/1195 1197/1632/1196
f 1197/1634/1196 1199/1636/1198 1186/1616/1185
f 1199/1636/1198 1212/1651/1211 1188/1618/1187
f 1188/1618/1187 1212/1651/1211 1200/1637/1199
f 1200/1639/1199 1215/1654/1214 1201/1640/1200
f 1201/1640/1200 1215/1654/1214 1202/1641/1201
f 1202/1641/1201 1203/1657/1202 1191/1623/1190
f 1203/1642/1202 1218/1659/1218 1193/1627/1192
f 1193/1627/1192 1218/1659/1218 1204/1643/1203
f 1204/1643/1203 1206/1662/1205 1195/1629/1194
f 1206/1645/1205 1208/1647/1207 1183/1611/1182
f 1207/1646/1206 1209/1648/1208 1196/1631/1195
f 1209/1648/1208 1210/1665/1209 1197/1632/1196
f 1210/1649/1209 1211/1650/1210 1199/1636/1198
f 1211/1650/1210 1213/1652/1212 1212/1651/1211
f 1213/1652/1212 1214/1668/1213 1200/1637/1199
f 1214/1653/1213 1225/1655/1215 1215/1654/1214
f 1225/1655/1215 1226/1670/1225 1202/1641/1201
f 1202/1641/1201 1226/1670/1225 1216/1656/1216
f 1203/1642/1202 1216/1673/1216 1217/1658/1217
f 1218/1659/1218 1217/1658/1217 1219/1660/1219
f 1204/1643/1203 1219/1660/1219 1220/1661/1220
f 1220/1663/1220 1207/1646/1206 1208/1647/1207
f 1207/1646/1206 1232/1677/1231 1221/1664/1221
f 1221/1664/1221 1235/2048/1234 1210/1665/1209
f 1210/1649/1209 1235/1681/1234 1222/1666/1222
f 1222/1666/1222 1237/1683/1236 1213/1652/1212
f 1213/1652/1212 1237/1683/1236 1223/1667/1223
f 1214/1653/1213 1223/1686/1223 1224/1669/1224
f 1224/1669/1224 1227/1671/1226 1226/1670/1225
f 1227/1671/1226 1228/2049/1227 1216/1656/1216
f 1228/1672/1227 1229/1674/1228 1217/1658/1217
f 1229/1674/1228 1230/1675/1229 1219/1660/1219
f 1230/1675/1229 1231/1692/1230 1220/1661/1220
f 1231/1676/1230 1232/1677/1231 1207/1646/1206
f 1232/1677/1231 1246/1695/1245 1233/1678/1232
f 1221/1679/1221 1233/1696/1232 1234/1680/1233
f 1234/1680/1233 1236/1682/1235 1222/1666/1222
f 1236/1682/1235 1238/1684/1237 1237/1683/1236
f 1238/1684/1237 1239/1699/1238 1223/1667/1223
f 1239/1685/1238 1250/1701/1249 1224/1669/1224
f 1224/1669/1224 1250/1701/1249 1240/1687/1239
f 1227/1688/1226 1240/1703/1239 1241/1689/1240
f 1228/1672/1227 1241/1689/1240 1242/1690/1241
f 1229/1674/1228 1242/1690/1241 1243/1691/1242
f 1243/1691/1242 1244/1706/1243 1231/1692/1230
f 1244/1693/1243 1246/1695/1245 1232/1677/1231
f 1245/1694/1244 1256/2050/1255 1233/1678/1232
f 1233/1696/1232 1256/1711/1255 1247/1697/1246
f 1247/1697/1246 1258/1713/1257 1236/1682/1235
f 1236/1682/1235 1258/1713/1257 1248/1698/1247
f 1248/1698/1247 1260/1715/1259 1239/1699/1238
f 1239/1685/1238 1260/2051/1259 1249/1700/1248
f 1249/1700/1248 1251/2052/1250 1240/1687/1239
f 1251/1702/1250 1252/1704/1251 1241/1689/1240
f 1252/1704/1251 1263/1721/1262 1242/1690/1241
f 1242/1690/1241 1263/1721/1262 1253/1705/1252
f 1253/1705/1252 1254/1723/1253 1244/1706/1243
f 1254/1707/1253 1245/1694/1244 1246/1695/1245
f 1255/1708/1254 1266/1726/1265 1256/1709/1255
f 1256/1711/1255 1266/1728/1265 1257/1712/1256
f 1257/1712/1256 1269/1730/1268 1258/1713/1257
f 1258/1713/1257 1269/1730/1268 1259/1714/1258
f 1259/1714/1258 1271/1732/1270 1260/1715/1259
f 1260/1716/1259 1271/1734/1270 1261/1717/1260
f 1261/1717/1260 1274/1736/1273 1251/1719/1250
f 1251/1702/1250 1274/1737/1273 1262/1720/1261
f 1262/1720/1261 1276/1739/1275 1263/1721/1262
f 1263/1721/1262 1276/1739/1275 1264/1722/1263
f 1264/1722/1263 1279/1742/1278 1254/1723/1253
f 1254/1724/1253 1279/1744/1278 1255/1708/1254
f 1265/1725/1264 1267/1746/1266 1266/1726/1265
f 1267/1727/1266 1282/1748/1281 1257/1712/1256
f 1257/1712/1256 1282/1748/1281 1268/1729/1267
f 1269/1730/1268 1268/1729/1267 1270/1731/1269
f 1270/1731/1269 1272/2053/1271 1271/1732/1270
f 1272/1733/1271 1286/1753/1285 1261/1717/1260
f 1261/1717/1260 1286/1753/1285 1273/1735/1272
f 1274/1737/1273 1273/1754/1272 1275/1738/1274
f 1275/1738/1274 1277/1740/1276 1276/1739/1275
f 1277/1740/1276 1289/1757/1288 1264/1722/1263
f 1264/1722/1263 1289/1757/1288 1278/1741/1277
f 1278/1743/1277 1265/1725/1264 1255/1708/1254
f 1265/1725/1264 1291/1761/1290 1280/1745/1279
f 1267/1727/1266 1280/1764/1279 1281/1747/1280
f 1281/1747/1280 1283/1749/1282 1268/1729/1267
f 1283/1749/1282 1284/1766/1283 1270/1731/1269
f 1284/1750/1283 1295/1768/1294 1272/1733/1271
f 1272/1733/1271 1295/1768/1294 1285/1752/1284
f 1285/1752/1284 1297/1770/1295 1273/1735/1272
f 1273/1754/1272 1297/1771/1295 1287/1755/1286
f 1287/1755/1286 1300/1774/1298 1277/1740/1276
f 1277/1740/1276 1300/1774/1298 1288/1756/1287
f 1288/1758/1287 1290/1760/1289 1278/1743/1277
f 1290/1760/1289 1291/1761/1290 1265/1725/1264
f 1291/1761/1290 1302/1776/1102 1292/1762/1291
f 1292/1763/1291 1304/1779/1301 1281/1747/1280
f 1281/1747/1280 1304/1779/1301 1293/1765/1292
f 1293/1765/1292 1294/1782/1293 1284/1766/1283
f 1294/1767/1293 1306/1784/1305 1295/1768/1294
f 1295/1768/1294 1306/1784/1305 1296/1769/1072
f 1296/1769/1072 1307/1786/1307 1297/1770/1295
f 1297/1771/1295 1307/1788/1307 1298/1772/1296
f 1287/1755/1286 1298/1772/1296 1299/1773/1297
f 1299/1773/1297 1308/1791/1310 1288/1756/1287
f 1288/1758/1287 1308/1792/1310 1301/1775/1299
f 1301/1775/1299 1302/1776/1102 1291/1761/1290
f 1302/1776/1102 1485/1794/1114 1303/1777/1300
f 1303/1778/1300 1311/1797/1313 1304/1779/1301
f 1304/1779/1301 1311/1797/1313 1313/1780/1302
f 1293/1765/1292 1313/1780/1302 1314/1781/1303
f 1294/1767/1293 1314/1799/1303 1305/1783/1304
f 1305/1783/1304 1318/1801/1103 1296/1769/1072
f 1296/1769/1072 1318/1801/1103 1317/1785/1306
f 1317/1787/1306 1320/1789/1308 1298/1772/1296
f 1320/1789/1308 1322/1790/1309 1299/1773/1297
f 1322/1790/1309 1486/1805/1319 1308/1791/1310
f 1308/1792/1310 1486/1806/1319 1309/1793/1311
f 1309/1793/1311 1485/1794/1114 1302/1776/1102
f 1485/1794/1114 1324/1808/1321 1310/1795/1312
f 1310/1796/1312 1326/1811/1323 1311/1797/1313
f 1311/1797/1313 1326/1811/1323 1312/1798/1314
f 1312/1798/1314 1329/1814/1326 1314/1781/1303
f 1314/1799/1303 1329/2054/1326 1315/1800/1315
f 1315/1800/1315 1316/1802/1316 1318/1801/1103
f 1316/1802/1316 1319/1819/1317 1317/1785/1306
f 1319/1803/1317 1332/1821/1329 1320/1789/1308
f 1320/1789/1308 1332/1821/1329 1321/1804/1318
f 1321/1804/1318 1335/1824/1332 1486/1805/1319
f 1486/1806/1319 1335/2055/1332 1323/1807/1320
f 1323/1807/1320 1324/1808/1321 1485/1794/1114
f 1324/1808/1321 1339/1829/1151 1325/1809/1322
f 1325/1810/1322 1341/1831/1336 1326/1811/1323
f 1326/1811/1323 1341/1831/1336 1327/1812/1324
f 1312/1798/1314 1327/1812/1324 1328/1813/1325
f 1329/1814/1326 1328/1813/1325 1330/1815/1327
f 1330/1817/1327 1344/1835/1134 1316/1802/1316
f 1316/1802/1316 1344/1835/1134 1331/1818/1328
f 1331/1820/1328 1333/1822/1330 1332/1821/1329
f 1333/1822/1330 1334/1823/1331 1321/1804/1318
f 1334/1823/1331 1336/1825/1333 1335/1824/1332
f 1336/1825/1333 1337/1840/1334 1323/1826/1320
f 1337/1827/1334 1339/1829/1151 1324/1808/1321
f 1338/1828/1150 1349/2056/1343 1325/1809/1322
f 1325/1810/1322 1349/1844/1343 1340/1830/1335
f 1340/1830/1335 1351/1846/1345 1327/1812/1324
f 1327/1812/1324 1351/1846/1345 1342/1832/1337
f 1328/1813/1325 1342/1832/1337 1343/1833/1338
f 1343/1834/1338 1355/2057/1157 1344/1835/1134
f 1344/1835/1134 1355/2057/1157 1345/1836/1339
f 1345/1837/1339 1346/1838/1340 1333/1822/1330
f 1346/1838/1340 1358/1855/1351 1334/1823/1331
f 1334/1823/1331 1358/1855/1351 1347/1839/1341
f 1347/1839/1341 1360/1857/1353 1337/1840/1334
f 1337/1827/1334 1360/2058/1353 1338/1828/1150
f 1348/1841/1342 1362/2059/1355 1349/1842/1343
f 1349/1844/1343 1362/1862/1355 1350/1845/1344
f 1350/1845/1344 1352/1847/1346 1351/1846/1345
f 1352/1847/1346 1366/1866/1359 1342/1832/1337
f 1342/1832/1337 1366/1866/1359 1353/1848/1347
f 1343/1849/1338 1353/1869/1347 1354/1850/1348
f 1354/1850/1348 1356/1871/1349 1345/1852/1339
f 1356/1853/1349 1370/1875/1363 1346/1838/1340
f 1346/1838/1340 1370/1875/1363 1357/1854/1350
f 1357/1854/1350 1359/1856/1352 1347/1839/1341
f 1359/1856/1352 1374/2060/1367 1360/1857/1353
f 1360/1858/1353 1374/2061/1367 1348/1841/1342
f 1348/1859/1342 1448/2062/1435 1361/1860/1354
f 1362/1862/1355 1361/1989/1354 1363/1863/1356
f 1350/1845/1344 1363/1863/1356 1364/1864/1357
f 1352/1847/1346 1364/1864/1357 1365/1865/1358
f 1366/1867/1359 1365/1993/1358 1367/1868/1360
f 1353/1869/1347 1367/1868/1360 1368/1870/1361
f 1368/1870/1361 1369/1872/1362 1356/1871/1349
f 1369/1872/1362 1371/2063/1364 1370/1873/1363
f 1371/1874/1364 1372/1876/1365 1357/1854/1350
f 1372/1876/1365 1373/2000/1366 1359/1856/1352
f 1373/1877/1366 1375/1880/1368 1374/1878/1367
f 1375/1880/1368 1448/2062/1435 1348/1859/1342
f 1376/1881/1369 1379/2064/1372 1377/1882/1370
f 1379/1884/1372 1381/1887/1374 1380/1885/1373
f 1381/1887/1374 1383/1889/1376 1382/1888/1375
f 1383/1889/1376 1385/1914/1378 1384/1890/1377
f 1385/1891/1378 1387/1894/1380 1386/1892/1379
f 1387/1894/1380 1404/1918/1397 1388/1895/1381
f 1388/1895/1381 1404/1918/1397 1389/1896/1382
f 1390/1897/1383 1389/1896/1382 1391/1898/1384
f 1392/1900/1385 1391/1922/1384 1393/1901/1386
f 1394/1902/1387 1393/1901/1386 1395/1903/1388
f 1396/1904/1389 1395/1903/1388 1397/1905/1390
f 1398/1907/1391 1397/2065/1390 1376/1881/1369
f 1376/1908/1369 1411/2066/1404 1399/1909/1392
f 1399/1911/1392 1400/1912/1393 1381/1887/1374
f 1400/1912/1393 1401/1913/1394 1383/1889/1376
f 1401/1913/1394 1402/1915/1395 1385/1914/1378
f 1402/1915/1395 1403/1934/1396 1387/1916/1380
f 1403/1917/1396 1415/2067/1244 1404/1918/1397
f 1404/1918/1397 1415/2067/1244 1405/1919/1398
f 1389/1920/1382 1405/1941/1398 1406/1921/1399
f 1391/1922/1384 1406/1921/1399 1407/1923/1400
f 1393/1901/1386 1407/1923/1400 1408/1924/1401
f 1395/1903/1388 1408/1924/1401 1409/1925/1402
f 1409/1926/1402 1411/2066/1404 1376/1908/1369
f 1410/1928/1403 1420/1946/1412 1399/1929/1392
f 1399/1911/1392 1420/1948/1412 1412/1931/1405
f 1412/1931/1405 1413/1932/1406 1401/1913/1394
f 1413/1932/1406 1422/1950/1414 1402/1915/1395
f 1402/1915/1395 1422/1950/1414 1414/1933/1407
f 1414/1935/1407 1424/1953/1254 1415/1936/1244
f 1415/1936/1244 1424/1953/1254 1416/1938/1408
f 1416/1940/1408 1426/1956/1417 1406/1921/1399
f 1406/1921/1399 1426/1956/1417 1417/1942/1409
f 1417/1942/1409 1418/1943/1410 1408/1924/1401
f 1418/1943/1410 1429/1959/1420 1409/1925/1402
f 1409/1944/1402 1429/1961/1420 1410/1928/1403
f 1410/1928/1403 1430/1962/1285 1419/1945/1411
f 1419/1947/1411 1432/1965/1422 1412/1931/1405
f 1412/1931/1405 1432/1965/1422 1421/1949/1413
f 1421/1949/1413 1435/1968/1425 1422/1950/1414
f 1422/1950/1414 1435/1968/1425 1423/1951/1415
f 1423/1952/1415 1437/1971/1264 1424/1953/1254
f 1424/1953/1254 1437/1971/1264 1425/1954/1416
f 1425/1955/1416 1439/1975/1428 1426/1956/1417
f 1426/1956/1417 1439/1975/1428 1427/1957/1418
f 1427/1957/1418 1442/1977/1431 1418/1943/1410
f 1418/1943/1410 1442/1977/1431 1428/1958/1419
f 1428/1960/1419 1430/1962/1285 1410/1928/1403
f 1430/1962/1285 1444/1980/1284 1431/1963/1421
f 1431/1963/1421 1445/1981/1433 1432/1964/1422
f 1432/1965/1422 1445/1982/1433 1433/1966/1423
f 1421/1949/1413 1433/1966/1423 1434/1967/1424
f 1435/1968/1425 1434/1967/1424 1436/1969/1426
f 1436/1970/1426 1446/1983/1290 1437/1971/1264
f 1437/1971/1264 1446/1983/1290 1438/1972/1427
f 1438/1972/1427 1440/1984/1429 1439/1973/1428
f 1440/1974/1429 1441/1976/1430 1427/1957/1418
f 1441/1976/1430 1447/1985/1434 1442/1977/1431
f 1442/1977/1431 1447/1985/1434 1443/1978/1432
f 1443/1979/1432 1444/1980/1284 1430/1962/1285
f 1105/1504/1105 1104/1503/1104 1431/1963/1421
f 1431/1963/1421 1104/1503/1104 1107/1506/1107
f 1107/1509/1107 1109/1508/1109 1433/1966/1423
f 1433/1966/1423 1109/1508/1109 1111/1511/1111
f 1111/1511/1111 1113/1513/1113 1436/1969/1426
f 1113/1514/1113 1116/1516/1102 1446/1983/1290
f 1446/1983/1290 1116/1516/1102 1115/1517/1115
f 1438/1972/1427 1115/1517/1115 1118/1519/1117
f 1118/1520/1117 1120/1522/1119 1441/1976/1430
f 1441/1976/1430 1120/1522/1119 1122/1524/1121
f 1122/1524/1121 1123/1525/1122 1443/1978/1432
f 1123/1526/1122 1105/1504/1105 1444/1980/1284
f 1448/1986/1435 1461/2006/1200 1449/1987/1436
f 1361/1989/1354 1449/2008/1436 1450/1990/1437
f 1363/1863/1356 1450/1990/1437 1451/1991/1438
f 1364/1864/1357 1451/1991/1438 1452/1992/1439
f 1365/1993/1358 1452/2012/1439 1453/1994/1440
f 1367/1868/1360 1453/1994/1440 1454/1995/1441
f 1454/1995/1441 1455/2015/1442 1369/1872/1362
f 1455/1996/1442 1456/1998/1443 1371/1874/1364
f 1456/1998/1443 1457/1999/1444 1372/1876/1365
f 1457/1999/1444 1458/2018/1445 1373/2000/1366
f 1458/2001/1445 1459/2004/1446 1375/2002/1368
f 1459/2004/1446 1461/2006/1200 1448/1986/1435
f 1460/2005/1214 1462/2021/1447 1449/1987/1436
f 1462/2007/1447 1472/2023/1456 1450/1990/1437
f 1450/1990/1437 1472/2023/1456 1463/2009/1448
f 1451/1991/1438 1463/2009/1448 1464/2010/1449
f 1464/2011/1449 1465/2013/1450 1453/1994/1440
f 1465/2013/1450 1466/2014/1207 1454/1995/1441
f 1466/2014/1207 1477/2028/1461 1455/2015/1442
f 1455/1996/1442 1477/2029/1461 1467/2016/1451
f 1467/2016/1451 1468/2017/1452 1457/1999/1444
f 1468/2017/1452 1480/2032/1464 1458/2018/1445
f 1458/2001/1445 1480/2034/1464 1469/2019/1453
f 1459/2004/1446 1469/2019/1453 1460/2005/1214
f 1460/2005/1214 1483/2037/1215 1470/2020/1454
f 1462/2007/1447 1470/2038/1454 1471/2022/1455
f 1472/2023/1456 1471/2022/1455 1473/2024/1457
f 1473/2024/1457 1474/2039/1458 1464/2010/1449
f 1474/2025/1458 1475/2026/1459 1465/2013/1450
f 1475/2026/1459 1484/2040/1467 1466/2014/1207
f 1466/2014/1207 1484/2040/1467 1476/2027/1460
f 1477/2029/1461 1476/2041/1460 1478/2030/1462
f 1467/2016/1451 1478/2030/1462 1479/2031/1463
f 1479/2031/1463 1481/2042/1465 1480/2032/1464
f 1481/2033/1465 1482/2035/1466 1469/2019/1453
f 1482/2035/1466 1483/2037/1215 1460/2005/1214
f 1378/2036/1371 1377/2068/1370 1470/2020/1454
f 1377/1886/1370 1380/1885/1373 1471/2022/1455
f 1380/1885/1373 1382/1888/1375 1473/2024/1457
f 1382/1888/1375 1384/1890/1377 1474/2039/1458
f 1384/1893/1377 1386/1892/1379 1475/2026/1459
f 1386/1892/1379 1388/1895/1381 1484/2040/1467
f 1484/2040/1467 1388/1895/1381 1390/1897/1383
f 1476/2041/1460 1390/2069/1383 1392/1900/1385
f 1478/2030/1462 1392/1900/1385 1394/1902/1387
f 1479/2031/1463 1394/1902/1387 1396/1904/1389
f 1481/2033/1465 1396/2070/1389 1398/2043/1391
f 1482/2035/1466 1398/2043/1391 1378/2036/1371
f 1487/2071/1468 1488/2072/1469 1489/2073/1470
f 1490/2074/1471 1491/2075/1472 1492/2076/1022
f 1493/2077/1023 1494/2078/1024 1495/2079/1025
f 1496/2080/1026 1497/2081/1473 1498/2082/1474
f 1499/2083/1475 1500/2084/1476 1501/2085/1031
f 1502/2086/1032 1503/2087/1477 1504/2088/1034
f 1502/2086/1032 1505/2089/1478 1503/2087/1477
f 1490/2074/1471 1506/2090/1036 1505/2089/1478
f 1507/2091/1037 1508/2092/1479 1509/2093/1480
f 1563/2094/1481 1510/2095/1041 1511/2096/1482
f 1512/2097/1483 1513/2098/1484 1514/2099/1485
f 1515/2100/1486 1516/2101/1487 1508/2102/1479
f 1517/2103/1048 1518/2104/1488 1557/2105/1489
f 1491/2075/1472 1519/2106/1051 1492/2076/1022
f 1506/2090/1036 1503/2087/1477 1505/2089/1478
f 1520/2107/1052 1521/2108/1490 1522/2109/1054
f 1523/2110/1491 1524/2111/1492 1525/2112/1057
f 1524/2111/1492 1526/2113/1058 1525/2112/1057
f 1527/2114/1493 1528/2115/1494 1526/2113/1058
f 1529/2116/1495 1530/2117/1496 1528/2115/1494
f 1531/2118/1497 1509/2093/1480 1530/2117/1496
f 1532/2119/1064 1561/2120/1498 1521/2108/1490
f 1533/2121/1499 1534/2122/1067 1535/2123/1068
f 1534/2122/1067 1536/2124/1069 1537/2125/1070
f 1537/2125/1070 1538/2126/1500 1539/2127/1072
f 1538/2126/1500 1540/2128/1073 1539/2127/1072
f 1541/2129/1074 1542/2130/1075 1540/2128/1073
f 1542/2130/1075 1543/2131/1501 1517/2103/1048
f 1564/2132/1502 1544/2133/1503 1523/2134/1491
f 1511/2096/1482 1545/2135/1079 1546/2136/1080
f 1545/2135/1079 1547/2137/1504 1546/2136/1080
f 1548/2138/1082 1549/2139/1505 1547/2137/1504
f 1549/2139/1505 1550/2140/1084 1551/2141/1085
f 1551/2141/1085 1520/2107/1052 1522/2109/1054
f 1552/2142/1086 1535/2123/1068 1559/2143/1506
f 1490/2074/1471 1514/2099/1485 1506/2090/1036
f 1502/2086/1032 1519/2106/1051 1491/2075/1472
f 1502/2086/1032 1501/2085/1031 1519/2106/1051
f 1490/2074/1471 1492/2076/1022 1553/2144/1507
f 1493/2077/1023 1502/2145/1032 1554/2146/1089
f 1555/2147/1508 1497/2081/1473 1490/2148/1471
f 1556/2149/1509 1491/2150/1472 1571/2151/1092
f 1557/2152/1489 1514/2153/1485 1513/2154/1484
f 1504/2155/1034 1558/2156/1510 1512/2157/1483
f 1553/2158/1507 1559/2159/1506 1499/2160/1475
f 1560/2161/1511 1501/2162/1031 1500/2163/1476
f 1516/2164/1487 1506/2090/1036 1518/2165/1488
f 1569/2166/1512 1561/2167/1498 1503/2087/1477
f 1505/2168/1478 1495/2169/1025 1488/2072/1469
f 1562/2170/1513 1519/2106/1051 1563/2171/1481
f 1564/2172/1502 1552/2173/1086 1492/2076/1022
f 1565/2174/1097 1493/2077/1023 1554/2146/1089
f 1487/2175/1468 1497/2081/1473 1555/2147/1508
f 1556/2149/1509 1496/2176/1026 1566/2177/1098
f 1490/2074/1471 1571/2178/1092 1491/2075/1472
f 1554/2179/1089 1491/2075/1472 1556/2180/1509
f 1555/2181/1508 1505/2089/1478 1488/2182/1469
f 1502/2086/1032 1495/2183/1025 1505/2089/1478
f 1488/2072/1469 1494/2184/1024 1489/2073/1470
f 1569/2166/1512 1506/2090/1036 1516/2164/1487
f 1564/2172/1502 1519/2106/1051 1562/2170/1513
f 1518/2165/1488 1514/2099/1485 1557/2185/1489
f 1504/2088/1034 1561/2167/1498 1558/2186/1510
f 1552/2173/1086 1553/2144/1507 1492/2076/1022
f 1501/2085/1031 1563/2171/1481 1519/2106/1051
f 1564/2187/1502 1533/2188/1499 1552/2189/1086
f 1511/2190/1482 1562/2191/1513 1563/2192/1481
f 1543/2193/1501 1516/2101/1487 1518/2194/1488
f 1567/2195/1514 1508/2196/1479 1543/2131/1501
f 1541/2197/1074 1509/2198/1480 1567/2199/1514
f 1538/2200/1500 1530/2201/1496 1541/2202/1074
f 1538/2203/1500 1526/2204/1058 1528/2205/1494
f 1536/2206/1069 1525/2207/1057 1526/2208/1058
f 1568/2209/1100 1523/2210/1491 1525/2211/1057
f 1569/2212/1512 1521/2213/1490 1561/2214/1498
f 1515/2215/1486 1522/2109/1054 1521/2108/1490
f 1507/2091/1037 1551/2216/1085 1522/2217/1054
f 1531/2118/1497 1549/2218/1505 1551/2216/1085
f 1527/2114/1493 1549/2218/1505 1529/2116/1495
f 1524/2111/1492 1547/2219/1504 1527/2114/1493
f 1544/2220/1503 1546/2136/1080 1524/2221/1492
f 1565/2222/1097 1556/2149/1509 1566/2177/1098
f 1501/2085/1031 1502/2086/1032 1490/2074/1471
f 1490/2074/1471 1553/2144/1507 1501/2085/1031
f 1553/2144/1507 1499/2083/1475 1501/2085/1031
f 1514/2099/1485 1490/2074/1471 1502/2086/1032
f 1502/2086/1032 1504/2088/1034 1514/2099/1485
f 1504/2088/1034 1512/2097/1483 1514/2099/1485
f 1487/2071/1468 1555/2223/1508 1488/2072/1469
f 1493/2077/1023 1570/2224/1101 1494/2078/1024
f 1496/2080/1026 1571/2225/1092 1497/2081/1473
f 1507/2091/1037 1515/2226/1486 1508/2092/1479
f 1563/2094/1481 1560/2227/1511 1510/2095/1041
f 1515/2100/1486 1569/2212/1512 1516/2101/1487
f 1517/2103/1048 1543/2131/1501 1518/2104/1488
f 1520/2107/1052 1532/2119/1064 1521/2108/1490
f 1523/2110/1491 1544/2228/1503 1524/2111/1492
f 1524/2111/1492 1527/2114/1493 1526/2113/1058
f 1527/2114/1493 1529/2116/1495 1528/2115/1494
f 1529/2116/1495 1531/2118/1497 1530/2117/1496
f 1531/2118/1497 1507/2091/1037 1509/2093/1480
f 1532/2119/1064 1558/2229/1510 1561/2120/1498
f 1533/2121/1499 1568/2209/1100 1534/2122/1067
f 1534/2122/1067 1568/2209/1100 1536/2124/1069
f 1537/2125/1070 1536/2124/1069 1538/2126/1500
f 1538/2126/1500 1541/2129/1074 1540/2128/1073
f 1541/2129/1074 1567/2195/1514 1542/2130/1075
f 1542/2130/1075 1567/2195/1514 1543/2131/1501
f 1564/2132/1502 1562/2191/1513 1544/2133/1503
f 1511/2096/1482 1510/2095/1041 1545/2135/1079
f 1545/2135/1079 1548/2138/1082 1547/2137/1504
f 1548/2138/1082 1572/2230/1102 1549/2139/1505
f 1549/2139/1505 1572/2230/1102 1550/2140/1084
f 1551/2141/1085 1550/2140/1084 1520/2107/1052
f 1552/2142/1086 1533/2121/1499 1535/2123/1068
f 1565/2174/1097 1570/2224/1101 1493/2077/1023
f 1487/2175/1468 1498/2082/1474 1497/2081/1473
f 1556/2149/1509 1571/2151/1092 1496/2176/1026
f 1490/2074/1471 1497/2231/1473 1571/2178/1092
f 1554/2179/1089 1502/2086/1032 1491/2075/1472
f 1555/2181/1508 1490/2074/1471 1505/2089/1478
f 1502/2086/1032 1493/2232/1023 1495/2183/1025
f 1488/2072/1469 1495/2169/1025 1494/2184/1024
f 1569/2166/1512 1503/2087/1477 1506/2090/1036
f 1564/2172/1502 1492/2076/1022 1519/2106/1051
f 1518/2165/1488 1506/2090/1036 1514/2099/1485
f 1504/2088/1034 1503/2087/1477 1561/2167/1498
f 1552/2173/1086 1559/2233/1506 1553/2144/1507
f 1501/2085/1031 1560/2234/1511 1563/2171/1481
f 1564/2235/1502 1523/2210/1491 1533/2121/1499
f 1511/2190/1482 1544/2133/1503 1562/2191/1513
f 1543/2193/1501 1508/2102/1479 1516/2101/1487
f 1567/2195/1514 1509/2236/1480 1508/2196/1479
f 1541/2237/1074 1530/2238/1496 1509/2239/1480
f 1538/2203/1500 1528/2205/1494 1530/2240/1496
f 1538/2241/1500 1536/2242/1069 1526/2243/1058
f 1536/2244/1069 1568/2245/1100 1525/2246/1057
f 1568/2209/1100 1533/2121/1499 1523/2210/1491
f 1569/2212/1512 1515/2100/1486 1521/2213/1490
f 1515/2215/1486 1507/2247/1037 1522/2109/1054
f 1507/2091/1037 1531/2118/1497 1551/2216/1085
f 1531/2118/1497 1529/2116/1495 1549/2218/1505
f 1527/2114/1493 1547/2219/1504 1549/2218/1505
f 1524/2111/1492 1546/2248/1080 1547/2219/1504
f 1544/2220/1503 1511/2096/1482 1546/2136/1080
f 1565/2222/1097 1554/2249/1089 1556/2149/1509
f 1573/2250/1103 1574/2251/1104 1575/2252/1072
f 1576/2253/1106 1577/2254/1107 1574/2251/1104
f 1578/2255/1108 1579/2256/1109 1577/2257/1107
f 1580/2258/1110 1581/2259/1111 1579/2256/1109
f 1581/2259/1111 1582/2260/1515 1583/2261/1113
f 1583/2262/1113 1584/2263/1114 1585/2264/1102
f 1584/2263/1114 1586/2265/1115 1585/2264/1102
f 1587/2266/1116 1588/2267/1117 1586/2265/1115
f 1588/2268/1117 1589/2269/1118 1590/2270/1516
f 1590/2270/1516 1591/2271/1120 1592/2272/1121
f 1591/2271/1120 1593/2273/1122 1592/2272/1121
f 1593/2274/1122 1573/2250/1103 1575/2252/1072
f 1594/2275/1123 1576/2253/1106 1573/2250/1103
f 1576/2253/1106 1595/2276/1124 1578/2277/1108
f 1578/2255/1108 1596/2278/1517 1580/2258/1110
f 1596/2278/1517 1597/2279/1126 1580/2258/1110
f 1597/2279/1126 1598/2280/1518 1582/2260/1515
f 1582/2281/1515 1599/2282/1128 1584/2263/1114
f 1599/2282/1128 1587/2266/1116 1584/2263/1114
f 1600/2283/1519 1601/2284/1130 1587/2266/1116
f 1601/2285/1130 1602/2286/1131 1589/2269/1118
f 1602/2286/1131 1591/2271/1120 1589/2269/1118
f 1603/2287/1132 1604/2288/1520 1591/2271/1120
f 1604/2289/1520 1594/2275/1123 1573/2250/1103
f 1605/2290/1134 1606/2291/1135 1594/2275/1123
f 1606/2292/1135 1607/2293/1521 1595/2294/1124
f 1607/2293/1521 1596/2278/1517 1595/2294/1124
f 1596/2278/1517 1608/2295/1522 1609/2296/1138
f 1609/2296/1138 1610/2297/1139 1598/2280/1518
f 1610/2298/1139 1599/2282/1128 1598/2299/1518
f 1599/2282/1128 1611/2300/1140 1600/2283/1519
f 1611/2301/1140 1612/2302/1141 1600/2303/1519
f 1613/2304/1142 1602/2286/1131 1612/2302/1141
f 1602/2286/1131 1614/2305/1143 1603/2287/1132
f 1614/2305/1143 1615/2306/1144 1603/2287/1132
f 1615/2307/1144 1605/2290/1134 1594/2275/1123
f 1605/2290/1134 1616/2308/1145 1617/2309/1523
f 1616/2310/1145 1607/2293/1521 1617/2311/1523
f 1607/2293/1521 1618/2312/1147 1619/2313/1524
f 1619/2313/1524 1620/2314/1149 1608/2295/1522
f 1620/2314/1149 1610/2297/1139 1608/2295/1522
f 1610/2298/1139 1621/2315/1150 1622/2316/1525
f 1621/2315/1150 1611/2300/1140 1622/2316/1525
f 1611/2301/1140 1623/2317/1152 1613/2304/1142
f 1623/2317/1152 1624/2318/1153 1613/2304/1142
f 1625/2319/1526 1614/2305/1143 1624/2318/1153
f 1614/2305/1143 1626/2320/1155 1627/2321/1156
f 1626/2322/1155 1605/2290/1134 1627/2323/1156
f 1628/2324/1157 1629/2325/1158 1616/2326/1145
f 1629/2327/1158 1630/2328/1159 1616/2310/1145
f 1630/2328/1159 1631/2329/1160 1618/2312/1147
f 1618/2312/1147 1632/2330/1161 1620/2314/1149
f 1620/2314/1149 1633/2331/1162 1634/2332/1163
f 1634/2333/1163 1635/2334/1164 1621/2335/1150
f 1635/2334/1164 1636/2336/1527 1621/2335/1150
f 1637/2337/1166 1623/2317/1152 1636/2338/1527
f 1638/2339/1528 1625/2319/1526 1623/2317/1152
f 1639/2340/1529 1640/2341/1169 1625/2319/1526
f 1640/2341/1169 1641/2342/1530 1626/2320/1155
f 1641/2343/1530 1628/2324/1157 1626/2344/1155
f 1642/2345/1171 1629/2325/1158 1643/2346/1172
f 1644/2347/1173 1645/2348/1174 1629/2327/1158
f 1645/2348/1174 1646/2349/1175 1631/2329/1160
f 1646/2349/1175 1632/2330/1161 1631/2329/1160
f 1632/2330/1161 1647/2350/1531 1633/2331/1162
f 1633/2351/1162 1648/2352/1177 1635/2334/1164
f 1648/2352/1177 1637/2353/1166 1635/2334/1164
f 1649/2354/1178 1638/2339/1528 1637/2337/1166
f 1638/2339/1528 1650/2355/1179 1639/2340/1529
f 1650/2355/1179 1651/2356/1532 1639/2340/1529
f 1651/2356/1532 1652/2357/1181 1641/2342/1530
f 1652/2358/1181 1643/2346/1172 1641/2343/1530
f 1653/2359/1182 1644/2360/1173 1642/2345/1171
f 1654/2361/1183 1655/2362/1184 1644/2360/1173
f 1655/2363/1184 1656/2364/1185 1646/2349/1175
f 1656/2364/1185 1657/2365/1186 1646/2349/1175
f 1658/2366/1187 1647/2350/1531 1657/2365/1186
f 1659/2367/1533 1648/2352/1177 1647/2368/1531
f 1648/2352/1177 1660/2369/1189 1649/2370/1178
f 1649/2370/1178 1661/2371/1190 1662/2372/1191
f 1661/2373/1190 1650/2355/1179 1662/2374/1191
f 1663/2375/1192 1664/2376/1193 1650/2355/1179
f 1664/2376/1193 1665/2377/1194 1652/2357/1181
f 1665/2378/1194 1642/2345/1171 1652/2358/1181
f 1653/2359/1182 1666/2379/1195 1654/2361/1183
f 1654/2361/1183 1667/2380/1196 1668/2381/1197
f 1667/2382/1196 1656/2364/1185 1668/2383/1197
f 1669/2384/1198 1658/2366/1187 1656/2364/1185
f 1658/2366/1187 1670/2385/1199 1659/2386/1533
f 1670/2387/1199 1671/2388/1200 1659/2367/1533
f 1671/2388/1200 1672/2389/1201 1660/2369/1189
f 1672/2389/1201 1661/2371/1190 1660/2369/1189
f 1673/2390/1534 1663/2375/1192 1661/2373/1190
f 1663/2375/1192 1674/2391/1203 1675/2392/1204
f 1674/2391/1203 1665/2377/1194 1675/2392/1204
f 1676/2393/1205 1653/2359/1182 1665/2378/1194
f 1677/2394/1206 1666/2379/1195 1678/2395/1207
f 1679/2396/1208 1667/2380/1196 1666/2379/1195
f 1680/2397/1209 1669/2384/1198 1667/2382/1196
f 1681/2398/1210 1682/2399/1211 1669/2384/1198
f 1683/2400/1212 1670/2385/1199 1682/2399/1211
f 1684/2401/1213 1685/2402/1214 1670/2387/1199
f 1686/2403/1215 1672/2389/1201 1685/2402/1214
f 1672/2389/1201 1687/2404/1216 1673/2405/1534
f 1673/2390/1534 1688/2406/1217 1689/2407/1535
f 1689/2407/1535 1690/2408/1536 1674/2391/1203
f 1674/2391/1203 1691/2409/1220 1676/2410/1205
f 1691/2411/1220 1678/2395/1207 1676/2393/1205
f 1677/2394/1206 1692/2412/1221 1679/2396/1208
f 1692/2412/1221 1680/2413/1209 1679/2396/1208
f 1680/2397/1209 1693/2414/1222 1681/2398/1210
f 1693/2414/1222 1683/2400/1212 1681/2398/1210
f 1683/2400/1212 1694/2415/1223 1684/2416/1213
f 1684/2401/1213 1695/2417/1224 1686/2403/1215
f 1695/2417/1224 1696/2418/1225 1686/2403/1215
f 1697/2419/1226 1687/2404/1216 1696/2418/1225
f 1698/2420/1227 1688/2406/1217 1687/2421/1216
f 1699/2422/1537 1690/2408/1536 1688/2406/1217
f 1700/2423/1229 1691/2409/1220 1690/2408/1536
f 1701/2424/1538 1677/2394/1206 1691/2411/1220
f 1702/2425/1231 1703/2426/1232 1692/2412/1221
f 1692/2427/1221 1704/2428/1233 1705/2429/1234
f 1704/2428/1233 1693/2414/1222 1705/2429/1234
f 1706/2430/1235 1707/2431/1236 1693/2414/1222
f 1708/2432/1237 1694/2415/1223 1707/2431/1236
f 1709/2433/1238 1695/2417/1224 1694/2434/1223
f 1695/2417/1224 1710/2435/1239 1697/2419/1226
f 1697/2436/1226 1711/2437/1539 1698/2420/1227
f 1698/2420/1227 1712/2438/1241 1699/2422/1537
f 1699/2422/1537 1713/2439/1242 1700/2423/1229
f 1713/2439/1242 1701/2440/1538 1700/2423/1229
f 1714/2441/1540 1702/2425/1231 1701/2424/1538
f 1715/2442/1244 1703/2426/1232 1716/2443/1541
f 1703/2444/1232 1717/2445/1246 1704/2428/1233
f 1717/2445/1246 1706/2430/1235 1704/2428/1233
f 1706/2430/1235 1718/2446/1247 1708/2432/1237
f 1718/2446/1247 1709/2447/1238 1708/2432/1237
f 1709/2433/1238 1720/2448/1404 1719/2449/1249
f 1720/2448/1404 1710/2435/1239 1719/2449/1249
f 1721/2450/1250 1711/2437/1539 1710/2451/1239
f 1722/2452/1251 1712/2438/1241 1711/2437/1539
f 1712/2438/1241 1723/2453/1252 1713/2439/1242
f 1723/2453/1252 1714/2454/1540 1713/2439/1242
f 1724/2455/1253 1716/2443/1541 1714/2441/1540
f 1725/2456/1254 1726/2457/1255 1715/2458/1244
f 1726/2459/1255 1727/2460/1256 1717/2445/1246
f 1727/2460/1256 1728/2461/1257 1717/2445/1246
f 1728/2461/1257 1729/2462/1542 1718/2446/1247
f 1729/2462/1542 1730/2463/1259 1718/2446/1247
f 1730/2464/1259 1731/2465/1403 1720/2466/1404
f 1731/2465/1403 1721/2467/1250 1720/2466/1404
f 1721/2450/1250 1732/2468/1261 1722/2452/1251
f 1732/2468/1261 1733/2469/1543 1722/2452/1251
f 1733/2469/1543 1734/2470/1263 1723/2453/1252
f 1734/2470/1263 1724/2471/1253 1723/2453/1252
f 1724/2472/1253 1725/2456/1254 1715/2458/1244
f 1735/2473/1264 1736/2474/1265 1725/2456/1254
f 1737/2475/1544 1727/2460/1256 1736/2476/1265
f 1727/2460/1256 1738/2477/1545 1739/2478/1546
f 1739/2478/1546 1740/2479/1547 1729/2462/1542
f 1740/2479/1547 1741/2480/1270 1729/2462/1542
f 1742/2481/1271 1731/2465/1403 1741/2482/1270
f 1731/2465/1403 1743/2483/1272 1744/2484/1273
f 1744/2485/1273 1745/2486/1548 1732/2468/1261
f 1745/2486/1548 1746/2487/1549 1732/2468/1261
f 1747/2488/1276 1734/2470/1263 1746/2487/1549
f 1734/2470/1263 1748/2489/1277 1749/2490/1278
f 1748/2491/1277 1725/2456/1254 1749/2492/1278
f 1735/2473/1264 1750/2493/1279 1737/2494/1544
f 1737/2475/1544 1751/2495/1280 1752/2496/1550
f 1751/2495/1280 1738/2477/1545 1752/2496/1550
f 1753/2497/1282 1740/2479/1547 1738/2477/1545
f 1754/2498/1551 1742/2481/1271 1740/2499/1547
f 1742/2481/1271 1756/2500/1284 1755/2501/1285
f 1756/2500/1284 1743/2483/1272 1755/2501/1285
f 1743/2502/1272 1757/2503/1552 1745/2486/1548
f 1757/2503/1552 1747/2488/1276 1745/2486/1548
f 1747/2488/1276 1758/2504/1287 1759/2505/1553
f 1758/2506/1287 1748/2491/1277 1759/2507/1553
f 1760/2508/1554 1735/2473/1264 1748/2491/1277
f 1761/2509/1290 1762/2510/1291 1750/2493/1279
f 1762/2511/1291 1751/2495/1280 1750/2512/1279
f 1751/2495/1280 1763/2513/1292 1753/2497/1282
f 1763/2513/1292 1754/2514/1551 1753/2497/1282
f 1764/2515/1293 1765/2516/1294 1754/2498/1551
f 1765/2516/1294 1766/2517/1072 1756/2500/1284
f 1766/2517/1072 1767/2518/1295 1756/2500/1284
f 1767/2519/1295 1768/2520/1296 1757/2503/1552
f 1757/2503/1552 1769/2521/1297 1770/2522/1298
f 1769/2521/1297 1758/2504/1287 1770/2522/1298
f 1758/2506/1287 1771/2523/1299 1760/2508/1554
f 1771/2523/1299 1761/2509/1290 1760/2508/1554
f 1772/2524/1102 1773/2525/1300 1762/2510/1291
f 1773/2526/1300 1774/2527/1301 1762/2511/1291
f 1774/2527/1301 1783/2528/1302 1763/2513/1292
f 1763/2513/1292 1775/2529/1303 1764/2530/1293
f 1764/2515/1293 1785/2531/1304 1776/2532/1555
f 1785/2531/1304 1766/2517/1072 1776/2532/1555
f 1766/2517/1072 1786/2533/1306 1777/2534/1556
f 1786/2535/1306 1768/2520/1296 1777/2536/1556
f 1789/2537/1308 1769/2521/1297 1768/2520/1296
f 1791/2538/1309 1778/2539/1310 1769/2521/1297
f 1778/2540/1310 1779/2541/1311 1771/2523/1299
f 1779/2541/1311 1772/2524/1102 1771/2523/1299
f 1956/2542/1114 1780/2543/1557 1773/2525/1300
f 1780/2544/1557 1781/2545/1313 1773/2526/1300
f 1781/2545/1313 1782/2546/1314 1783/2528/1302
f 1782/2546/1314 1775/2529/1303 1783/2528/1302
f 1775/2547/1303 1784/2548/1315 1785/2531/1304
f 1784/2548/1315 1787/2549/1103 1785/2531/1304
f 1801/2550/1123 1786/2533/1306 1787/2549/1103
f 1788/2551/1317 1789/2537/1308 1786/2535/1306
f 1789/2537/1308 1790/2552/1318 1791/2538/1309
f 1790/2552/1318 1792/2553/1558 1791/2538/1309
f 1792/2554/1558 1793/2555/1559 1779/2541/1311
f 1793/2555/1559 1956/2542/1114 1779/2541/1311
f 1794/2556/1321 1795/2557/1322 1780/2543/1557
f 1795/2558/1322 1796/2559/1560 1780/2544/1557
f 1796/2559/1560 1797/2560/1324 1782/2546/1314
f 1782/2546/1314 1798/2561/1325 1799/2562/1326
f 1799/2562/1326 1800/2563/1327 1784/2564/1315
f 1800/2565/1327 1801/2550/1123 1784/2548/1315
f 1801/2550/1123 1802/2566/1328 1788/2567/1317
f 1802/2568/1328 1803/2569/1329 1788/2551/1317
f 1804/2570/1561 1790/2552/1318 1803/2569/1329
f 1805/2571/1331 1806/2572/1332 1790/2552/1318
f 1807/2573/1562 1793/2574/1559 1806/2572/1332
f 1808/2575/1334 1794/2556/1321 1793/2555/1559
f 1809/2576/1150 1795/2557/1322 1810/2577/1151
f 1795/2558/1322 1811/2578/1335 1812/2579/1336
f 1811/2578/1335 1797/2560/1324 1812/2579/1336
f 1797/2560/1324 1813/2580/1563 1798/2561/1325
f 1798/2561/1325 1814/2581/1338 1800/2563/1327
f 1814/2582/1338 1815/2583/1134 1800/2565/1327
f 1815/2583/1134 1816/2584/1339 1802/2566/1328
f 1816/2585/1339 1804/2570/1561 1802/2568/1328
f 1817/2586/1340 1805/2571/1331 1804/2570/1561
f 1805/2571/1331 1818/2587/1341 1807/2573/1562
f 1818/2587/1341 1808/2588/1334 1807/2573/1562
f 1808/2575/1334 1809/2576/1150 1810/2577/1151
f 1819/2589/1564 1820/2590/1343 1809/2591/1150
f 1820/2592/1343 1821/2593/1344 1811/2578/1335
f 1821/2593/1344 1822/2594/1565 1811/2578/1335
f 1823/2595/1346 1813/2580/1563 1822/2594/1565
f 1813/2580/1563 1824/2596/1347 1814/2581/1338
f 1814/2597/1338 1825/2598/1348 1826/2599/1157
f 1825/2598/1348 1816/2600/1339 1826/2599/1157
f 1827/2601/1349 1817/2586/1340 1816/2585/1339
f 1817/2586/1340 1828/2602/1350 1829/2603/1351
f 1828/2602/1350 1818/2587/1341 1829/2603/1351
f 1830/2604/1352 1831/2605/1353 1818/2587/1341
f 1831/2606/1353 1819/2589/1564 1809/2591/1150
f 1819/2607/1564 1832/2608/1354 1833/2609/1355
f 1833/2610/1355 1834/2611/1566 1821/2593/1344
f 1821/2593/1344 1835/2612/1357 1823/2595/1346
f 1823/2595/1346 1836/2613/1358 1837/2614/1567
f 1837/2615/1567 1838/2616/1568 1824/2617/1347
f 1824/2617/1347 1839/2618/1361 1825/2598/1348
f 1839/2618/1361 1827/2619/1349 1825/2598/1348
f 1840/2620/1569 1841/2621/1363 1827/2619/1349
f 1842/2622/1364 1828/2602/1350 1841/2623/1363
f 1843/2624/1570 1830/2604/1352 1828/2602/1350
f 1844/2625/1366 1845/2626/1367 1830/2627/1352
f 1846/2628/1368 1819/2607/1564 1845/2626/1367
f 1847/2629/1571 1848/2630/1370 1849/2631/1371
f 1850/2632/1572 1851/2633/1573 1848/2634/1370
f 1852/2635/1374 1853/2636/1375 1851/2633/1573
f 1854/2637/1376 1855/2638/1574 1853/2636/1375
f 1856/2639/1378 1857/2640/1575 1855/2641/1574
f 1858/2642/1380 1859/2643/1576 1857/2640/1575
f 1859/2643/1576 1860/2644/1382 1861/2645/1383
f 1861/2645/1383 1862/2646/1384 1863/2647/1385
f 1863/2648/1385 1864/2649/1386 1865/2650/1387
f 1865/2650/1387 1866/2651/1388 1867/2652/1389
f 1867/2652/1389 1868/2653/1577 1869/2654/1391
f 1869/2655/1391 1847/2629/1571 1849/2631/1371
f 1847/2656/1571 1870/2657/1392 1850/2658/1572
f 1870/2659/1392 1852/2635/1374 1850/2632/1572
f 1871/2660/1393 1854/2637/1376 1852/2635/1374
f 1872/2661/1394 1856/2662/1378 1854/2637/1376
f 1873/2663/1578 1858/2664/1380 1856/2662/1378
f 1874/2665/1579 1875/2666/1580 1858/2642/1380
f 1875/2666/1580 1876/2667/1398 1860/2644/1382
f 1860/2668/1382 1877/2669/1399 1862/2670/1384
f 1862/2670/1384 1878/2671/1400 1864/2649/1386
f 1864/2649/1386 1879/2672/1401 1866/2651/1388
f 1866/2651/1388 1880/2673/1402 1868/2653/1577
f 1880/2674/1402 1847/2656/1571 1868/2675/1577
f 1881/2676/1403 1870/2677/1392 1882/2678/1404
f 1870/2659/1392 1883/2679/1405 1871/2660/1393
f 1883/2679/1405 1872/2661/1394 1871/2660/1393
f 1884/2680/1581 1873/2663/1578 1872/2661/1394
f 1873/2663/1578 1885/2681/1582 1874/2682/1579
f 1885/2683/1582 1886/2684/1244 1874/2685/1579
f 1886/2684/1244 1887/2686/1583 1876/2687/1398
f 1887/2688/1583 1877/2669/1399 1876/2689/1398
f 1877/2669/1399 1888/2690/1584 1878/2671/1400
f 1888/2690/1584 1879/2672/1401 1878/2671/1400
f 1889/2691/1410 1880/2673/1402 1879/2672/1401
f 1880/2692/1402 1881/2676/1403 1882/2678/1404
f 1881/2676/1403 1890/2693/1411 1891/2694/1412
f 1890/2695/1411 1883/2679/1405 1891/2696/1412
f 1883/2679/1405 1892/2697/1413 1884/2680/1581
f 1892/2697/1413 1893/2698/1414 1884/2680/1581
f 1893/2698/1414 1894/2699/1415 1885/2681/1582
f 1894/2700/1415 1895/2701/1585 1885/2683/1582
f 1895/2701/1585 1896/2702/1586 1887/2686/1583
f 1896/2703/1586 1897/2704/1417 1887/2688/1583
f 1897/2704/1417 1898/2705/1418 1888/2690/1584
f 1898/2705/1418 1889/2691/1410 1888/2690/1584
f 1889/2691/1410 1899/2706/1587 1900/2707/1420
f 1899/2708/1587 1881/2676/1403 1900/2709/1420
f 1901/2710/1285 1902/2711/1421 1890/2693/1411
f 1902/2711/1421 1903/2712/1422 1890/2693/1411
f 1903/2713/1422 1904/2714/1423 1892/2697/1413
f 1892/2697/1413 1905/2715/1588 1906/2716/1589
f 1906/2716/1589 1907/2717/1590 1894/2699/1415
f 1907/2718/1590 1908/2719/1264 1894/2700/1415
f 1908/2719/1264 1909/2720/1427 1896/2702/1586
f 1909/2720/1427 1910/2721/1428 1896/2702/1586
f 1911/2722/1429 1898/2705/1418 1910/2723/1428
f 1912/2724/1430 1913/2725/1431 1898/2705/1418
f 1913/2725/1431 1914/2726/1432 1899/2706/1587
f 1914/2727/1432 1901/2710/1285 1899/2708/1587
f 1575/2252/1072 1902/2711/1421 1915/2728/1284
f 1902/2711/1421 1577/2254/1107 1916/2729/1591
f 1577/2257/1107 1904/2714/1423 1916/2730/1591
f 1904/2714/1423 1581/2259/1111 1905/2715/1588
f 1581/2259/1111 1907/2717/1590 1905/2715/1588
f 1583/2262/1113 1917/2731/1290 1907/2718/1590
f 1917/2731/1290 1586/2265/1115 1909/2720/1427
f 1909/2720/1427 1588/2267/1117 1911/2732/1429
f 1588/2268/1117 1912/2724/1430 1911/2722/1429
f 1912/2724/1430 1592/2272/1121 1918/2733/1434
f 1592/2272/1121 1914/2726/1432 1918/2733/1434
f 1593/2274/1122 1915/2728/1284 1914/2727/1432
f 1919/2734/1435 1920/2735/1436 1832/2736/1354
f 1832/2737/1354 1921/2738/1437 1834/2611/1566
f 1834/2611/1566 1922/2739/1438 1835/2612/1357
f 1835/2612/1357 1923/2740/1439 1836/2613/1358
f 1836/2741/1358 1924/2742/1440 1838/2616/1568
f 1838/2616/1568 1925/2743/1441 1839/2618/1361
f 1925/2743/1441 1840/2620/1569 1839/2618/1361
f 1926/2744/1442 1842/2622/1364 1840/2745/1569
f 1927/2746/1592 1843/2624/1570 1842/2622/1364
f 1928/2747/1444 1844/2748/1366 1843/2624/1570
f 1929/2749/1445 1846/2750/1368 1844/2751/1366
f 1930/2752/1446 1919/2734/1435 1846/2750/1368
f 1931/2753/1214 1920/2735/1436 1932/2754/1200
f 1933/2755/1593 1921/2738/1437 1920/2756/1436
f 1921/2738/1437 1934/2757/1448 1922/2739/1438
f 1922/2739/1438 1935/2758/1449 1923/2740/1439
f 1935/2759/1449 1924/2742/1440 1923/2760/1439
f 1936/2761/1450 1925/2743/1441 1924/2742/1440
f 1946/2762/1207 1926/2763/1442 1925/2743/1441
f 1926/2744/1442 1937/2764/1451 1927/2746/1592
f 1937/2764/1451 1928/2747/1444 1927/2746/1592
f 1938/2765/1452 1929/2766/1445 1928/2747/1444
f 1929/2749/1445 1939/2767/1453 1930/2752/1446
f 1930/2752/1446 1931/2753/1214 1932/2754/1200
f 1931/2753/1214 1940/2768/1454 1933/2769/1593
f 1933/2755/1593 1941/2770/1455 1942/2771/1456
f 1942/2771/1456 1943/2772/1457 1934/2757/1448
f 1943/2772/1457 1935/2758/1449 1934/2757/1448
f 1944/2773/1458 1936/2761/1450 1935/2759/1449
f 1945/2774/1459 1946/2762/1207 1936/2761/1450
f 1946/2762/1207 1947/2775/1460 1948/2776/1594
f 1948/2777/1594 1949/2778/1462 1937/2764/1451
f 1937/2764/1451 1950/2779/1595 1938/2765/1452
f 1950/2779/1595 1951/2780/1464 1938/2765/1452
f 1952/2781/1465 1939/2767/1453 1951/2782/1464
f 1953/2783/1466 1931/2753/1214 1939/2767/1453
f 1849/2784/1371 1940/2768/1454 1954/2785/1215
f 1848/2634/1370 1941/2770/1455 1940/2786/1454
f 1851/2633/1573 1943/2772/1457 1941/2770/1455
f 1853/2636/1375 1944/2787/1458 1943/2772/1457
f 1855/2641/1574 1945/2774/1459 1944/2773/1458
f 1857/2640/1575 1955/2788/1467 1945/2774/1459
f 1955/2788/1467 1861/2645/1383 1947/2775/1460
f 1947/2789/1460 1863/2648/1385 1949/2778/1462
f 1949/2778/1462 1865/2650/1387 1950/2779/1595
f 1950/2779/1595 1867/2652/1389 1952/2790/1465
f 1952/2781/1465 1869/2791/1391 1953/2783/1466
f 1953/2783/1466 1849/2784/1371 1954/2785/1215
f 1573/2250/1103 1576/2253/1106 1574/2251/1104
f 1576/2253/1106 1578/2277/1108 1577/2254/1107
f 1578/2255/1108 1580/2258/1110 1579/2256/1109
f 1580/2258/1110 1597/2279/1126 1581/2259/1111
f 1581/2259/1111 1597/2279/1126 1582/2260/1515
f 1583/2262/1113 1582/2281/1515 1584/2263/1114
f 1584/2263/1114 1587/2266/1116 1586/2265/1115
f 1587/2266/1116 1601/2284/1130 1588/2267/1117
f 1588/2268/1117 1601/2285/1130 1589/2269/1118
f 1590/2270/1516 1589/2269/1118 1591/2271/1120
f 1591/2271/1120 1604/2288/1520 1593/2273/1122
f 1593/2274/1122 1604/2289/1520 1573/2250/1103
f 1594/2275/1123 1606/2291/1135 1576/2253/1106
f 1576/2253/1106 1606/2291/1135 1595/2276/1124
f 1578/2255/1108 1595/2294/1124 1596/2278/1517
f 1596/2278/1517 1609/2296/1138 1597/2279/1126
f 1597/2279/1126 1609/2296/1138 1598/2280/1518
f 1582/2281/1515 1598/2299/1518 1599/2282/1128
f 1599/2282/1128 1600/2283/1519 1587/2266/1116
f 1600/2283/1519 1612/2792/1141 1601/2284/1130
f 1601/2285/1130 1612/2302/1141 1602/2286/1131
f 1602/2286/1131 1603/2287/1132 1591/2271/1120
f 1603/2287/1132 1615/2306/1144 1604/2288/1520
f 1604/2289/1520 1615/2307/1144 1594/2275/1123
f 1605/2290/1134 1617/2309/1523 1606/2291/1135
f 1606/2292/1135 1617/2311/1523 1607/2293/1521
f 1607/2293/1521 1619/2313/1524 1596/2278/1517
f 1596/2278/1517 1619/2313/1524 1608/2295/1522
f 1609/2296/1138 1608/2295/1522 1610/2297/1139
f 1610/2298/1139 1622/2316/1525 1599/2282/1128
f 1599/2282/1128 1622/2316/1525 1611/2300/1140
f 1611/2301/1140 1613/2304/1142 1612/2302/1141
f 1613/2304/1142 1624/2318/1153 1602/2286/1131
f 1602/2286/1131 1624/2318/1153 1614/2305/1143
f 1614/2305/1143 1627/2321/1156 1615/2306/1144
f 1615/2307/1144 1627/2323/1156 1605/2290/1134
f 1605/2290/1134 1628/2793/1157 1616/2308/1145
f 1616/2310/1145 1630/2328/1159 1607/2293/1521
f 1607/2293/1521 1630/2328/1159 1618/2312/1147
f 1619/2313/1524 1618/2312/1147 1620/2314/1149
f 1620/2314/1149 1634/2332/1163 1610/2297/1139
f 1610/2298/1139 1634/2794/1163 1621/2315/1150
f 1621/2315/1150 1636/2795/1527 1611/2300/1140
f 1611/2301/1140 1636/2338/1527 1623/2317/1152
f 1623/2317/1152 1625/2319/1526 1624/2318/1153
f 1625/2319/1526 1640/2341/1169 1614/2305/1143
f 1614/2305/1143 1640/2341/1169 1626/2320/1155
f 1626/2322/1155 1628/2793/1157 1605/2290/1134
f 1628/2324/1157 1643/2346/1172 1629/2325/1158
f 1629/2327/1158 1645/2348/1174 1630/2328/1159
f 1630/2328/1159 1645/2348/1174 1631/2329/1160
f 1618/2312/1147 1631/2329/1160 1632/2330/1161
f 1620/2314/1149 1632/2330/1161 1633/2331/1162
f 1634/2333/1163 1633/2351/1162 1635/2334/1164
f 1635/2334/1164 1637/2353/1166 1636/2336/1527
f 1637/2337/1166 1638/2339/1528 1623/2317/1152
f 1638/2339/1528 1639/2340/1529 1625/2319/1526
f 1639/2340/1529 1651/2356/1532 1640/2341/1169
f 1640/2341/1169 1651/2356/1532 1641/2342/1530
f 1641/2343/1530 1643/2346/1172 1628/2324/1157
f 1642/2345/1171 1644/2360/1173 1629/2325/1158
f 1644/2347/1173 1655/2363/1184 1645/2348/1174
f 1645/2348/1174 1655/2363/1184 1646/2349/1175
f 1646/2349/1175 1657/2365/1186 1632/2330/1161
f 1632/2330/1161 1657/2365/1186 1647/2350/1531
f 1633/2351/1162 1647/2368/1531 1648/2352/1177
f 1648/2352/1177 1649/2370/1178 1637/2353/1166
f 1649/2354/1178 1662/2374/1191 1638/2339/1528
f 1638/2339/1528 1662/2374/1191 1650/2355/1179
f 1650/2355/1179 1664/2376/1193 1651/2356/1532
f 1651/2356/1532 1664/2376/1193 1652/2357/1181
f 1652/2358/1181 1642/2345/1171 1643/2346/1172
f 1653/2359/1182 1654/2361/1183 1644/2360/1173
f 1654/2361/1183 1668/2381/1197 1655/2362/1184
f 1655/2363/1184 1668/2383/1197 1656/2364/1185
f 1656/2364/1185 1658/2366/1187 1657/2365/1186
f 1658/2366/1187 1659/2386/1533 1647/2350/1531
f 1659/2367/1533 1671/2388/1200 1648/2352/1177
f 1648/2352/1177 1671/2388/1200 1660/2369/1189
f 1649/2370/1178 1660/2369/1189 1661/2371/1190
f 1661/2373/1190 1663/2375/1192 1650/2355/1179
f 1663/2375/1192 1675/2392/1204 1664/2376/1193
f 1664/2376/1193 1675/2392/1204 1665/2377/1194
f 1665/2378/1194 1653/2359/1182 1642/2345/1171
f 1653/2359/1182 1678/2395/1207 1666/2379/1195
f 1654/2361/1183 1666/2379/1195 1667/2380/1196
f 1667/2382/1196 1669/2384/1198 1656/2364/1185
f 1669/2384/1198 1682/2399/1211 1658/2366/1187
f 1658/2366/1187 1682/2399/1211 1670/2385/1199
f 1670/2387/1199 1685/2402/1214 1671/2388/1200
f 1671/2388/1200 1685/2402/1214 1672/2389/1201
f 1672/2389/1201 1673/2405/1534 1661/2371/1190
f 1673/2390/1534 1689/2407/1535 1663/2375/1192
f 1663/2375/1192 1689/2407/1535 1674/2391/1203
f 1674/2391/1203 1676/2410/1205 1665/2377/1194
f 1676/2393/1205 1678/2395/1207 1653/2359/1182
f 1677/2394/1206 1679/2396/1208 1666/2379/1195
f 1679/2396/1208 1680/2413/1209 1667/2380/1196
f 1680/2397/1209 1681/2398/1210 1669/2384/1198
f 1681/2398/1210 1683/2400/1212 1682/2399/1211
f 1683/2400/1212 1684/2416/1213 1670/2385/1199
f 1684/2401/1213 1686/2403/1215 1685/2402/1214
f 1686/2403/1215 1696/2418/1225 1672/2389/1201
f 1672/2389/1201 1696/2418/1225 1687/2404/1216
f 1673/2390/1534 1687/2421/1216 1688/2406/1217
f 1689/2407/1535 1688/2406/1217 1690/2408/1536
f 1674/2391/1203 1690/2408/1536 1691/2409/1220
f 1691/2411/1220 1677/2394/1206 1678/2395/1207
f 1677/2394/1206 1702/2425/1231 1692/2412/1221
f 1692/2412/1221 1705/2796/1234 1680/2413/1209
f 1680/2397/1209 1705/2429/1234 1693/2414/1222
f 1693/2414/1222 1707/2431/1236 1683/2400/1212
f 1683/2400/1212 1707/2431/1236 1694/2415/1223
f 1684/2401/1213 1694/2434/1223 1695/2417/1224
f 1695/2417/1224 1697/2419/1226 1696/2418/1225
f 1697/2419/1226 1698/2797/1227 1687/2404/1216
f 1698/2420/1227 1699/2422/1537 1688/2406/1217
f 1699/2422/1537 1700/2423/1229 1690/2408/1536
f 1700/2423/1229 1701/2440/1538 1691/2409/1220
f 1701/2424/1538 1702/2425/1231 1677/2394/1206
f 1702/2425/1231 1716/2443/1541 1703/2426/1232
f 1692/2427/1221 1703/2444/1232 1704/2428/1233
f 1704/2428/1233 1706/2430/1235 1693/2414/1222
f 1706/2430/1235 1708/2432/1237 1707/2431/1236
f 1708/2432/1237 1709/2447/1238 1694/2415/1223
f 1709/2433/1238 1719/2449/1249 1695/2417/1224
f 1695/2417/1224 1719/2449/1249 1710/2435/1239
f 1697/2436/1226 1710/2451/1239 1711/2437/1539
f 1698/2420/1227 1711/2437/1539 1712/2438/1241
f 1699/2422/1537 1712/2438/1241 1713/2439/1242
f 1713/2439/1242 1714/2454/1540 1701/2440/1538
f 1714/2441/1540 1716/2443/1541 1702/2425/1231
f 1715/2442/1244 1726/2798/1255 1703/2426/1232
f 1703/2444/1232 1726/2459/1255 1717/2445/1246
f 1717/2445/1246 1728/2461/1257 1706/2430/1235
f 1706/2430/1235 1728/2461/1257 1718/2446/1247
f 1718/2446/1247 1730/2463/1259 1709/2447/1238
f 1709/2433/1238 1730/2799/1259 1720/2448/1404
f 1720/2448/1404 1721/2800/1250 1710/2435/1239
f 1721/2450/1250 1722/2452/1251 1711/2437/1539
f 1722/2452/1251 1733/2469/1543 1712/2438/1241
f 1712/2438/1241 1733/2469/1543 1723/2453/1252
f 1723/2453/1252 1724/2471/1253 1714/2454/1540
f 1724/2455/1253 1715/2442/1244 1716/2443/1541
f 1725/2456/1254 1736/2474/1265 1726/2457/1255
f 1726/2459/1255 1736/2476/1265 1727/2460/1256
f 1727/2460/1256 1739/2478/1546 1728/2461/1257
f 1728/2461/1257 1739/2478/1546 1729/2462/1542
f 1729/2462/1542 1741/2480/1270 1730/2463/1259
f 1730/2464/1259 1741/2482/1270 1731/2465/1403
f 1731/2465/1403 1744/2484/1273 1721/2467/1250
f 1721/2450/1250 1744/2485/1273 1732/2468/1261
f 1732/2468/1261 1746/2487/1549 1733/2469/1543
f 1733/2469/1543 1746/2487/1549 1734/2470/1263
f 1734/2470/1263 1749/2490/1278 1724/2471/1253
f 1724/2472/1253 1749/2492/1278 1725/2456/1254
f 1735/2473/1264 1737/2494/1544 1736/2474/1265
f 1737/2475/1544 1752/2496/1550 1727/2460/1256
f 1727/2460/1256 1752/2496/1550 1738/2477/1545
f 1739/2478/1546 1738/2477/1545 1740/2479/1547
f 1740/2479/1547 1742/2801/1271 1741/2480/1270
f 1742/2481/1271 1755/2501/1285 1731/2465/1403
f 1731/2465/1403 1755/2501/1285 1743/2483/1272
f 1744/2485/1273 1743/2502/1272 1745/2486/1548
f 1745/2486/1548 1747/2488/1276 1746/2487/1549
f 1747/2488/1276 1759/2505/1553 1734/2470/1263
f 1734/2470/1263 1759/2505/1553 1748/2489/1277
f 1748/2491/1277 1735/2473/1264 1725/2456/1254
f 1735/2473/1264 1761/2509/1290 1750/2493/1279
f 1737/2475/1544 1750/2512/1279 1751/2495/1280
f 1751/2495/1280 1753/2497/1282 1738/2477/1545
f 1753/2497/1282 1754/2514/1551 1740/2479/1547
f 1754/2498/1551 1765/2516/1294 1742/2481/1271
f 1742/2481/1271 1765/2516/1294 1756/2500/1284
f 1756/2500/1284 1767/2518/1295 1743/2483/1272
f 1743/2502/1272 1767/2519/1295 1757/2503/1552
f 1757/2503/1552 1770/2522/1298 1747/2488/1276
f 1747/2488/1276 1770/2522/1298 1758/2504/1287
f 1758/2506/1287 1760/2508/1554 1748/2491/1277
f 1760/2508/1554 1761/2509/1290 1735/2473/1264
f 1761/2509/1290 1772/2524/1102 1762/2510/1291
f 1762/2511/1291 1774/2527/1301 1751/2495/1280
f 1751/2495/1280 1774/2527/1301 1763/2513/1292
f 1763/2513/1292 1764/2530/1293 1754/2514/1551
f 1764/2515/1293 1776/2532/1555 1765/2516/1294
f 1765/2516/1294 1776/2532/1555 1766/2517/1072
f 1766/2517/1072 1777/2534/1556 1767/2518/1295
f 1767/2519/1295 1777/2536/1556 1768/2520/1296
f 1757/2503/1552 1768/2520/1296 1769/2521/1297
f 1769/2521/1297 1778/2539/1310 1758/2504/1287
f 1758/2506/1287 1778/2540/1310 1771/2523/1299
f 1771/2523/1299 1772/2524/1102 1761/2509/1290
f 1772/2524/1102 1956/2542/1114 1773/2525/1300
f 1773/2526/1300 1781/2545/1313 1774/2527/1301
f 1774/2527/1301 1781/2545/1313 1783/2528/1302
f 1763/2513/1292 1783/2528/1302 1775/2529/1303
f 1764/2515/1293 1775/2547/1303 1785/2531/1304
f 1785/2531/1304 1787/2549/1103 1766/2517/1072
f 1766/2517/1072 1787/2549/1103 1786/2533/1306
f 1786/2535/1306 1789/2537/1308 1768/2520/1296
f 1789/2537/1308 1791/2538/1309 1769/2521/1297
f 1791/2538/1309 1792/2553/1558 1778/2539/1310
f 1778/2540/1310 1792/2554/1558 1779/2541/1311
f 1779/2541/1311 1956/2542/1114 1772/2524/1102
f 1956/2542/1114 1794/2556/1321 1780/2543/1557
f 1780/2544/1557 1796/2559/1560 1781/2545/1313
f 1781/2545/1313 1796/2559/1560 1782/2546/1314
f 1782/2546/1314 1799/2562/1326 1775/2529/1303
f 1775/2547/1303 1799/2802/1326 1784/2548/1315
f 1784/2548/1315 1801/2550/1123 1787/2549/1103
f 1801/2550/1123 1788/2567/1317 1786/2533/1306
f 1788/2551/1317 1803/2569/1329 1789/2537/1308
f 1789/2537/1308 1803/2569/1329 1790/2552/1318
f 1790/2552/1318 1806/2572/1332 1792/2553/1558
f 1792/2554/1558 1806/2803/1332 1793/2555/1559
f 1793/2555/1559 1794/2556/1321 1956/2542/1114
f 1794/2556/1321 1810/2577/1151 1795/2557/1322
f 1795/2558/1322 1812/2579/1336 1796/2559/1560
f 1796/2559/1560 1812/2579/1336 1797/2560/1324
f 1782/2546/1314 1797/2560/1324 1798/2561/1325
f 1799/2562/1326 1798/2561/1325 1800/2563/1327
f 1800/2565/1327 1815/2583/1134 1801/2550/1123
f 1801/2550/1123 1815/2583/1134 1802/2566/1328
f 1802/2568/1328 1804/2570/1561 1803/2569/1329
f 1804/2570/1561 1805/2571/1331 1790/2552/1318
f 1805/2571/1331 1807/2573/1562 1806/2572/1332
f 1807/2573/1562 1808/2588/1334 1793/2574/1559
f 1808/2575/1334 1810/2577/1151 1794/2556/1321
f 1809/2576/1150 1820/2804/1343 1795/2557/1322
f 1795/2558/1322 1820/2592/1343 1811/2578/1335
f 1811/2578/1335 1822/2594/1565 1797/2560/1324
f 1797/2560/1324 1822/2594/1565 1813/2580/1563
f 1798/2561/1325 1813/2580/1563 1814/2581/1338
f 1814/2582/1338 1826/2805/1157 1815/2583/1134
f 1815/2583/1134 1826/2805/1157 1816/2584/1339
f 1816/2585/1339 1817/2586/1340 1804/2570/1561
f 1817/2586/1340 1829/2603/1351 1805/2571/1331
f 1805/2571/1331 1829/2603/1351 1818/2587/1341
f 1818/2587/1341 1831/2605/1353 1808/2588/1334
f 1808/2575/1334 1831/2806/1353 1809/2576/1150
f 1819/2589/1564 1833/2807/1355 1820/2590/1343
f 1820/2592/1343 1833/2610/1355 1821/2593/1344
f 1821/2593/1344 1823/2595/1346 1822/2594/1565
f 1823/2595/1346 1837/2614/1567 1813/2580/1563
f 1813/2580/1563 1837/2614/1567 1824/2596/1347
f 1814/2597/1338 1824/2617/1347 1825/2598/1348
f 1825/2598/1348 1827/2619/1349 1816/2600/1339
f 1827/2601/1349 1841/2623/1363 1817/2586/1340
f 1817/2586/1340 1841/2623/1363 1828/2602/1350
f 1828/2602/1350 1830/2604/1352 1818/2587/1341
f 1830/2604/1352 1845/2808/1367 1831/2605/1353
f 1831/2606/1353 1845/2809/1367 1819/2589/1564
f 1819/2607/1564 1919/2810/1435 1832/2608/1354
f 1833/2610/1355 1832/2737/1354 1834/2611/1566
f 1821/2593/1344 1834/2611/1566 1835/2612/1357
f 1823/2595/1346 1835/2612/1357 1836/2613/1358
f 1837/2615/1567 1836/2741/1358 1838/2616/1568
f 1824/2617/1347 1838/2616/1568 1839/2618/1361
f 1839/2618/1361 1840/2620/1569 1827/2619/1349
f 1840/2620/1569 1842/2811/1364 1841/2621/1363
f 1842/2622/1364 1843/2624/1570 1828/2602/1350
f 1843/2624/1570 1844/2748/1366 1830/2604/1352
f 1844/2625/1366 1846/2628/1368 1845/2626/1367
f 1846/2628/1368 1919/2810/1435 1819/2607/1564
f 1847/2629/1571 1850/2812/1572 1848/2630/1370
f 1850/2632/1572 1852/2635/1374 1851/2633/1573
f 1852/2635/1374 1854/2637/1376 1853/2636/1375
f 1854/2637/1376 1856/2662/1378 1855/2638/1574
f 1856/2639/1378 1858/2642/1380 1857/2640/1575
f 1858/2642/1380 1875/2666/1580 1859/2643/1576
f 1859/2643/1576 1875/2666/1580 1860/2644/1382
f 1861/2645/1383 1860/2644/1382 1862/2646/1384
f 1863/2648/1385 1862/2670/1384 1864/2649/1386
f 1865/2650/1387 1864/2649/1386 1866/2651/1388
f 1867/2652/1389 1866/2651/1388 1868/2653/1577
f 1869/2655/1391 1868/2813/1577 1847/2629/1571
f 1847/2656/1571 1882/2814/1404 1870/2657/1392
f 1870/2659/1392 1871/2660/1393 1852/2635/1374
f 1871/2660/1393 1872/2661/1394 1854/2637/1376
f 1872/2661/1394 1873/2663/1578 1856/2662/1378
f 1873/2663/1578 1874/2682/1579 1858/2664/1380
f 1874/2665/1579 1886/2815/1244 1875/2666/1580
f 1875/2666/1580 1886/2815/1244 1876/2667/1398
f 1860/2668/1382 1876/2689/1398 1877/2669/1399
f 1862/2670/1384 1877/2669/1399 1878/2671/1400
f 1864/2649/1386 1878/2671/1400 1879/2672/1401
f 1866/2651/1388 1879/2672/1401 1880/2673/1402
f 1880/2674/1402 1882/2814/1404 1847/2656/1571
f 1881/2676/1403 1891/2694/1412 1870/2677/1392
f 1870/2659/1392 1891/2696/1412 1883/2679/1405
f 1883/2679/1405 1884/2680/1581 1872/2661/1394
f 1884/2680/1581 1893/2698/1414 1873/2663/1578
f 1873/2663/1578 1893/2698/1414 1885/2681/1582
f 1885/2683/1582 1895/2701/1585 1886/2684/1244
f 1886/2684/1244 1895/2701/1585 1887/2686/1583
f 1887/2688/1583 1897/2704/1417 1877/2669/1399
f 1877/2669/1399 1897/2704/1417 1888/2690/1584
f 1888/2690/1584 1889/2691/1410 1879/2672/1401
f 1889/2691/1410 1900/2707/1420 1880/2673/1402
f 1880/2692/1402 1900/2709/1420 1881/2676/1403
f 1881/2676/1403 1901/2710/1285 1890/2693/1411
f 1890/2695/1411 1903/2713/1422 1883/2679/1405
f 1883/2679/1405 1903/2713/1422 1892/2697/1413
f 1892/2697/1413 1906/2716/1589 1893/2698/1414
f 1893/2698/1414 1906/2716/1589 1894/2699/1415
f 1894/2700/1415 1908/2719/1264 1895/2701/1585
f 1895/2701/1585 1908/2719/1264 1896/2702/1586
f 1896/2703/1586 1910/2723/1428 1897/2704/1417
f 1897/2704/1417 1910/2723/1428 1898/2705/1418
f 1898/2705/1418 1913/2725/1431 1889/2691/1410
f 1889/2691/1410 1913/2725/1431 1899/2706/1587
f 1899/2708/1587 1901/2710/1285 1881/2676/1403
f 1901/2710/1285 1915/2728/1284 1902/2711/1421
f 1902/2711/1421 1916/2729/1591 1903/2712/1422
f 1903/2713/1422 1916/2730/1591 1904/2714/1423
f 1892/2697/1413 1904/2714/1423 1905/2715/1588
f 1906/2716/1589 1905/2715/1588 1907/2717/1590
f 1907/2718/1590 1917/2731/1290 1908/2719/1264
f 1908/2719/1264 1917/2731/1290 1909/2720/1427
f 1909/2720/1427 1911/2732/1429 1910/2721/1428
f 1911/2722/1429 1912/2724/1430 1898/2705/1418
f 1912/2724/1430 1918/2733/1434 1913/2725/1431
f 1913/2725/1431 1918/2733/1434 1914/2726/1432
f 1914/2727/1432 1915/2728/1284 1901/2710/1285
f 1575/2252/1072 1574/2251/1104 1902/2711/1421
f 1902/2711/1421 1574/2251/1104 1577/2254/1107
f 1577/2257/1107 1579/2256/1109 1904/2714/1423
f 1904/2714/1423 1579/2256/1109 1581/2259/1111
f 1581/2259/1111 1583/2261/1113 1907/2717/1590
f 1583/2262/1113 1585/2264/1102 1917/2731/1290
f 1917/2731/1290 1585/2264/1102 1586/2265/1115
f 1909/2720/1427 1586/2265/1115 1588/2267/1117
f 1588/2268/1117 1590/2270/1516 1912/2724/1430
f 1912/2724/1430 1590/2270/1516 1592/2272/1121
f 1592/2272/1121 1593/2273/1122 1914/2726/1432
f 1593/2274/1122 1575/2252/1072 1915/2728/1284
f 1919/2734/1435 1932/2754/1200 1920/2735/1436
f 1832/2737/1354 1920/2756/1436 1921/2738/1437
f 1834/2611/1566 1921/2738/1437 1922/2739/1438
f 1835/2612/1357 1922/2739/1438 1923/2740/1439
f 1836/2741/1358 1923/2760/1439 1924/2742/1440
f 1838/2616/1568 1924/2742/1440 1925/2743/1441
f 1925/2743/1441 1926/2763/1442 1840/2620/1569
f 1926/2744/1442 1927/2746/1592 1842/2622/1364
f 1927/2746/1592 1928/2747/1444 1843/2624/1570
f 1928/2747/1444 1929/2766/1445 1844/2748/1366
f 1929/2749/1445 1930/2752/1446 1846/2750/1368
f 1930/2752/1446 1932/2754/1200 1919/2734/1435
f 1931/2753/1214 1933/2769/1593 1920/2735/1436
f 1933/2755/1593 1942/2771/1456 1921/2738/1437
f 1921/2738/1437 1942/2771/1456 1934/2757/1448
f 1922/2739/1438 1934/2757/1448 1935/2758/1449
f 1935/2759/1449 1936/2761/1450 1924/2742/1440
f 1936/2761/1450 1946/2762/1207 1925/2743/1441
f 1946/2762/1207 1948/2776/1594 1926/2763/1442
f 1926/2744/1442 1948/2777/1594 1937/2764/1451
f 1937/2764/1451 1938/2765/1452 1928/2747/1444
f 1938/2765/1452 1951/2780/1464 1929/2766/1445
f 1929/2749/1445 1951/2782/1464 1939/2767/1453
f 1930/2752/1446 1939/2767/1453 1931/2753/1214
f 1931/2753/1214 1954/2785/1215 1940/2768/1454
f 1933/2755/1593 1940/2786/1454 1941/2770/1455
f 1942/2771/1456 1941/2770/1455 1943/2772/1457
f 1943/2772/1457 1944/2787/1458 1935/2758/1449
f 1944/2773/1458 1945/2774/1459 1936/2761/1450
f 1945/2774/1459 1955/2788/1467 1946/2762/1207
f 1946/2762/1207 1955/2788/1467 1947/2775/1460
f 1948/2777/1594 1947/2789/1460 1949/2778/1462
f 1937/2764/1451 1949/2778/1462 1950/2779/1595
f 1950/2779/1595 1952/2790/1465 1951/2780/1464
f 1952/2781/1465 1953/2783/1466 1939/2767/1453
f 1953/2783/1466 1954/2785/1215 1931/2753/1214
f 1849/2784/1371 1848/2816/1370 1940/2768/1454
f 1848/2634/1370 1851/2633/1573 1941/2770/1455
f 1851/2633/1573 1853/2636/1375 1943/2772/1457
f 1853/2636/1375 1855/2638/1574 1944/2787/1458
f 1855/2641/1574 1857/2640/1575 1945/2774/1459
f 1857/2640/1575 1859/2643/1576 1955/2788/1467
f 1955/2788/1467 1859/2643/1576 1861/2645/1383
f 1947/2789/1460 1861/2817/1383 1863/2648/1385
f 1949/2778/1462 1863/2648/1385 1865/2650/1387
f 1950/2779/1595 1865/2650/1387 1867/2652/1389
f 1952/2781/1465 1867/2818/1389 1869/2791/1391
f 1953/2783/1466 1869/2791/1391 1849/2784/1371
f 1957/2819/1596 2030/2820/1597 2036/2821/1598
f 1958/2822/1599 1959/2823/1600 1960/2824/1601
f 1961/2825/1602 1962/2826/1603 2029/2827/1604
f 1963/2828/1605 2023/2829/1606 1964/2830/1607
f 1965/2831/1608 1966/2832/1609 1967/2833/1610
f 1968/2834/1611 1969/2835/1612 1970/2836/1613
f 1968/2834/1611 1971/2837/1614 1969/2835/1612
f 1958/2822/1599 1972/2838/1615 1971/2837/1614
f 1973/2839/1616 1974/2840/1617 1975/2841/1618
f 1976/2842/1619 1977/2843/1620 1978/2844/1621
f 1979/2845/1622 1980/2846/1623 1981/2847/1624
f 1982/2848/1625 1983/2849/1626 1974/2850/1617
f 1984/2851/1627 1985/2852/1628 2026/2853/1629
f 1959/2823/1600 1986/2854/1630 1960/2824/1601
f 1972/2838/1615 1969/2835/1612 1971/2837/1614
f 1987/2855/1631 1988/2856/1632 1989/2857/1633
f 1990/2858/1634 1991/2859/1635 1992/2860/1636
f 1991/2859/1635 1993/2861/1637 1992/2860/1636
f 1994/2862/1638 1995/2863/1639 1993/2861/1637
f 1996/2864/1640 1997/2865/1641 1995/2863/1639
f 1998/2866/1642 1975/2841/1618 1997/2865/1641
f 1999/2867/1643 2028/2868/1644 1988/2856/1632
f 2000/2869/1645 2001/2870/1646 2002/2871/1647
f 2001/2870/1646 2003/2872/1648 2004/2873/1649
f 2004/2873/1649 2005/2874/1650 2006/2875/1651
f 2005/2874/1650 2007/2876/1652 2006/2875/1651
f 2008/2877/1653 2009/2878/1654 2007/2876/1652
f 2009/2878/1654 2010/2879/1655 1984/2851/1627
f 2032/2880/1656 2011/2881/1657 1990/2882/1634
f 1978/2844/1621 2012/2883/1658 2013/2884/1659
f 2012/2883/1658 2014/2885/1660 2013/2884/1659
f 2015/2886/1661 2016/2887/1662 2014/2885/1660
f 2016/2887/1662 2017/2888/1663 2018/2889/1664
f 2018/2889/1664 1987/2855/1631 1989/2857/1633
f 2033/2890/1665 2002/2871/1647 2019/2891/1666
f 1958/2822/1599 1981/2847/1624 1972/2838/1615
f 1968/2834/1611 1986/2854/1630 1959/2823/1600
f 1968/2834/1611 1967/2833/1610 1986/2854/1630
f 1958/2822/1599 1960/2824/1601 2020/2892/1667
f 1961/2825/1602 1968/2893/1611 2021/2894/1668
f 2022/2895/1669 2023/2829/1606 1958/2896/1599
f 2024/2897/1670 1959/2898/1600 2025/2899/1671
f 2026/2900/1629 1981/2901/1624 1980/2902/1623
f 1970/2903/1613 2041/2904/1672 1979/2905/1622
f 2020/2906/1667 2019/2907/1666 1965/2908/1608
f 2027/2909/1673 1967/2910/1610 1966/2911/1609
f 1983/2912/1626 1972/2838/1615 1985/2913/1628
f 2039/2914/1674 2028/2915/1644 1969/2835/1612
f 1971/2916/1614 2029/2917/1604 2030/2820/1597
f 2031/2918/1675 1986/2854/1630 1976/2919/1619
f 2032/2920/1656 2033/2921/1665 1960/2824/1601
f 2034/2922/1676 1961/2825/1602 2021/2894/1668
f 1957/2923/1596 2023/2829/1606 2022/2895/1669
f 2024/2897/1670 1963/2924/1605 2035/2925/1677
f 1958/2822/1599 2025/2926/1671 1959/2823/1600
f 2021/2927/1668 1959/2823/1600 2024/2928/1670
f 2022/2929/1669 1971/2837/1614 2030/2930/1597
f 1968/2834/1611 2029/2931/1604 1971/2837/1614
f 2030/2820/1597 1962/2932/1603 2036/2821/1598
f 2039/2914/1674 1972/2838/1615 1983/2912/1626
f 2032/2920/1656 1986/2854/1630 2031/2918/1675
f 1985/2913/1628 1981/2847/1624 2026/2933/1629
f 1970/2836/1613 2028/2915/1644 2041/2934/1672
f 2033/2921/1665 2020/2892/1667 1960/2824/1601
f 1967/2833/1610 1976/2919/1619 1986/2854/1630
f 2032/2880/1656 2000/2935/1645 2033/2936/1665
f 1978/2937/1621 2031/2938/1675 1976/2939/1619
f 2010/2940/1655 1983/2849/1626 1985/2941/1628
f 2037/2942/1678 1974/2943/1617 2010/2879/1655
f 2008/2944/1653 1975/2841/1618 2037/2945/1678
f 2005/2946/1650 1997/2865/1641 2008/2944/1653
f 2005/2946/1650 1993/2861/1637 1995/2863/1639
f 2003/2947/1648 1992/2860/1636 1993/2861/1637
f 2038/2948/1679 1990/2949/1634 1992/2950/1636
f 2039/2951/1674 1988/2952/1632 2028/2953/1644
f 1982/2954/1625 1989/2857/1633 1988/2856/1632
f 1973/2839/1616 2018/2955/1664 1989/2956/1633
f 1998/2866/1642 2016/2957/1662 2018/2955/1664
f 1994/2862/1638 2016/2957/1662 1996/2864/1640
f 1991/2859/1635 2014/2958/1660 1994/2862/1638
f 2011/2959/1657 2013/2884/1659 1991/2960/1635
f 2034/2961/1676 2024/2897/1670 2035/2925/1677
f 1967/2833/1610 1968/2834/1611 1958/2822/1599
f 1958/2822/1599 2020/2892/1667 1967/2833/1610
f 2020/2892/1667 1965/2831/1608 1967/2833/1610
f 1981/2847/1624 1958/2822/1599 1968/2834/1611
f 1968/2834/1611 1970/2836/1613 1981/2847/1624
f 1970/2836/1613 1979/2845/1622 1981/2847/1624
f 1957/2819/1596 2022/2962/1669 2030/2820/1597
f 1961/2825/1602 2040/2963/1680 1962/2826/1603
f 1963/2828/1605 2025/2964/1671 2023/2829/1606
f 1973/2839/1616 1982/2965/1625 1974/2840/1617
f 1976/2842/1619 2027/2966/1673 1977/2843/1620
f 1982/2848/1625 2039/2951/1674 1983/2849/1626
f 1984/2851/1627 2010/2879/1655 1985/2852/1628
f 1987/2855/1631 1999/2867/1643 1988/2856/1632
f 1990/2858/1634 2011/2967/1657 1991/2859/1635
f 1991/2859/1635 1994/2862/1638 1993/2861/1637
f 1994/2862/1638 1996/2864/1640 1995/2863/1639
f 1996/2864/1640 1998/2866/1642 1997/2865/1641
f 1998/2866/1642 1973/2839/1616 1975/2841/1618
f 1999/2867/1643 2041/2968/1672 2028/2868/1644
f 2000/2869/1645 2038/2948/1679 2001/2870/1646
f 2001/2870/1646 2038/2948/1679 2003/2872/1648
f 2004/2873/1649 2003/2872/1648 2005/2874/1650
f 2005/2874/1650 2008/2877/1653 2007/2876/1652
f 2008/2877/1653 2037/2942/1678 2009/2878/1654
f 2009/2878/1654 2037/2942/1678 2010/2879/1655
f 2032/2880/1656 2031/2938/1675 2011/2881/1657
f 1978/2844/1621 1977/2843/1620 2012/2883/1658
f 2012/2883/1658 2015/2886/1661 2014/2885/1660
f 2015/2886/1661 2042/2969/1681 2016/2887/1662
f 2016/2887/1662 2042/2969/1681 2017/2888/1663
f 2018/2889/1664 2017/2888/1663 1987/2855/1631
f 2033/2890/1665 2000/2869/1645 2002/2871/1647
f 2034/2922/1676 2040/2963/1680 1961/2825/1602
f 1957/2923/1596 1964/2830/1607 2023/2829/1606
f 2024/2897/1670 2025/2899/1671 1963/2924/1605
f 1958/2822/1599 2023/2970/1606 2025/2926/1671
f 2021/2927/1668 1968/2834/1611 1959/2823/1600
f 2022/2929/1669 1958/2822/1599 1971/2837/1614
f 1968/2834/1611 1961/2971/1602 2029/2931/1604
f 2030/2820/1597 2029/2917/1604 1962/2932/1603
f 2039/2914/1674 1969/2835/1612 1972/2838/1615
f 2032/2920/1656 1960/2824/1601 1986/2854/1630
f 1985/2913/1628 1972/2838/1615 1981/2847/1624
f 1970/2836/1613 1969/2835/1612 2028/2915/1644
f 2033/2921/1665 2019/2972/1666 2020/2892/1667
f 1967/2833/1610 2027/2973/1673 1976/2919/1619
f 2032/2880/1656 1990/2882/1634 2000/2935/1645
f 1978/2937/1621 2011/2881/1657 2031/2938/1675
f 2010/2940/1655 1974/2850/1617 1983/2849/1626
f 2037/2942/1678 1975/2974/1618 1974/2943/1617
f 2008/2944/1653 1997/2865/1641 1975/2841/1618
f 2005/2946/1650 1995/2863/1639 1997/2865/1641
f 2005/2946/1650 2003/2947/1648 1993/2861/1637
f 2003/2947/1648 2038/2975/1679 1992/2860/1636
f 2038/2948/1679 2000/2869/1645 1990/2949/1634
f 2039/2951/1674 1982/2848/1625 1988/2952/1632
f 1982/2954/1625 1973/2976/1616 1989/2857/1633
f 1973/2839/1616 1998/2866/1642 2018/2955/1664
f 1998/2866/1642 1996/2864/1640 2016/2957/1662
f 1994/2862/1638 2014/2958/1660 2016/2957/1662
f 1991/2859/1635 2013/2977/1659 2014/2958/1660
f 2011/2959/1657 1978/2844/1621 2013/2884/1659
f 2034/2961/1676 2021/2978/1668 2024/2897/1670
f 2043/2979/1682 2044/2980/1683 2045/2981/1651
f 2046/2982/1684 2047/2983/1685 2044/2980/1683
f 2048/2984/1686 2049/2985/1687 2047/2986/1685
f 2050/2987/1688 2051/2988/1689 2049/2985/1687
f 2051/2988/1689 2052/2989/1690 2053/2990/1691
f 2053/2991/1691 2054/2992/1692 2055/2993/1681
f 2054/2992/1692 2056/2994/1693 2055/2993/1681
f 2057/2995/1694 2058/2996/1695 2056/2994/1693
f 2058/2997/1695 2059/2998/1696 2060/2999/1697
f 2060/2999/1697 2061/3000/1698 2062/3001/1699
f 2061/3000/1698 2063/3002/1700 2062/3001/1699
f 2063/3003/1700 2043/2979/1682 2045/2981/1651
f 2064/3004/1701 2046/2982/1684 2043/2979/1682
f 2046/3005/1684 2065/3006/1702 2048/2984/1686
f 2048/2984/1686 2066/3007/1703 2050/2987/1688
f 2066/3007/1703 2067/3008/1704 2050/2987/1688
f 2067/3008/1704 2068/3009/1705 2052/2989/1690
f 2052/3010/1690 2069/3011/1706 2054/2992/1692
f 2069/3011/1706 2057/2995/1694 2054/2992/1692
f 2070/3012/1707 2071/3013/1708 2057/3014/1694
f 2071/3013/1708 2072/3015/1709 2059/2998/1696
f 2072/3015/1709 2061/3000/1698 2059/2998/1696
f 2073/3016/1710 2074/3017/1711 2061/3000/1698
f 2074/3018/1711 2064/3004/1701 2043/2979/1682
f 2075/3019/1712 2076/3020/1713 2064/3004/1701
f 2076/3021/1713 2077/3022/1714 2065/3006/1702
f 2077/3022/1714 2066/3007/1703 2065/3006/1702
f 2066/3007/1703 2078/3023/1715 2079/3024/1716
f 2079/3024/1716 2080/3025/1717 2068/3009/1705
f 2080/3026/1717 2069/3011/1706 2068/3027/1705
f 2069/3011/1706 2081/3028/1718 2070/3029/1707
f 2081/3030/1718 2082/3031/1719 2070/3012/1707
f 2083/3032/1720 2072/3015/1709 2082/3031/1719
f 2072/3015/1709 2084/3033/1721 2073/3016/1710
f 2084/3033/1721 2085/3034/1722 2073/3016/1710
f 2085/3035/1722 2075/3019/1712 2064/3004/1701
f 2075/3019/1712 2086/3036/1723 2087/3037/1724
f 2086/3038/1723 2077/3022/1714 2087/3039/1724
f 2077/3022/1714 2088/3040/1725 2089/3041/1726
f 2089/3041/1726 2090/3042/1727 2078/3023/1715
f 2090/3042/1727 2080/3025/1717 2078/3023/1715
f 2080/3026/1717 2091/3043/1728 2092/3044/1729
f 2091/3043/1728 2081/3028/1718 2092/3044/1729
f 2081/3030/1718 2093/3045/1730 2083/3032/1720
f 2093/3045/1730 2094/3046/1731 2083/3032/1720
f 2095/3047/1732 2084/3033/1721 2094/3046/1731
f 2084/3033/1721 2096/3048/1733 2097/3049/1734
f 2096/3050/1733 2075/3019/1712 2097/3051/1734
f 2098/3052/1735 2099/3053/1736 2086/3054/1723
f 2099/3055/1736 2100/3056/1737 2086/3038/1723
f 2100/3056/1737 2101/3057/1738 2088/3040/1725
f 2088/3040/1725 2102/3058/1739 2090/3042/1727
f 2090/3042/1727 2103/3059/1740 2104/3060/1741
f 2104/3061/1741 2105/3062/1742 2091/3063/1728
f 2105/3062/1742 2106/3064/1743 2091/3063/1728
f 2107/3065/1744 2093/3045/1730 2106/3066/1743
f 2108/3067/1745 2095/3047/1732 2093/3045/1730
f 2109/3068/1746 2110/3069/1747 2095/3047/1732
f 2110/3069/1747 2111/3070/1748 2096/3048/1733
f 2111/3071/1748 2098/3052/1735 2096/3072/1733
f 2112/3073/1749 2099/3053/1736 2113/3074/1750
f 2114/3075/1751 2115/3076/1752 2099/3055/1736
f 2115/3076/1752 2116/3077/1753 2101/3057/1738
f 2116/3077/1753 2102/3058/1739 2101/3057/1738
f 2102/3058/1739 2117/3078/1754 2103/3059/1740
f 2103/3079/1740 2118/3080/1755 2105/3062/1742
f 2118/3080/1755 2107/3081/1744 2105/3062/1742
f 2119/3082/1756 2108/3067/1745 2107/3065/1744
f 2108/3067/1745 2120/3083/1757 2109/3068/1746
f 2120/3083/1757 2121/3084/1758 2109/3068/1746
f 2121/3084/1758 2122/3085/1759 2111/3070/1748
f 2122/3086/1759 2113/3074/1750 2111/3071/1748
f 2123/3087/1760 2114/3088/1751 2112/3073/1749
f 2124/3089/1761 2125/3090/1762 2114/3088/1751
f 2125/3091/1762 2126/3092/1763 2116/3077/1753
f 2126/3092/1763 2127/3093/1764 2116/3077/1753
f 2128/3094/1765 2117/3078/1754 2127/3093/1764
f 2129/3095/1766 2118/3080/1755 2117/3096/1754
f 2118/3080/1755 2130/3097/1767 2119/3098/1756
f 2119/3098/1756 2131/3099/1768 2132/3100/1769
f 2131/3101/1768 2120/3083/1757 2132/3102/1769
f 2133/3103/1770 2134/3104/1771 2120/3083/1757
f 2134/3104/1771 2135/3105/1772 2122/3085/1759
f 2135/3106/1772 2112/3073/1749 2122/3086/1759
f 2123/3087/1760 2136/3107/1773 2124/3089/1761
f 2124/3089/1761 2137/3108/1774 2138/3109/1775
f 2137/3110/1774 2126/3092/1763 2138/3111/1775
f 2139/3112/1776 2128/3094/1765 2126/3092/1763
f 2128/3094/1765 2140/3113/1777 2129/3114/1766
f 2140/3115/1777 2141/3116/1778 2129/3095/1766
f 2141/3116/1778 2142/3117/1779 2130/3097/1767
f 2142/3117/1779 2131/3099/1768 2130/3097/1767
f 2143/3118/1780 2133/3103/1770 2131/3101/1768
f 2133/3103/1770 2144/3119/1781 2145/3120/1782
f 2144/3119/1781 2135/3105/1772 2145/3120/1782
f 2146/3121/1783 2123/3087/1760 2135/3106/1772
f 2147/3122/1784 2136/3107/1773 2148/3123/1785
f 2149/3124/1786 2137/3108/1774 2136/3107/1773
f 2150/3125/1787 2139/3112/1776 2137/3110/1774
f 2151/3126/1788 2152/3127/1789 2139/3112/1776
f 2153/3128/1790 2140/3113/1777 2152/3127/1789
f 2154/3129/1791 2155/3130/1792 2140/3115/1777
f 2164/3131/1793 2142/3117/1779 2155/3130/1792
f 2142/3117/1779 2156/3132/1794 2143/3133/1780
f 2143/3118/1780 2157/3134/1795 2158/3135/1796
f 2158/3135/1796 2159/3136/1797 2144/3119/1781
f 2144/3119/1781 2160/3137/1798 2146/3138/1783
f 2160/3139/1798 2148/3123/1785 2146/3121/1783
f 2147/3122/1784 2161/3140/1799 2149/3124/1786
f 2161/3140/1799 2150/3141/1787 2149/3124/1786
f 2150/3125/1787 2162/3142/1800 2151/3126/1788
f 2162/3142/1800 2153/3128/1790 2151/3126/1788
f 2153/3128/1790 2163/3143/1801 2154/3144/1791
f 2154/3129/1791 2165/3145/1802 2164/3131/1793
f 2165/3145/1802 2166/3146/1803 2164/3131/1793
f 2167/3147/1804 2156/3132/1794 2166/3146/1803
f 2168/3148/1805 2157/3134/1795 2156/3149/1794
f 2169/3150/1806 2159/3136/1797 2157/3134/1795
f 2170/3151/1807 2160/3137/1798 2159/3136/1797
f 2171/3152/1808 2147/3122/1784 2160/3139/1798
f 2172/3153/1809 2173/3154/1810 2161/3140/1799
f 2161/3155/1799 2174/3156/1811 2175/3157/1812
f 2174/3156/1811 2162/3142/1800 2175/3157/1812
f 2176/3158/1813 2177/3159/1814 2162/3142/1800
f 2178/3160/1815 2163/3143/1801 2177/3159/1814
f 2179/3161/1816 2165/3145/1802 2163/3162/1801
f 2165/3145/1802 2180/3163/1817 2167/3147/1804
f 2167/3164/1804 2181/3165/1818 2168/3148/1805
f 2168/3148/1805 2182/3166/1819 2169/3150/1806
f 2169/3150/1806 2183/3167/1820 2170/3151/1807
f 2183/3167/1820 2171/3168/1808 2170/3151/1807
f 2184/3169/1821 2172/3153/1809 2171/3152/1808
f 2185/3170/1822 2173/3154/1810 2186/3171/1823
f 2173/3172/1810 2187/3173/1824 2174/3156/1811
f 2187/3173/1824 2176/3158/1813 2174/3156/1811
f 2176/3158/1813 2188/3174/1825 2178/3160/1815
f 2188/3174/1825 2179/3175/1816 2178/3160/1815
f 2179/3161/1816 2189/3176/1826 2190/3177/1827
f 2189/3176/1826 2180/3163/1817 2190/3177/1827
f 2191/3178/1828 2181/3165/1818 2180/3179/1817
f 2192/3180/1829 2182/3166/1819 2181/3165/1818
f 2182/3166/1819 2193/3181/1830 2183/3167/1820
f 2193/3181/1830 2184/3182/1821 2183/3167/1820
f 2194/3183/1831 2186/3171/1823 2184/3169/1821
f 2195/3184/1832 2196/3185/1833 2185/3186/1822
f 2196/3187/1833 2197/3188/1834 2187/3173/1824
f 2197/3188/1834 2198/3189/1835 2187/3173/1824
f 2198/3189/1835 2199/3190/1836 2188/3174/1825
f 2199/3190/1836 2200/3191/1837 2188/3174/1825
f 2200/3192/1837 2201/3193/1838 2189/3194/1826
f 2201/3193/1838 2191/3195/1828 2189/3194/1826
f 2191/3178/1828 2202/3196/1839 2192/3180/1829
f 2202/3196/1839 2203/3197/1840 2192/3180/1829
f 2203/3197/1840 2204/3198/1841 2193/3181/1830
f 2204/3198/1841 2194/3199/1831 2193/3181/1830
f 2194/3200/1831 2195/3184/1832 2185/3186/1822
f 2205/3201/1842 2206/3202/1843 2195/3184/1832
f 2207/3203/1844 2197/3188/1834 2206/3204/1843
f 2197/3188/1834 2208/3205/1845 2209/3206/1846
f 2209/3206/1846 2210/3207/1847 2199/3190/1836
f 2210/3207/1847 2211/3208/1848 2199/3190/1836
f 2212/3209/1849 2201/3193/1838 2211/3210/1848
f 2201/3193/1838 2213/3211/1850 2214/3212/1851
f 2214/3213/1851 2215/3214/1852 2202/3196/1839
f 2215/3214/1852 2216/3215/1853 2202/3196/1839
f 2217/3216/1854 2204/3198/1841 2216/3215/1853
f 2204/3198/1841 2218/3217/1855 2219/3218/1856
f 2218/3219/1855 2195/3184/1832 2219/3220/1856
f 2205/3201/1842 2220/3221/1857 2207/3222/1844
f 2207/3203/1844 2221/3223/1858 2222/3224/1859
f 2221/3223/1858 2208/3205/1845 2222/3224/1859
f 2223/3225/1860 2210/3207/1847 2208/3205/1845
f 2224/3226/1861 2212/3227/1849 2210/3207/1847
f 2212/3209/1849 2226/3228/1862 2225/3229/1863
f 2226/3228/1862 2213/3211/1850 2225/3229/1863
f 2213/3230/1850 2227/3231/1864 2215/3214/1852
f 2227/3231/1864 2217/3216/1854 2215/3214/1852
f 2217/3216/1854 2228/3232/1865 2229/3233/1866
f 2228/3232/1865 2218/3217/1855 2229/3233/1866
f 2230/3234/1867 2205/3201/1842 2218/3219/1855
f 2231/3235/1868 2232/3236/1869 2220/3221/1857
f 2232/3237/1869 2221/3223/1858 2220/3238/1857
f 2221/3223/1858 2233/3239/1870 2223/3225/1860
f 2233/3239/1870 2224/3226/1861 2223/3225/1860
f 2234/3240/1871 2235/3241/1872 2224/3242/1861
f 2235/3241/1872 2236/3243/1873 2226/3228/1862
f 2236/3243/1873 2237/3244/1874 2226/3228/1862
f 2237/3245/1874 2238/3246/1875 2227/3231/1864
f 2227/3231/1864 2239/3247/1876 2240/3248/1877
f 2239/3247/1876 2228/3232/1865 2240/3248/1877
f 2228/3249/1865 2241/3250/1878 2230/3234/1867
f 2241/3250/1878 2231/3235/1868 2230/3234/1867
f 2242/3251/1879 2252/3252/1880 2232/3236/1869
f 2252/3253/1880 2243/3254/1881 2232/3237/1869
f 2243/3254/1881 2244/3255/1882 2233/3239/1870
f 2233/3239/1870 2255/3256/1883 2234/3257/1871
f 2234/3240/1871 2257/3258/1884 2245/3259/1885
f 2257/3258/1884 2236/3243/1873 2245/3259/1885
f 2236/3243/1873 2259/3260/1886 2246/3261/1887
f 2259/3262/1886 2238/3246/1875 2246/3263/1887
f 2261/3264/1888 2239/3247/1876 2238/3246/1875
f 2247/3265/1889 2248/3266/1890 2239/3247/1876
f 2248/3267/1890 2249/3268/1891 2241/3250/1878
f 2249/3268/1891 2242/3251/1879 2241/3250/1878
f 2250/3269/1692 2251/3270/1892 2252/3252/1880
f 2251/3271/1892 2253/3272/1893 2252/3253/1880
f 2253/3272/1893 2254/3273/1894 2244/3255/1882
f 2254/3273/1894 2255/3256/1883 2244/3255/1882
f 2255/3256/1883 2256/3274/1895 2257/3275/1884
f 2256/3276/1895 2258/3277/1682 2257/3258/1884
f 2271/3278/1701 2259/3260/1886 2258/3277/1682
f 2260/3279/1896 2261/3264/1888 2259/3262/1886
f 2261/3264/1888 2262/3280/1897 2247/3265/1889
f 2262/3280/1897 2426/3281/1898 2247/3265/1889
f 2426/3281/1898 2263/3282/1899 2249/3283/1891
f 2263/3284/1899 2250/3269/1692 2249/3268/1891
f 2264/3285/1706 2265/3286/1900 2251/3270/1892
f 2265/3287/1900 2266/3288/1901 2251/3271/1892
f 2266/3288/1901 2267/3289/1902 2254/3273/1894
f 2254/3273/1894 2268/3290/1903 2269/3291/1904
f 2269/3291/1904 2270/3292/1905 2256/3274/1895
f 2270/3293/1905 2271/3278/1701 2256/3276/1895
f 2271/3278/1701 2272/3294/1906 2260/3295/1896
f 2272/3296/1906 2273/3297/1907 2260/3279/1896
f 2274/3298/1908 2262/3280/1897 2273/3297/1907
f 2275/3299/1909 2276/3300/1910 2262/3280/1897
f 2277/3301/1911 2263/3282/1899 2276/3300/1910
f 2278/3302/1912 2264/3285/1706 2263/3284/1899
f 2279/3303/1728 2265/3286/1900 2280/3304/1729
f 2265/3287/1900 2281/3305/1913 2282/3306/1914
f 2281/3305/1913 2267/3289/1902 2282/3306/1914
f 2267/3289/1902 2283/3307/1915 2268/3290/1903
f 2268/3290/1903 2284/3308/1916 2270/3292/1905
f 2284/3309/1916 2285/3310/1712 2270/3293/1905
f 2285/3310/1712 2286/3311/1917 2272/3294/1906
f 2286/3312/1917 2274/3298/1908 2272/3296/1906
f 2287/3313/1918 2275/3299/1909 2274/3298/1908
f 2275/3299/1909 2288/3314/1919 2277/3301/1911
f 2288/3314/1919 2278/3315/1912 2277/3301/1911
f 2278/3302/1912 2279/3303/1728 2280/3304/1729
f 2289/3316/1920 2290/3317/1921 2279/3318/1728
f 2290/3319/1921 2291/3320/1922 2281/3305/1913
f 2291/3320/1922 2292/3321/1923 2281/3305/1913
f 2293/3322/1924 2283/3307/1915 2292/3321/1923
f 2283/3307/1915 2294/3323/1925 2284/3308/1916
f 2284/3324/1916 2295/3325/1926 2296/3326/1735
f 2295/3325/1926 2286/3327/1917 2296/3326/1735
f 2297/3328/1927 2287/3313/1918 2286/3312/1917
f 2287/3313/1918 2298/3329/1928 2299/3330/1929
f 2298/3329/1928 2288/3314/1919 2299/3330/1929
f 2300/3331/1930 2301/3332/1931 2288/3314/1919
f 2301/3333/1931 2289/3316/1920 2279/3318/1728
f 2289/3334/1920 2302/3335/1932 2303/3336/1933
f 2303/3337/1933 2304/3338/1934 2291/3320/1922
f 2291/3320/1922 2305/3339/1935 2293/3322/1924
f 2293/3322/1924 2306/3340/1936 2307/3341/1937
f 2307/3342/1937 2308/3343/1938 2294/3344/1925
f 2294/3344/1925 2309/3345/1939 2295/3325/1926
f 2309/3345/1939 2297/3346/1927 2295/3325/1926
f 2310/3347/1940 2311/3348/1941 2297/3346/1927
f 2312/3349/1942 2298/3329/1928 2311/3350/1941
f 2313/3351/1943 2300/3331/1930 2298/3329/1928
f 2314/3352/1944 2315/3353/1945 2300/3331/1930
f 2316/3354/1946 2289/3334/1920 2315/3355/1945
f 2317/3356/1947 2318/3357/1948 2319/3358/1949
f 2320/3359/1950 2321/3360/1951 2318/3361/1948
f 2322/3362/1952 2323/3363/1953 2321/3360/1951
f 2324/3364/1954 2325/3365/1955 2323/3363/1953
f 2326/3366/1956 2327/3367/1957 2325/3368/1955
f 2328/3369/1958 2329/3370/1959 2327/3367/1957
f 2329/3370/1959 2330/3371/1960 2331/3372/1961
f 2331/3372/1961 2332/3373/1962 2333/3374/1963
f 2333/3375/1963 2334/3376/1964 2335/3377/1965
f 2335/3377/1965 2336/3378/1966 2337/3379/1967
f 2337/3379/1967 2338/3380/1968 2339/3381/1969
f 2339/3382/1969 2317/3356/1947 2319/3358/1949
f 2317/3383/1947 2340/3384/1970 2320/3385/1950
f 2340/3386/1970 2322/3362/1952 2320/3359/1950
f 2341/3387/1971 2324/3364/1954 2322/3362/1952
f 2342/3388/1972 2326/3389/1956 2324/3364/1954
f 2343/3390/1973 2328/3391/1958 2326/3389/1956
f 2344/3392/1974 2345/3393/1975 2328/3369/1958
f 2345/3393/1975 2346/3394/1976 2330/3371/1960
f 2330/3395/1960 2347/3396/1977 2332/3397/1962
f 2332/3397/1962 2348/3398/1978 2334/3376/1964
f 2334/3376/1964 2349/3399/1979 2336/3378/1966
f 2336/3378/1966 2350/3400/1980 2338/3380/1968
f 2350/3401/1980 2317/3383/1947 2338/3402/1968
f 2351/3403/1838 2340/3404/1970 2352/3405/1826
f 2340/3386/1970 2353/3406/1981 2341/3387/1971
f 2353/3406/1981 2342/3388/1972 2341/3387/1971
f 2354/3407/1982 2343/3390/1973 2342/3388/1972
f 2343/3390/1973 2355/3408/1983 2344/3409/1974
f 2355/3410/1983 2356/3411/1822 2344/3412/1974
f 2356/3411/1822 2357/3413/1984 2346/3414/1976
f 2357/3415/1984 2347/3396/1977 2346/3416/1976
f 2347/3396/1977 2358/3417/1985 2348/3398/1978
f 2358/3417/1985 2349/3399/1979 2348/3398/1978
f 2359/3418/1986 2350/3400/1980 2349/3399/1979
f 2350/3419/1980 2351/3403/1838 2352/3405/1826
f 2351/3403/1838 2360/3420/1987 2361/3421/1988
f 2360/3422/1987 2353/3406/1981 2361/3423/1988
f 2353/3406/1981 2362/3424/1989 2354/3407/1982
f 2362/3424/1989 2363/3425/1990 2354/3407/1982
f 2363/3425/1990 2364/3426/1991 2355/3408/1983
f 2364/3427/1991 2365/3428/1832 2355/3410/1983
f 2365/3428/1832 2366/3429/1992 2357/3413/1984
f 2366/3430/1992 2367/3431/1993 2357/3415/1984
f 2367/3431/1993 2368/3432/1994 2358/3417/1985
f 2368/3432/1994 2359/3418/1986 2358/3417/1985
f 2359/3418/1986 2369/3433/1995 2370/3434/1996
f 2369/3435/1995 2351/3403/1838 2370/3436/1996
f 2371/3437/1997 2372/3438/1998 2360/3420/1987
f 2372/3439/1998 2373/3440/1999 2360/3422/1987
f 2373/3440/1999 2374/3441/2000 2362/3424/1989
f 2362/3424/1989 2375/3442/2001 2376/3443/2002
f 2376/3443/2002 2377/3444/2003 2364/3426/1991
f 2377/3445/2003 2378/3446/2004 2364/3427/1991
f 2378/3446/2004 2379/3447/2005 2366/3429/1992
f 2379/3448/2005 2380/3449/2006 2366/3430/1992
f 2381/3450/2007 2368/3432/1994 2380/3449/2006
f 2382/3451/2008 2383/3452/2009 2368/3432/1994
f 2383/3452/2009 2384/3453/2010 2369/3433/1995
f 2384/3454/2010 2371/3437/1997 2369/3435/1995
f 2045/2981/1651 2372/3438/1998 2385/3455/2011
f 2372/3438/1998 2047/2983/1685 2386/3456/2012
f 2047/2986/1685 2374/3441/2000 2386/3457/2012
f 2374/3441/2000 2051/2988/1689 2375/3442/2001
f 2051/2988/1689 2377/3444/2003 2375/3442/2001
f 2053/2991/1691 2387/3458/2013 2377/3445/2003
f 2387/3458/2013 2056/2994/1693 2379/3447/2005
f 2379/3447/2005 2058/2996/1695 2381/3459/2007
f 2058/2997/1695 2382/3451/2008 2381/3450/2007
f 2382/3451/2008 2062/3001/1699 2388/3460/2014
f 2062/3001/1699 2384/3453/2010 2388/3460/2014
f 2063/3003/1700 2385/3455/2011 2384/3454/2010
f 2389/3461/2015 2390/3462/2016 2302/3463/1932
f 2302/3464/1932 2391/3465/2017 2304/3338/1934
f 2304/3338/1934 2392/3466/2018 2305/3339/1935
f 2305/3339/1935 2393/3467/2019 2306/3340/1936
f 2306/3468/1936 2394/3469/2020 2308/3343/1938
f 2308/3343/1938 2395/3470/2021 2309/3345/1939
f 2395/3470/2021 2310/3347/1940 2309/3345/1939
f 2396/3471/2022 2312/3349/1942 2310/3472/1940
f 2397/3473/2023 2313/3351/1943 2312/3349/1942
f 2398/3474/2024 2314/3352/1944 2313/3351/1943
f 2399/3475/2025 2316/3476/1946 2314/3477/1944
f 2400/3478/2026 2389/3461/2015 2316/3476/1946
f 2401/3479/1792 2390/3462/2016 2402/3480/1778
f 2403/3481/2027 2391/3465/2017 2390/3482/2016
f 2391/3465/2017 2404/3483/2028 2392/3466/2018
f 2392/3466/2018 2405/3484/2029 2393/3467/2019
f 2405/3485/2029 2394/3469/2020 2393/3486/2019
f 2406/3487/2030 2395/3470/2021 2394/3469/2020
f 2407/3488/1785 2396/3489/2022 2395/3470/2021
f 2396/3471/2022 2408/3490/2031 2397/3473/2023
f 2408/3490/2031 2398/3474/2024 2397/3473/2023
f 2409/3491/2032 2399/3492/2025 2398/3474/2024
f 2399/3475/2025 2410/3493/2033 2400/3478/2026
f 2400/3478/2026 2401/3479/1792 2402/3480/1778
f 2401/3479/1792 2411/3494/2034 2403/3495/2027
f 2403/3481/2027 2412/3496/2035 2413/3497/2036
f 2413/3497/2036 2414/3498/2037 2404/3483/2028
f 2414/3498/2037 2405/3484/2029 2404/3483/2028
f 2415/3499/2038 2406/3487/2030 2405/3485/2029
f 2416/3500/2039 2407/3488/1785 2406/3487/2030
f 2407/3488/1785 2417/3501/2040 2418/3502/2041
f 2418/3503/2041 2419/3504/2042 2408/3490/2031
f 2408/3490/2031 2420/3505/2043 2409/3491/2032
f 2420/3505/2043 2421/3506/2044 2409/3491/2032
f 2422/3507/2045 2410/3493/2033 2421/3508/2044
f 2423/3509/2046 2401/3479/1792 2410/3493/2033
f 2319/3510/1949 2411/3494/2034 2424/3511/1793
f 2318/3361/1948 2412/3496/2035 2411/3512/2034
f 2321/3360/1951 2414/3498/2037 2412/3496/2035
f 2323/3363/1953 2415/3513/2038 2414/3498/2037
f 2325/3368/1955 2416/3500/2039 2415/3499/2038
f 2327/3367/1957 2425/3514/2047 2416/3500/2039
f 2425/3514/2047 2331/3372/1961 2417/3501/2040
f 2417/3515/2040 2333/3375/1963 2419/3504/2042
f 2419/3504/2042 2335/3377/1965 2420/3505/2043
f 2420/3505/2043 2337/3379/1967 2422/3516/2045
f 2422/3507/2045 2339/3517/1969 2423/3509/2046
f 2423/3509/2046 2319/3510/1949 2424/3511/1793
f 2043/2979/1682 2046/2982/1684 2044/2980/1683
f 2046/2982/1684 2048/3518/1686 2047/2983/1685
f 2048/2984/1686 2050/2987/1688 2049/2985/1687
f 2050/2987/1688 2067/3008/1704 2051/2988/1689
f 2051/2988/1689 2067/3008/1704 2052/2989/1690
f 2053/2991/1691 2052/3010/1690 2054/2992/1692
f 2054/2992/1692 2057/2995/1694 2056/2994/1693
f 2057/2995/1694 2071/3519/1708 2058/2996/1695
f 2058/2997/1695 2071/3013/1708 2059/2998/1696
f 2060/2999/1697 2059/2998/1696 2061/3000/1698
f 2061/3000/1698 2074/3017/1711 2063/3002/1700
f 2063/3003/1700 2074/3018/1711 2043/2979/1682
f 2064/3004/1701 2076/3020/1713 2046/2982/1684
f 2046/3005/1684 2076/3021/1713 2065/3006/1702
f 2048/2984/1686 2065/3006/1702 2066/3007/1703
f 2066/3007/1703 2079/3024/1716 2067/3008/1704
f 2067/3008/1704 2079/3024/1716 2068/3009/1705
f 2052/3010/1690 2068/3027/1705 2069/3011/1706
f 2069/3011/1706 2070/3029/1707 2057/2995/1694
f 2070/3012/1707 2082/3031/1719 2071/3013/1708
f 2071/3013/1708 2082/3031/1719 2072/3015/1709
f 2072/3015/1709 2073/3016/1710 2061/3000/1698
f 2073/3016/1710 2085/3034/1722 2074/3017/1711
f 2074/3018/1711 2085/3035/1722 2064/3004/1701
f 2075/3019/1712 2087/3037/1724 2076/3020/1713
f 2076/3021/1713 2087/3039/1724 2077/3022/1714
f 2077/3022/1714 2089/3041/1726 2066/3007/1703
f 2066/3007/1703 2089/3041/1726 2078/3023/1715
f 2079/3024/1716 2078/3023/1715 2080/3025/1717
f 2080/3026/1717 2092/3044/1729 2069/3011/1706
f 2069/3011/1706 2092/3044/1729 2081/3028/1718
f 2081/3030/1718 2083/3032/1720 2082/3031/1719
f 2083/3032/1720 2094/3046/1731 2072/3015/1709
f 2072/3015/1709 2094/3046/1731 2084/3033/1721
f 2084/3033/1721 2097/3049/1734 2085/3034/1722
f 2085/3035/1722 2097/3051/1734 2075/3019/1712
f 2075/3019/1712 2098/3520/1735 2086/3036/1723
f 2086/3038/1723 2100/3056/1737 2077/3022/1714
f 2077/3022/1714 2100/3056/1737 2088/3040/1725
f 2089/3041/1726 2088/3040/1725 2090/3042/1727
f 2090/3042/1727 2104/3060/1741 2080/3025/1717
f 2080/3026/1717 2104/3521/1741 2091/3043/1728
f 2091/3043/1728 2106/3522/1743 2081/3028/1718
f 2081/3030/1718 2106/3066/1743 2093/3045/1730
f 2093/3045/1730 2095/3047/1732 2094/3046/1731
f 2095/3047/1732 2110/3069/1747 2084/3033/1721
f 2084/3033/1721 2110/3069/1747 2096/3048/1733
f 2096/3050/1733 2098/3520/1735 2075/3019/1712
f 2098/3052/1735 2113/3074/1750 2099/3053/1736
f 2099/3055/1736 2115/3076/1752 2100/3056/1737
f 2100/3056/1737 2115/3076/1752 2101/3057/1738
f 2088/3040/1725 2101/3057/1738 2102/3058/1739
f 2090/3042/1727 2102/3058/1739 2103/3059/1740
f 2104/3061/1741 2103/3079/1740 2105/3062/1742
f 2105/3062/1742 2107/3081/1744 2106/3064/1743
f 2107/3065/1744 2108/3067/1745 2093/3045/1730
f 2108/3067/1745 2109/3068/1746 2095/3047/1732
f 2109/3068/1746 2121/3084/1758 2110/3069/1747
f 2110/3069/1747 2121/3084/1758 2111/3070/1748
f 2111/3071/1748 2113/3074/1750 2098/3052/1735
f 2112/3073/1749 2114/3088/1751 2099/3053/1736
f 2114/3075/1751 2125/3091/1762 2115/3076/1752
f 2115/3076/1752 2125/3091/1762 2116/3077/1753
f 2116/3077/1753 2127/3093/1764 2102/3058/1739
f 2102/3058/1739 2127/3093/1764 2117/3078/1754
f 2103/3079/1740 2117/3096/1754 2118/3080/1755
f 2118/3080/1755 2119/3098/1756 2107/3081/1744
f 2119/3082/1756 2132/3102/1769 2108/3067/1745
f 2108/3067/1745 2132/3102/1769 2120/3083/1757
f 2120/3083/1757 2134/3104/1771 2121/3084/1758
f 2121/3084/1758 2134/3104/1771 2122/3085/1759
f 2122/3086/1759 2112/3073/1749 2113/3074/1750
f 2123/3087/1760 2124/3089/1761 2114/3088/1751
f 2124/3089/1761 2138/3109/1775 2125/3090/1762
f 2125/3091/1762 2138/3111/1775 2126/3092/1763
f 2126/3092/1763 2128/3094/1765 2127/3093/1764
f 2128/3094/1765 2129/3114/1766 2117/3078/1754
f 2129/3095/1766 2141/3116/1778 2118/3080/1755
f 2118/3080/1755 2141/3116/1778 2130/3097/1767
f 2119/3098/1756 2130/3097/1767 2131/3099/1768
f 2131/3101/1768 2133/3103/1770 2120/3083/1757
f 2133/3103/1770 2145/3120/1782 2134/3104/1771
f 2134/3104/1771 2145/3120/1782 2135/3105/1772
f 2135/3106/1772 2123/3087/1760 2112/3073/1749
f 2123/3087/1760 2148/3123/1785 2136/3107/1773
f 2124/3089/1761 2136/3107/1773 2137/3108/1774
f 2137/3110/1774 2139/3112/1776 2126/3092/1763
f 2139/3112/1776 2152/3127/1789 2128/3094/1765
f 2128/3094/1765 2152/3127/1789 2140/3113/1777
f 2140/3115/1777 2155/3130/1792 2141/3116/1778
f 2141/3116/1778 2155/3130/1792 2142/3117/1779
f 2142/3117/1779 2143/3133/1780 2131/3099/1768
f 2143/3118/1780 2158/3135/1796 2133/3103/1770
f 2133/3103/1770 2158/3135/1796 2144/3119/1781
f 2144/3119/1781 2146/3138/1783 2135/3105/1772
f 2146/3121/1783 2148/3123/1785 2123/3087/1760
f 2147/3122/1784 2149/3124/1786 2136/3107/1773
f 2149/3124/1786 2150/3141/1787 2137/3108/1774
f 2150/3125/1787 2151/3126/1788 2139/3112/1776
f 2151/3126/1788 2153/3128/1790 2152/3127/1789
f 2153/3128/1790 2154/3144/1791 2140/3113/1777
f 2154/3129/1791 2164/3131/1793 2155/3130/1792
f 2164/3131/1793 2166/3146/1803 2142/3117/1779
f 2142/3117/1779 2166/3146/1803 2156/3132/1794
f 2143/3118/1780 2156/3149/1794 2157/3134/1795
f 2158/3135/1796 2157/3134/1795 2159/3136/1797
f 2144/3119/1781 2159/3136/1797 2160/3137/1798
f 2160/3139/1798 2147/3122/1784 2148/3123/1785
f 2147/3122/1784 2172/3153/1809 2161/3140/1799
f 2161/3140/1799 2175/3523/1812 2150/3141/1787
f 2150/3125/1787 2175/3157/1812 2162/3142/1800
f 2162/3142/1800 2177/3159/1814 2153/3128/1790
f 2153/3128/1790 2177/3159/1814 2163/3143/1801
f 2154/3129/1791 2163/3162/1801 2165/3145/1802
f 2165/3145/1802 2167/3147/1804 2166/3146/1803
f 2167/3147/1804 2168/3524/1805 2156/3132/1794
f 2168/3148/1805 2169/3150/1806 2157/3134/1795
f 2169/3150/1806 2170/3151/1807 2159/3136/1797
f 2170/3151/1807 2171/3168/1808 2160/3137/1798
f 2171/3152/1808 2172/3153/1809 2147/3122/1784
f 2172/3153/1809 2186/3171/1823 2173/3154/1810
f 2161/3155/1799 2173/3172/1810 2174/3156/1811
f 2174/3156/1811 2176/3158/1813 2162/3142/1800
f 2176/3158/1813 2178/3160/1815 2177/3159/1814
f 2178/3160/1815 2179/3175/1816 2163/3143/1801
f 2179/3161/1816 2190/3177/1827 2165/3145/1802
f 2165/3145/1802 2190/3177/1827 2180/3163/1817
f 2167/3164/1804 2180/3179/1817 2181/3165/1818
f 2168/3148/1805 2181/3165/1818 2182/3166/1819
f 2169/3150/1806 2182/3166/1819 2183/3167/1820
f 2183/3167/1820 2184/3182/1821 2171/3168/1808
f 2184/3169/1821 2186/3171/1823 2172/3153/1809
f 2185/3170/1822 2196/3525/1833 2173/3154/1810
f 2173/3172/1810 2196/3187/1833 2187/3173/1824
f 2187/3173/1824 2198/3189/1835 2176/3158/1813
f 2176/3158/1813 2198/3189/1835 2188/3174/1825
f 2188/3174/1825 2200/3191/1837 2179/3175/1816
f 2179/3161/1816 2200/3526/1837 2189/3176/1826
f 2189/3176/1826 2191/3527/1828 2180/3163/1817
f 2191/3178/1828 2192/3180/1829 2181/3165/1818
f 2192/3180/1829 2203/3197/1840 2182/3166/1819
f 2182/3166/1819 2203/3197/1840 2193/3181/1830
f 2193/3181/1830 2194/3199/1831 2184/3182/1821
f 2194/3183/1831 2185/3170/1822 2186/3171/1823
f 2195/3184/1832 2206/3202/1843 2196/3185/1833
f 2196/3187/1833 2206/3204/1843 2197/3188/1834
f 2197/3188/1834 2209/3206/1846 2198/3189/1835
f 2198/3189/1835 2209/3206/1846 2199/3190/1836
f 2199/3190/1836 2211/3208/1848 2200/3191/1837
f 2200/3192/1837 2211/3210/1848 2201/3193/1838
f 2201/3193/1838 2214/3212/1851 2191/3195/1828
f 2191/3178/1828 2214/3213/1851 2202/3196/1839
f 2202/3196/1839 2216/3215/1853 2203/3197/1840
f 2203/3197/1840 2216/3215/1853 2204/3198/1841
f 2204/3198/1841 2219/3218/1856 2194/3199/1831
f 2194/3200/1831 2219/3220/1856 2195/3184/1832
f 2205/3201/1842 2207/3222/1844 2206/3202/1843
f 2207/3203/1844 2222/3224/1859 2197/3188/1834
f 2197/3188/1834 2222/3224/1859 2208/3205/1845
f 2209/3206/1846 2208/3205/1845 2210/3207/1847
f 2210/3207/1847 2212/3227/1849 2211/3208/1848
f 2212/3209/1849 2225/3229/1863 2201/3193/1838
f 2201/3193/1838 2225/3229/1863 2213/3211/1850
f 2214/3213/1851 2213/3230/1850 2215/3214/1852
f 2215/3214/1852 2217/3216/1854 2216/3215/1853
f 2217/3216/1854 2229/3233/1866 2204/3198/1841
f 2204/3198/1841 2229/3233/1866 2218/3217/1855
f 2218/3219/1855 2205/3201/1842 2195/3184/1832
f 2205/3201/1842 2231/3235/1868 2220/3221/1857
f 2207/3203/1844 2220/3238/1857 2221/3223/1858
f 2221/3223/1858 2223/3225/1860 2208/3205/1845
f 2223/3225/1860 2224/3226/1861 2210/3207/1847
f 2224/3226/1861 2235/3528/1872 2212/3227/1849
f 2212/3209/1849 2235/3241/1872 2226/3228/1862
f 2226/3228/1862 2237/3244/1874 2213/3211/1850
f 2213/3230/1850 2237/3245/1874 2227/3231/1864
f 2227/3231/1864 2240/3248/1877 2217/3216/1854
f 2217/3216/1854 2240/3248/1877 2228/3232/1865
f 2228/3232/1865 2230/3529/1867 2218/3217/1855
f 2230/3234/1867 2231/3235/1868 2205/3201/1842
f 2231/3235/1868 2242/3251/1879 2232/3236/1869
f 2232/3237/1869 2243/3254/1881 2221/3223/1858
f 2221/3223/1858 2243/3254/1881 2233/3239/1870
f 2233/3239/1870 2234/3257/1871 2224/3226/1861
f 2234/3240/1871 2245/3259/1885 2235/3241/1872
f 2235/3241/1872 2245/3259/1885 2236/3243/1873
f 2236/3243/1873 2246/3261/1887 2237/3244/1874
f 2237/3245/1874 2246/3263/1887 2238/3246/1875
f 2227/3231/1864 2238/3246/1875 2239/3247/1876
f 2239/3247/1876 2248/3266/1890 2228/3232/1865
f 2228/3249/1865 2248/3267/1890 2241/3250/1878
f 2241/3250/1878 2242/3251/1879 2231/3235/1868
f 2242/3251/1879 2250/3269/1692 2252/3252/1880
f 2252/3253/1880 2253/3272/1893 2243/3254/1881
f 2243/3254/1881 2253/3272/1893 2244/3255/1882
f 2233/3239/1870 2244/3255/1882 2255/3256/1883
f 2234/3240/1871 2255/3530/1883 2257/3258/1884
f 2257/3258/1884 2258/3277/1682 2236/3243/1873
f 2236/3243/1873 2258/3277/1682 2259/3260/1886
f 2259/3262/1886 2261/3264/1888 2238/3246/1875
f 2261/3264/1888 2247/3265/1889 2239/3247/1876
f 2247/3265/1889 2426/3281/1898 2248/3266/1890
f 2248/3267/1890 2426/3531/1898 2249/3268/1891
f 2249/3268/1891 2250/3269/1692 2242/3251/1879
f 2250/3269/1692 2264/3285/1706 2251/3270/1892
f 2251/3271/1892 2266/3288/1901 2253/3272/1893
f 2253/3272/1893 2266/3288/1901 2254/3273/1894
f 2254/3273/1894 2269/3291/1904 2255/3256/1883
f 2255/3256/1883 2269/3291/1904 2256/3274/1895
f 2256/3276/1895 2271/3278/1701 2258/3277/1682
f 2271/3278/1701 2260/3295/1896 2259/3260/1886
f 2260/3279/1896 2273/3297/1907 2261/3264/1888
f 2261/3264/1888 2273/3297/1907 2262/3280/1897
f 2262/3280/1897 2276/3300/1910 2426/3281/1898
f 2426/3281/1898 2276/3300/1910 2263/3282/1899
f 2263/3284/1899 2264/3285/1706 2250/3269/1692
f 2264/3285/1706 2280/3304/1729 2265/3286/1900
f 2265/3287/1900 2282/3306/1914 2266/3288/1901
f 2266/3288/1901 2282/3306/1914 2267/3289/1902
f 2254/3273/1894 2267/3289/1902 2268/3290/1903
f 2269/3291/1904 2268/3290/1903 2270/3292/1905
f 2270/3293/1905 2285/3310/1712 2271/3278/1701
f 2271/3278/1701 2285/3310/1712 2272/3294/1906
f 2272/3296/1906 2274/3298/1908 2273/3297/1907
f 2274/3298/1908 2275/3299/1909 2262/3280/1897
f 2275/3299/1909 2277/3301/1911 2276/3300/1910
f 2277/3301/1911 2278/3315/1912 2263/3282/1899
f 2278/3302/1912 2280/3304/1729 2264/3285/1706
f 2279/3303/1728 2290/3532/1921 2265/3286/1900
f 2265/3287/1900 2290/3319/1921 2281/3305/1913
f 2281/3305/1913 2292/3321/1923 2267/3289/1902
f 2267/3289/1902 2292/3321/1923 2283/3307/1915
f 2268/3290/1903 2283/3307/1915 2284/3308/1916
f 2284/3309/1916 2296/3533/1735 2285/3310/1712
f 2285/3310/1712 2296/3533/1735 2286/3311/1917
f 2286/3312/1917 2287/3313/1918 2274/3298/1908
f 2287/3313/1918 2299/3330/1929 2275/3299/1909
f 2275/3299/1909 2299/3330/1929 2288/3314/1919
f 2288/3314/1919 2301/3332/1931 2278/3315/1912
f 2278/3302/1912 2301/3534/1931 2279/3303/1728
f 2289/3316/1920 2303/3535/1933 2290/3317/1921
f 2290/3319/1921 2303/3337/1933 2291/3320/1922
f 2291/3320/1922 2293/3322/1924 2292/3321/1923
f 2293/3322/1924 2307/3341/1937 2283/3307/1915
f 2283/3307/1915 2307/3341/1937 2294/3323/1925
f 2284/3324/1916 2294/3344/1925 2295/3325/1926
f 2295/3325/1926 2297/3346/1927 2286/3327/1917
f 2297/3328/1927 2311/3350/1941 2287/3313/1918
f 2287/3313/1918 2311/3350/1941 2298/3329/1928
f 2298/3329/1928 2300/3331/1930 2288/3314/1919
f 2300/3331/1930 2315/3353/1945 2301/3332/1931
f 2301/3333/1931 2315/3536/1945 2289/3316/1920
f 2289/3334/1920 2389/3537/2015 2302/3335/1932
f 2303/3337/1933 2302/3464/1932 2304/3338/1934
f 2291/3320/1922 2304/3338/1934 2305/3339/1935
f 2293/3322/1924 2305/3339/1935 2306/3340/1936
f 2307/3342/1937 2306/3468/1936 2308/3343/1938
f 2294/3344/1925 2308/3343/1938 2309/3345/1939
f 2309/3345/1939 2310/3347/1940 2297/3346/1927
f 2310/3347/1940 2312/3538/1942 2311/3348/1941
f 2312/3349/1942 2313/3351/1943 2298/3329/1928
f 2313/3351/1943 2314/3352/1944 2300/3331/1930
f 2314/3539/1944 2316/3354/1946 2315/3355/1945
f 2316/3354/1946 2389/3537/2015 2289/3334/1920
f 2317/3356/1947 2320/3540/1950 2318/3357/1948
f 2320/3359/1950 2322/3362/1952 2321/3360/1951
f 2322/3362/1952 2324/3364/1954 2323/3363/1953
f 2324/3364/1954 2326/3389/1956 2325/3365/1955
f 2326/3366/1956 2328/3369/1958 2327/3367/1957
f 2328/3369/1958 2345/3393/1975 2329/3370/1959
f 2329/3370/1959 2345/3393/1975 2330/3371/1960
f 2331/3372/1961 2330/3371/1960 2332/3373/1962
f 2333/3375/1963 2332/3397/1962 2334/3376/1964
f 2335/3377/1965 2334/3376/1964 2336/3378/1966
f 2337/3379/1967 2336/3378/1966 2338/3380/1968
f 2339/3382/1969 2338/3541/1968 2317/3356/1947
f 2317/3383/1947 2352/3542/1826 2340/3384/1970
f 2340/3386/1970 2341/3387/1971 2322/3362/1952
f 2341/3387/1971 2342/3388/1972 2324/3364/1954
f 2342/3388/1972 2343/3390/1973 2326/3389/1956
f 2343/3390/1973 2344/3409/1974 2328/3391/1958
f 2344/3392/1974 2356/3543/1822 2345/3393/1975
f 2345/3393/1975 2356/3543/1822 2346/3394/1976
f 2330/3395/1960 2346/3416/1976 2347/3396/1977
f 2332/3397/1962 2347/3396/1977 2348/3398/1978
f 2334/3376/1964 2348/3398/1978 2349/3399/1979
f 2336/3378/1966 2349/3399/1979 2350/3400/1980
f 2350/3401/1980 2352/3542/1826 2317/3383/1947
f 2351/3403/1838 2361/3421/1988 2340/3404/1970
f 2340/3386/1970 2361/3423/1988 2353/3406/1981
f 2353/3406/1981 2354/3407/1982 2342/3388/1972
f 2354/3407/1982 2363/3425/1990 2343/3390/1973
f 2343/3390/1973 2363/3425/1990 2355/3408/1983
f 2355/3410/1983 2365/3428/1832 2356/3411/1822
f 2356/3411/1822 2365/3428/1832 2357/3413/1984
f 2357/3415/1984 2367/3431/1993 2347/3396/1977
f 2347/3396/1977 2367/3431/1993 2358/3417/1985
f 2358/3417/1985 2359/3418/1986 2349/3399/1979
f 2359/3418/1986 2370/3434/1996 2350/3400/1980
f 2350/3419/1980 2370/3436/1996 2351/3403/1838
f 2351/3403/1838 2371/3437/1997 2360/3420/1987
f 2360/3422/1987 2373/3440/1999 2353/3406/1981
f 2353/3406/1981 2373/3440/1999 2362/3424/1989
f 2362/3424/1989 2376/3443/2002 2363/3425/1990
f 2363/3425/1990 2376/3443/2002 2364/3426/1991
f 2364/3427/1991 2378/3446/2004 2365/3428/1832
f 2365/3428/1832 2378/3446/2004 2366/3429/1992
f 2366/3430/1992 2380/3449/2006 2367/3431/1993
f 2367/3431/1993 2380/3449/2006 2368/3432/1994
f 2368/3432/1994 2383/3452/2009 2359/3418/1986
f 2359/3418/1986 2383/3452/2009 2369/3433/1995
f 2369/3435/1995 2371/3437/1997 2351/3403/1838
f 2371/3437/1997 2385/3455/2011 2372/3438/1998
f 2372/3439/1998 2386/3457/2012 2373/3440/1999
f 2373/3440/1999 2386/3457/2012 2374/3441/2000
f 2362/3424/1989 2374/3441/2000 2375/3442/2001
f 2376/3443/2002 2375/3442/2001 2377/3444/2003
f 2377/3445/2003 2387/3458/2013 2378/3446/2004
f 2378/3446/2004 2387/3458/2013 2379/3447/2005
f 2379/3448/2005 2381/3450/2007 2380/3449/2006
f 2381/3450/2007 2382/3451/2008 2368/3432/1994
f 2382/3451/2008 2388/3460/2014 2383/3452/2009
f 2383/3452/2009 2388/3460/2014 2384/3453/2010
f 2384/3454/2010 2385/3455/2011 2371/3437/1997
f 2045/2981/1651 2044/2980/1683 2372/3438/1998
f 2372/3438/1998 2044/2980/1683 2047/2983/1685
f 2047/2986/1685 2049/2985/1687 2374/3441/2000
f 2374/3441/2000 2049/2985/1687 2051/2988/1689
f 2051/2988/1689 2053/2990/1691 2377/3444/2003
f 2053/2991/1691 2055/2993/1681 2387/3458/2013
f 2387/3458/2013 2055/2993/1681 2056/2994/1693
f 2379/3447/2005 2056/2994/1693 2058/2996/1695
f 2058/2997/1695 2060/2999/1697 2382/3451/2008
f 2382/3451/2008 2060/2999/1697 2062/3001/1699
f 2062/3001/1699 2063/3002/1700 2384/3453/2010
f 2063/3003/1700 2045/2981/1651 2385/3455/2011
f 2389/3461/2015 2402/3480/1778 2390/3462/2016
f 2302/3464/1932 2390/3482/2016 2391/3465/2017
f 2304/3338/1934 2391/3465/2017 2392/3466/2018
f 2305/3339/1935 2392/3466/2018 2393/3467/2019
f 2306/3468/1936 2393/3486/2019 2394/3469/2020
f 2308/3343/1938 2394/3469/2020 2395/3470/2021
f 2395/3470/2021 2396/3489/2022 2310/3347/1940
f 2396/3471/2022 2397/3473/2023 2312/3349/1942
f 2397/3473/2023 2398/3474/2024 2313/3351/1943
f 2398/3474/2024 2399/3492/2025 2314/3352/1944
f 2399/3475/2025 2400/3478/2026 2316/3476/1946
f 2400/3478/2026 2402/3480/1778 2389/3461/2015
f 2401/3479/1792 2403/3495/2027 2390/3462/2016
f 2403/3481/2027 2413/3497/2036 2391/3465/2017
f 2391/3465/2017 2413/3497/2036 2404/3483/2028
f 2392/3466/2018 2404/3483/2028 2405/3484/2029
f 2405/3485/2029 2406/3487/2030 2394/3469/2020
f 2406/3487/2030 2407/3488/1785 2395/3470/2021
f 2407/3488/1785 2418/3502/2041 2396/3489/2022
f 2396/3471/2022 2418/3503/2041 2408/3490/2031
f 2408/3490/2031 2409/3491/2032 2398/3474/2024
f 2409/3491/2032 2421/3506/2044 2399/3492/2025
f 2399/3475/2025 2421/3508/2044 2410/3493/2033
f 2400/3478/2026 2410/3493/2033 2401/3479/1792
f 2401/3479/1792 2424/3511/1793 2411/3494/2034
f 2403/3481/2027 2411/3512/2034 2412/3496/2035
f 2413/3497/2036 2412/3496/2035 2414/3498/2037
f 2414/3498/2037 2415/3513/2038 2405/3484/2029
f 2415/3499/2038 2416/3500/2039 2406/3487/2030
f 2416/3500/2039 2425/3514/2047 2407/3488/1785
f 2407/3488/1785 2425/3514/2047 2417/3501/2040
f 2418/3503/2041 2417/3515/2040 2419/3504/2042
f 2408/3490/2031 2419/3504/2042 2420/3505/2043
f 2420/3505/2043 2422/3516/2045 2421/3506/2044
f 2422/3507/2045 2423/3509/2046 2410/3493/2033
f 2423/3509/2046 2424/3511/1793 2401/3479/1792
f 2319/3510/1949 2318/3544/1948 2411/3494/2034
f 2318/3361/1948 2321/3360/1951 2412/3496/2035
f 2321/3360/1951 2323/3363/1953 2414/3498/2037
f 2323/3363/1953 2325/3365/1955 2415/3513/2038
f 2325/3368/1955 2327/3367/1957 2416/3500/2039
f 2327/3367/1957 2329/3370/1959 2425/3514/2047
f 2425/3514/2047 2329/3370/1959 2331/3372/1961
f 2417/3515/2040 2331/3545/1961 2333/3375/1963
f 2419/3504/2042 2333/3375/1963 2335/3377/1965
f 2420/3505/2043 2335/3377/1965 2337/3379/1967
f 2422/3507/2045 2337/3546/1967 2339/3517/1969
f 2423/3509/2046 2339/3517/1969 2319/3510/1949
f 2427/3547/2048 2429/3548/2049 2428/3549/2050
f 2430/3550/2051 2432/3551/2052 2431/3552/2053
f 2492/3553/2054 2434/3554/2055 2433/3555/2056
f 2435/3556/2057 2436/3557/2058 2494/3558/2059
f 2437/3559/2060 2439/3560/2061 2438/3561/2062
f 2440/3562/2063 2442/3563/2064 2441/3564/2065
f 2440/3562/2063 2441/3564/2065 2443/3565/2066
f 2430/3550/2051 2443/3565/2066 2444/3566/2067
f 2445/3567/2068 2447/3568/2069 2446/2092/2070
f 2448/3569/2071 2450/3570/2072 2449/3571/2073
f 2451/3572/2074 2453/3573/2075 2452/3574/2076
f 2454/3575/2077 2446/3576/2070 2500/3577/2078
f 2455/3578/2079 2497/3579/2080 2501/3580/2081
f 2431/3552/2053 2432/3551/2052 2456/3581/2082
f 2444/3566/2067 2443/3565/2066 2441/3564/2065
f 2457/3582/2083 2459/3583/2084 2458/3584/2085
f 2460/3585/2086 2462/3586/2087 2461/3587/2088
f 2461/3587/2088 2462/3586/2087 2463/3588/2089
f 2464/3589/2090 2463/3588/2089 2465/3590/2091
f 2466/3591/2092 2465/3590/2091 2467/3592/2093
f 2468/3593/2094 2467/3592/2093 2447/3568/2069
f 2469/3594/2095 2458/3584/2085 2470/3595/2096
f 2471/3596/2097 2473/3597/2098 2472/3598/2099
f 2472/3598/2099 2475/3599/2100 2474/3600/2101
f 2475/3599/2100 2477/3601/2102 2476/3602/2103
f 2476/3602/2103 2477/3601/2102 2478/3603/2104
f 2479/3604/2105 2478/3603/2104 2480/3605/2106
f 2480/3605/2106 2455/3578/2079 2481/3606/2107
f 2482/3607/2108 2460/3608/2086 2483/3609/2109
f 2450/3570/2072 2485/3610/2110 2484/3611/2111
f 2484/3611/2111 2485/3610/2110 2486/3612/2112
f 2487/3613/2113 2486/3612/2112 2488/3614/2114
f 2488/3614/2114 2490/3615/2115 2489/3616/2116
f 2490/3615/2115 2459/3583/2084 2457/3582/2083
f 2503/3617/2117 2498/3618/2118 2473/3597/2098
f 2430/3550/2051 2444/3566/2067 2453/3573/2075
f 2440/3562/2063 2431/3552/2053 2456/3581/2082
f 2440/3562/2063 2456/3581/2082 2439/3560/2061
f 2430/3550/2051 2491/3619/2119 2432/3551/2052
f 2492/3553/2054 2493/3620/2120 2440/3621/2063
f 2505/3622/2121 2430/3623/2051 2494/3624/2059
f 2495/3625/2122 2496/3626/2123 2431/3627/2053
f 2497/3628/2080 2452/3629/2076 2453/3630/2075
f 2442/3631/2064 2451/3632/2074 2511/3633/2124
f 2491/3634/2119 2437/3635/2060 2498/3636/2118
f 2499/3637/2125 2438/3638/2062 2439/3639/2061
f 2500/3640/2078 2501/3641/2081 2444/3566/2067
f 2509/3642/2126 2441/3564/2065 2470/3643/2096
f 2443/3644/2066 2428/3549/2050 2434/3645/2055
f 2502/3646/2127 2448/3647/2071 2456/3581/2082
f 2482/3648/2108 2432/3551/2052 2503/3649/2117
f 2504/3650/2128 2493/3620/2120 2492/3553/2054
f 2427/3651/2048 2505/3622/2121 2494/3624/2059
f 2495/3625/2122 2506/3652/2129 2435/3556/2057
f 2430/3550/2051 2431/3552/2053 2496/3653/2123
f 2493/3654/2120 2495/3655/2122 2431/3552/2053
f 2505/3656/2121 2428/3657/2050 2443/3565/2066
f 2440/3562/2063 2443/3565/2066 2434/3658/2055
f 2428/3549/2050 2429/3548/2049 2433/3659/2056
f 2509/3642/2126 2500/3640/2078 2444/3566/2067
f 2482/3648/2108 2502/3646/2127 2456/3581/2082
f 2501/3660/2081 2497/3661/2080 2453/3662/2075
f 2442/3563/2064 2511/3663/2124 2470/3643/2096
f 2503/3664/2117 2432/3665/2052 2491/3666/2119
f 2439/3560/2061 2456/3581/2082 2448/3647/2071
f 2482/3667/2108 2503/3668/2117 2471/3669/2097
f 2450/3670/2072 2448/3671/2071 2502/3672/2127
f 2481/3673/2107 2501/3674/2081 2500/3675/2078
f 2507/3676/2130 2481/3606/2107 2446/3677/2070
f 2479/3678/2105 2507/3679/2130 2447/3680/2069
f 2476/3602/2103 2479/3604/2105 2467/3681/2093
f 2476/3602/2103 2465/3682/2091 2463/3683/2089
f 2474/3600/2101 2463/3683/2089 2462/3684/2087
f 2508/3685/2131 2462/3684/2087 2460/3686/2086
f 2509/3687/2126 2470/3688/2096 2458/3689/2085
f 2454/3690/2077 2458/3584/2085 2459/3583/2084
f 2445/3567/2068 2459/3691/2084 2490/3692/2115
f 2468/3593/2094 2490/3692/2115 2488/3693/2114
f 2464/3589/2090 2466/3591/2092 2488/3693/2114
f 2461/3587/2088 2464/3589/2090 2486/3694/2112
f 2483/3695/2109 2461/3696/2088 2485/3610/2110
f 2504/3697/2128 2506/3652/2129 2495/3625/2122
f 2439/3560/2061 2430/3550/2051 2440/3562/2063
f 2430/3550/2051 2439/3560/2061 2491/3619/2119
f 2491/3619/2119 2439/3560/2061 2437/3559/2060
f 2453/3573/2075 2440/3562/2063 2430/3550/2051
f 2440/3562/2063 2453/3573/2075 2442/3563/2064
f 2442/3563/2064 2453/3573/2075 2451/3572/2074
f 2427/3547/2048 2428/3549/2050 2505/3698/2121
f 2492/3553/2054 2433/3555/2056 2510/3699/2132
f 2435/3556/2057 2494/3558/2059 2496/3626/2123
f 2445/3567/2068 2446/2092/2070 2454/3700/2077
f 2448/3569/2071 2449/3571/2073 2499/3701/2125
f 2454/3575/2077 2500/3577/2078 2509/3687/2126
f 2455/3578/2079 2501/3580/2081 2481/3606/2107
f 2457/3582/2083 2458/3584/2085 2469/3594/2095
f 2460/3585/2086 2461/3587/2088 2483/3702/2109
f 2461/3587/2088 2463/3588/2089 2464/3589/2090
f 2464/3589/2090 2465/3590/2091 2466/3591/2092
f 2466/3591/2092 2467/3592/2093 2468/3593/2094
f 2468/3593/2094 2447/3568/2069 2445/3567/2068
f 2469/3594/2095 2470/3595/2096 2511/3703/2124
f 2471/3596/2097 2472/3598/2099 2508/3685/2131
f 2472/3598/2099 2474/3600/2101 2508/3685/2131
f 2475/3599/2100 2476/3602/2103 2474/3600/2101
f 2476/3602/2103 2478/3603/2104 2479/3604/2105
f 2479/3604/2105 2480/3605/2106 2507/3676/2130
f 2480/3605/2106 2481/3606/2107 2507/3676/2130
f 2482/3607/2108 2483/3609/2109 2502/3672/2127
f 2450/3570/2072 2484/3611/2111 2449/3571/2073
f 2484/3611/2111 2486/3612/2112 2487/3613/2113
f 2487/3613/2113 2488/3614/2114 2512/3704/2133
f 2488/3614/2114 2489/3616/2116 2512/3704/2133
f 2490/3615/2115 2457/3582/2083 2489/3616/2116
f 2503/3617/2117 2473/3597/2098 2471/3596/2097
f 2504/3650/2128 2492/3553/2054 2510/3699/2132
f 2427/3651/2048 2494/3624/2059 2436/3705/2058
f 2495/3625/2122 2435/3556/2057 2496/3626/2123
f 2430/3550/2051 2496/3653/2123 2494/3706/2059
f 2493/3654/2120 2431/3552/2053 2440/3562/2063
f 2505/3656/2121 2443/3565/2066 2430/3550/2051
f 2440/3562/2063 2434/3658/2055 2492/3707/2054
f 2428/3549/2050 2433/3659/2056 2434/3645/2055
f 2509/3642/2126 2444/3566/2067 2441/3564/2065
f 2482/3648/2108 2456/3581/2082 2432/3551/2052
f 2501/3708/2081 2453/3709/2075 2444/3710/2067
f 2442/3563/2064 2470/3643/2096 2441/3564/2065
f 2503/3711/2117 2491/3712/2119 2498/3713/2118
f 2439/3560/2061 2448/3647/2071 2499/3714/2125
f 2482/3715/2108 2471/3596/2097 2460/3686/2086
f 2450/3670/2072 2502/3672/2127 2483/3609/2109
f 2481/3606/2107 2500/3716/2078 2446/3677/2070
f 2507/3676/2130 2446/3677/2070 2447/3717/2069
f 2479/3604/2105 2447/3717/2069 2467/3681/2093
f 2476/3602/2103 2467/3681/2093 2465/3682/2091
f 2476/3602/2103 2463/3683/2089 2474/3600/2101
f 2474/3718/2101 2462/3719/2087 2508/3720/2131
f 2508/3685/2131 2460/3686/2086 2471/3596/2097
f 2509/3687/2126 2458/3689/2085 2454/3575/2077
f 2454/3690/2077 2459/3583/2084 2445/3721/2068
f 2445/3567/2068 2490/3692/2115 2468/3593/2094
f 2468/3593/2094 2488/3693/2114 2466/3591/2092
f 2464/3589/2090 2488/3693/2114 2486/3694/2112
f 2461/3587/2088 2486/3694/2112 2485/3722/2110
f 2483/3695/2109 2485/3610/2110 2450/3570/2072
f 2504/3697/2128 2495/3625/2122 2493/3723/2120
f 2513/3724/2134 2515/3725/2102 2514/3726/2135
f 2516/3727/2136 2514/3726/2135 2517/3728/2137
f 2518/3729/2138 2517/3730/2137 2519/3731/2139
f 2520/3732/2140 2519/3731/2139 2521/3733/2141
f 2521/3733/2141 2523/3734/2142 2522/3735/2143
f 2523/3736/2142 2526/3737/2133 2524/3738/2144
f 2524/3738/2144 2526/3737/2133 2525/3739/2145
f 2527/3740/2146 2525/3739/2145 2528/3741/2147
f 2528/3742/2147 2530/3743/2148 2529/3744/2149
f 2530/3743/2148 2532/3745/2150 2531/3746/2151
f 2531/3746/2151 2532/3745/2150 2533/3747/2152
f 2533/3748/2152 2515/3725/2102 2513/3724/2134
f 2534/3749/2153 2513/3724/2134 2516/3727/2136
f 2516/3727/2136 2518/3750/2138 2535/3751/2154
f 2518/3729/2138 2520/3732/2140 2536/3752/2155
f 2536/3752/2155 2520/3732/2140 2537/3753/2156
f 2537/3753/2156 2522/3735/2143 2538/3754/2157
f 2522/3755/2143 2524/3738/2144 2539/3756/2158
f 2539/3756/2158 2524/3738/2144 2527/3740/2146
f 2540/3757/2159 2527/3740/2146 2541/3758/2160
f 2541/3759/2160 2529/3744/2149 2542/3760/2161
f 2542/3760/2161 2529/3744/2149 2531/3746/2151
f 2543/3761/2162 2531/3746/2151 2544/3762/2163
f 2544/3763/2163 2513/3724/2134 2534/3749/2153
f 2545/3764/2164 2534/3749/2153 2546/3765/2165
f 2546/3766/2165 2535/3767/2154 2547/3768/2166
f 2547/3768/2166 2535/3767/2154 2536/3752/2155
f 2536/3752/2155 2549/3769/2167 2548/3770/2168
f 2549/3769/2167 2538/3754/2157 2550/3771/2169
f 2550/3772/2169 2538/3773/2157 2539/3756/2158
f 2539/3756/2158 2540/3757/2159 2551/3774/2170
f 2551/3775/2170 2540/3776/2159 2552/3777/2171
f 2553/3778/2172 2552/3777/2171 2542/3760/2161
f 2542/3760/2161 2543/3761/2162 2554/3779/2173
f 2554/3779/2173 2543/3761/2162 2555/3780/2174
f 2555/3781/2174 2534/3749/2153 2545/3764/2164
f 2545/3764/2164 2557/3782/2175 2556/3783/2176
f 2556/3784/2176 2557/3785/2175 2547/3768/2166
f 2547/3768/2166 2559/3786/2177 2558/3787/2178
f 2559/3786/2177 2548/3770/2168 2560/3788/2179
f 2560/3788/2179 2548/3770/2168 2550/3771/2169
f 2550/3772/2169 2562/3789/2180 2561/3790/2181
f 2561/3790/2181 2562/3789/2180 2551/3774/2170
f 2551/3775/2170 2553/3778/2172 2563/3791/2182
f 2563/3791/2182 2553/3778/2172 2564/3792/2183
f 2565/3793/2184 2564/3792/2183 2554/3779/2173
f 2554/3779/2173 2567/3794/2185 2566/3795/2186
f 2566/3796/2186 2567/3797/2185 2545/3764/2164
f 2568/3798/2187 2556/3799/2176 2569/3800/2188
f 2569/3801/2188 2556/3784/2176 2570/3802/2189
f 2570/3802/2189 2558/3787/2178 2571/3803/2190
f 2558/3787/2178 2560/3788/2179 2572/3804/2191
f 2560/3788/2179 2574/3805/2192 2573/3806/2193
f 2574/3807/2192 2561/3808/2181 2575/3809/2194
f 2575/3809/2194 2561/3808/2181 2576/3810/2195
f 2577/3811/2196 2576/3812/2195 2563/3791/2182
f 2578/3813/2197 2563/3791/2182 2565/3793/2184
f 2579/3814/2198 2565/3793/2184 2580/3815/2199
f 2580/3815/2199 2566/3795/2186 2581/3816/2200
f 2581/3817/2200 2566/3818/2186 2568/3798/2187
f 2582/3819/2201 2583/3820/2202 2569/3800/2188
f 2584/3821/2203 2569/3801/2188 2585/3822/2204
f 2585/3822/2204 2571/3803/2190 2586/3823/2205
f 2586/3823/2205 2571/3803/2190 2572/3804/2191
f 2572/3804/2191 2573/3806/2193 2587/3824/2206
f 2573/3825/2193 2575/3809/2194 2588/3826/2207
f 2588/3826/2207 2575/3809/2194 2577/3827/2196
f 2589/3828/2208 2577/3811/2196 2578/3813/2197
f 2578/3813/2197 2579/3814/2198 2590/3829/2209
f 2590/3829/2209 2579/3814/2198 2591/3830/2210
f 2591/3830/2210 2581/3816/2200 2592/3831/2211
f 2592/3832/2211 2581/3817/2200 2583/3820/2202
f 2593/3833/2212 2582/3819/2201 2584/3834/2203
f 2594/3835/2213 2584/3834/2203 2595/3836/2214
f 2595/3837/2214 2586/3823/2205 2596/3838/2215
f 2596/3838/2215 2586/3823/2205 2597/3839/2216
f 2598/3840/2217 2597/3839/2216 2587/3824/2206
f 2599/3841/2218 2587/3842/2206 2588/3826/2207
f 2588/3826/2207 2589/3843/2208 2600/3844/2219
f 2589/3843/2208 2602/3845/2220 2601/3846/2221
f 2601/3847/2221 2602/3848/2220 2590/3829/2209
f 2603/3849/2222 2590/3829/2209 2604/3850/2223
f 2604/3850/2223 2592/3831/2211 2605/3851/2224
f 2605/3852/2224 2592/3832/2211 2582/3819/2201
f 2593/3833/2212 2594/3835/2213 2606/3853/2225
f 2594/3835/2213 2608/3854/2226 2607/3855/2227
f 2607/3856/2227 2608/3857/2226 2596/3838/2215
f 2609/3858/2228 2596/3838/2215 2598/3840/2217
f 2598/3840/2217 2599/3859/2218 2610/3860/2229
f 2610/3861/2229 2599/3841/2218 2611/3862/2230
f 2611/3862/2230 2600/3844/2219 2612/3863/2231
f 2612/3863/2231 2600/3844/2219 2601/3846/2221
f 2613/3864/2232 2601/3847/2221 2603/3849/2222
f 2603/3849/2222 2615/3865/2233 2614/3866/2234
f 2614/3866/2234 2615/3865/2233 2605/3851/2224
f 2616/3867/2235 2605/3852/2224 2593/3833/2212
f 2617/3868/2236 2618/3869/2237 2606/3853/2225
f 2619/3870/2238 2606/3853/2225 2607/3855/2227
f 2620/3871/2239 2607/3856/2227 2609/3858/2228
f 2621/3872/2240 2609/3858/2228 2622/3873/2241
f 2623/3874/2242 2622/3873/2241 2610/3860/2229
f 2624/3875/2243 2610/3861/2229 2625/3876/2244
f 2626/3877/2245 2625/3876/2244 2612/3863/2231
f 2612/3863/2231 2613/3133/2232 2627/3878/2246
f 2613/3864/2232 2629/3879/2247 2628/3880/2248
f 2629/3879/2247 2614/3866/2234 2630/3881/2249
f 2614/3866/2234 2616/3882/2235 2631/3883/2250
f 2631/3884/2250 2616/3867/2235 2618/3869/2237
f 2617/3868/2236 2619/3870/2238 2632/3885/2251
f 2632/3885/2251 2619/3870/2238 2620/3886/2239
f 2620/3871/2239 2621/3872/2240 2633/3887/2252
f 2633/3887/2252 2621/3872/2240 2623/3874/2242
f 2623/3874/2242 2624/3888/2243 2634/3889/2253
f 2624/3875/2243 2626/3877/2245 2635/3890/2254
f 2635/3890/2254 2626/3877/2245 2636/3891/2255
f 2637/3892/2256 2636/3891/2255 2627/3878/2246
f 2638/3893/2257 2627/3894/2246 2628/3880/2248
f 2639/3895/2258 2628/3880/2248 2630/3881/2249
f 2640/3896/2259 2630/3881/2249 2631/3883/2250
f 2641/3897/2260 2631/3884/2250 2617/3868/2236
f 2642/3898/2261 2632/3885/2251 2643/3899/2262
f 2632/3900/2251 2645/3901/2263 2644/3902/2264
f 2644/3902/2264 2645/3901/2263 2633/3887/2252
f 2646/3903/2265 2633/3887/2252 2647/3904/2266
f 2648/3905/2267 2647/3904/2266 2634/3889/2253
f 2649/3906/2268 2634/3907/2253 2635/3890/2254
f 2635/3890/2254 2637/3892/2256 2650/3908/2269
f 2637/3909/2256 2638/3893/2257 2651/3910/2270
f 2638/3893/2257 2639/3895/2258 2652/3911/2271
f 2639/3895/2258 2640/3896/2259 2653/3912/2272
f 2653/3912/2272 2640/3896/2259 2641/3913/2260
f 2654/3914/2273 2641/3897/2260 2642/3898/2261
f 2655/3915/2274 2656/3916/2275 2643/3899/2262
f 2643/3917/2262 2644/3902/2264 2657/3918/2276
f 2657/3918/2276 2644/3902/2264 2646/3903/2265
f 2646/3903/2265 2648/3905/2267 2658/3919/2277
f 2658/3919/2277 2648/3905/2267 2649/3920/2268
f 2649/3906/2268 2660/3921/2278 2659/3922/2279
f 2659/3922/2279 2660/3921/2278 2650/3908/2269
f 2661/3923/2280 2650/3924/2269 2651/3910/2270
f 2662/3925/2281 2651/3910/2270 2652/3911/2271
f 2652/3911/2271 2653/3912/2272 2663/3926/2282
f 2663/3926/2282 2653/3912/2272 2654/3927/2273
f 2664/3928/2283 2654/3914/2273 2656/3916/2275
f 2665/3929/2284 2655/3930/2274 2666/3931/2285
f 2666/3932/2285 2657/3918/2276 2667/3933/2286
f 2667/3933/2286 2657/3918/2276 2668/3934/2287
f 2668/3934/2287 2658/3919/2277 2669/3935/2288
f 2669/3935/2288 2658/3919/2277 2670/3936/2289
f 2670/3937/2289 2659/3938/2279 2671/3939/2290
f 2671/3939/2290 2659/3938/2279 2661/3940/2280
f 2661/3923/2280 2662/3925/2281 2672/3941/2291
f 2672/3941/2291 2662/3925/2281 2673/3942/2292
f 2673/3942/2292 2663/3926/2282 2674/3943/2293
f 2674/3943/2293 2663/3926/2282 2664/3944/2283
f 2664/3945/2283 2655/3930/2274 2665/3929/2284
f 2675/3946/2294 2665/3929/2284 2676/3947/2295
f 2677/3948/2296 2676/3949/2295 2667/3933/2286
f 2667/3933/2286 2679/3950/2297 2678/3951/2298
f 2679/3950/2297 2669/3935/2288 2680/3952/2299
f 2680/3952/2299 2669/3935/2288 2681/3953/2300
f 2682/3954/2301 2681/3955/2300 2671/3939/2290
f 2671/3939/2290 2684/3956/2302 2683/3957/2303
f 2684/3958/2302 2672/3941/2291 2685/3959/2304
f 2685/3959/2304 2672/3941/2291 2686/3960/2305
f 2687/3961/2306 2686/3960/2305 2674/3943/2293
f 2674/3943/2293 2689/3962/2307 2688/3963/2308
f 2688/3964/2308 2689/3965/2307 2665/3929/2284
f 2675/3946/2294 2677/3966/2296 2690/3967/2309
f 2677/3948/2296 2692/3968/2310 2691/3969/2311
f 2691/3969/2311 2692/3968/2310 2678/3951/2298
f 2693/3970/2312 2678/3951/2298 2680/3952/2299
f 2694/3971/2313 2680/3972/2299 2682/3954/2301
f 2682/3954/2301 2695/3973/2314 2696/3974/2315
f 2696/3974/2315 2695/3973/2314 2683/3957/2303
f 2683/3975/2303 2685/3959/2304 2697/3976/2316
f 2697/3976/2316 2685/3959/2304 2687/3961/2306
f 2687/3961/2306 2699/3977/2317 2698/3978/2318
f 2698/3979/2318 2699/3980/2317 2688/3964/2308
f 2700/3981/2319 2688/3964/2308 2675/3946/2294
f 2701/3982/2320 2690/3967/2309 2702/3983/2321
f 2702/3984/2321 2690/3985/2309 2691/3969/2311
f 2691/3969/2311 2693/3970/2312 2703/3986/2322
f 2703/3986/2322 2693/3970/2312 2694/3987/2313
f 2704/3988/2323 2694/3971/2313 2705/3989/2324
f 2705/3989/2324 2696/3974/2315 2706/3990/2102
f 2706/3990/2102 2696/3974/2315 2707/3991/2325
f 2707/3992/2325 2697/3976/2316 2708/3993/2326
f 2697/3976/2316 2710/3994/2327 2709/3995/2328
f 2709/3995/2328 2710/3994/2327 2698/3978/2318
f 2698/3979/2318 2700/3981/2319 2711/3996/2329
f 2711/3996/2329 2700/3981/2319 2701/3982/2320
f 2712/3997/2133 2702/3983/2321 2713/3998/2330
f 2713/3999/2330 2702/3984/2321 2714/4000/2331
f 2714/4000/2331 2703/3986/2322 2715/4001/2332
f 2703/3986/2322 2704/4002/2323 2725/4003/2333
f 2704/3988/2323 2717/4004/2334 2716/4005/2335
f 2716/4005/2335 2717/4004/2334 2706/3990/2102
f 2706/3990/2102 2719/4006/2336 2718/4007/2337
f 2718/4008/2337 2719/4009/2336 2708/3993/2326
f 2720/4010/2338 2708/3993/2326 2709/3995/2328
f 2731/4011/2339 2709/3995/2328 2721/4012/2340
f 2721/4013/2340 2711/3996/2329 2734/4014/2341
f 2734/4014/2341 2711/3996/2329 2712/3997/2133
f 2722/4015/2342 2713/3998/2330 2723/4016/2343
f 2723/4017/2343 2713/3999/2330 2896/4018/2344
f 2896/4018/2344 2715/4001/2332 2724/4019/2345
f 2724/4019/2345 2715/4001/2332 2725/4003/2333
f 2725/4020/2333 2716/4005/2335 2726/4021/2346
f 2726/4021/2346 2716/4005/2335 2728/4022/2347
f 2727/4023/2153 2728/4022/2347 2718/4007/2337
f 2729/4024/2348 2718/4008/2337 2720/4010/2338
f 2720/4010/2338 2731/4011/2339 2730/4025/2349
f 2730/4025/2349 2731/4011/2339 2732/4026/2350
f 2732/4027/2350 2734/4014/2341 2733/4028/2351
f 2733/4028/2351 2734/4014/2341 2722/4015/2342
f 2735/4029/2158 2723/4016/2343 2736/4030/2352
f 2736/4031/2352 2723/4017/2343 2737/4032/2353
f 2737/4032/2353 2724/4019/2345 2738/4033/2354
f 2724/4019/2345 2740/4034/2355 2739/4035/2356
f 2740/4034/2355 2726/4036/2346 2741/4037/2357
f 2741/4038/2357 2726/4021/2346 2727/4023/2153
f 2727/4023/2153 2729/4039/2348 2742/4040/2358
f 2742/4041/2358 2729/4024/2348 2743/4042/2359
f 2744/4043/2360 2743/4042/2359 2730/4025/2349
f 2745/4044/2361 2730/4025/2349 2746/4045/2362
f 2747/4046/2363 2746/4045/2362 2733/4047/2351
f 2748/4048/2364 2733/4028/2351 2735/4029/2158
f 2749/4049/2181 2750/4050/2365 2736/4030/2352
f 2736/4031/2352 2752/4051/2366 2751/4052/2367
f 2751/4052/2367 2752/4051/2366 2738/4033/2354
f 2738/4033/2354 2739/4035/2356 2753/4053/2368
f 2739/4035/2356 2741/4037/2357 2754/4054/2369
f 2754/4055/2369 2741/4038/2357 2755/4056/2164
f 2755/4056/2164 2742/4040/2358 2756/4057/2370
f 2756/4058/2370 2742/4041/2358 2744/4043/2360
f 2757/4059/2371 2744/4043/2360 2745/4044/2361
f 2745/4044/2361 2747/4046/2363 2758/4060/2372
f 2758/4060/2372 2747/4046/2363 2748/4061/2364
f 2748/4048/2364 2750/4050/2365 2749/4049/2181
f 2759/4062/2373 2749/4063/2181 2760/4064/2374
f 2760/4065/2374 2751/4052/2367 2761/4066/2375
f 2761/4066/2375 2751/4052/2367 2762/4067/2376
f 2763/4068/2377 2762/4067/2376 2753/4053/2368
f 2753/4053/2368 2754/4054/2369 2764/4069/2378
f 2754/4070/2369 2765/4071/2379 2766/4072/2380
f 2766/4072/2380 2765/4071/2379 2756/4073/2370
f 2767/4074/2381 2756/4058/2370 2757/4059/2371
f 2757/4059/2371 2769/4075/2382 2768/4076/2383
f 2768/4076/2383 2769/4075/2382 2758/4060/2372
f 2770/4077/2384 2758/4060/2372 2771/4078/2385
f 2771/4079/2385 2749/4063/2181 2759/4062/2373
f 2759/4080/2373 2773/4081/2386 2772/4082/2387
f 2773/4083/2386 2761/4066/2375 2774/4084/2388
f 2761/4066/2375 2763/4068/2377 2775/4085/2389
f 2763/4068/2377 2777/4086/2390 2776/4087/2391
f 2777/4088/2390 2764/4089/2378 2778/4090/2392
f 2764/4089/2378 2766/4072/2380 2779/4091/2393
f 2779/4091/2393 2766/4072/2380 2767/4092/2381
f 2780/4093/2394 2767/4092/2381 2781/4094/2395
f 2782/4095/2396 2781/4096/2395 2768/4076/2383
f 2783/4097/2397 2768/4076/2383 2770/4077/2384
f 2784/4098/2398 2770/4099/2384 2785/4100/2399
f 2786/4101/2400 2785/4100/2399 2759/4080/2373
f 2787/4102/2401 2789/4103/2402 2788/4104/2403
f 2790/4105/2404 2788/4104/2403 2791/4106/2405
f 2792/4107/2406 2791/4108/2405 2793/4109/2407
f 2794/4110/2408 2793/4109/2407 2795/4111/2409
f 2796/4112/2410 2795/4113/2409 2797/4114/2411
f 2798/4115/2412 2797/4114/2411 2799/4116/2413
f 2799/4116/2413 2801/4117/2414 2800/4118/2415
f 2801/4117/2414 2803/4119/2416 2802/4120/2417
f 2803/4121/2416 2805/4122/2418 2804/4123/2419
f 2805/4122/2418 2807/4124/2420 2806/4125/2421
f 2807/4124/2420 2809/4126/2422 2808/4127/2423
f 2809/4128/2422 2789/4103/2402 2787/4102/2401
f 2787/4129/2401 2790/4130/2404 2810/4131/2424
f 2810/4132/2424 2790/4133/2404 2792/4107/2406
f 2811/4134/2425 2792/4107/2406 2794/4110/2408
f 2812/4135/2426 2794/4110/2408 2796/4136/2410
f 2813/4137/2427 2796/4136/2410 2798/4138/2412
f 2814/4139/2428 2798/4115/2412 2815/4140/2429
f 2815/4140/2429 2800/4118/2415 2816/4141/2430
f 2800/4142/2415 2802/4143/2417 2817/4144/2431
f 2802/4143/2417 2804/4123/2419 2818/4145/2432
f 2804/4123/2419 2806/4125/2421 2819/4146/2433
f 2806/4125/2421 2808/4127/2423 2820/4147/2434
f 2820/4148/2434 2808/4149/2423 2787/4129/2401
f 2821/4150/2290 2822/4151/2279 2810/4152/2424
f 2810/4132/2424 2811/4134/2425 2823/4153/2435
f 2823/4153/2435 2811/4134/2425 2812/4135/2426
f 2824/4154/2436 2812/4135/2426 2813/4137/2427
f 2813/4137/2427 2814/4155/2428 2825/4156/2437
f 2825/4157/2437 2814/4158/2428 2826/4159/2438
f 2826/4159/2438 2816/4160/2430 2827/4161/2439
f 2827/4162/2439 2816/4163/2430 2817/4144/2431
f 2817/4144/2431 2818/4145/2432 2828/4164/2440
f 2828/4164/2440 2818/4145/2432 2819/4146/2433
f 2829/4165/2441 2819/4146/2433 2820/4147/2434
f 2820/4166/2434 2822/4151/2279 2821/4150/2290
f 2821/4150/2290 2831/4167/2442 2830/4168/2443
f 2830/4169/2443 2831/4170/2442 2823/4153/2435
f 2823/4153/2435 2824/4154/2436 2832/4171/2444
f 2832/4171/2444 2824/4154/2436 2833/4172/2445
f 2833/4172/2445 2825/4156/2437 2834/4173/2446
f 2834/4174/2446 2825/4157/2437 2835/4175/2284
f 2835/4175/2284 2827/4161/2439 2836/4176/2447
f 2836/4177/2447 2827/4162/2439 2837/4178/2448
f 2837/4178/2448 2828/4164/2440 2838/4179/2449
f 2838/4179/2449 2828/4164/2440 2829/4165/2441
f 2829/4165/2441 2840/4180/2450 2839/4181/2451
f 2839/4182/2451 2840/4183/2450 2821/4150/2290
f 2841/4184/2314 2830/4168/2443 2842/4185/2452
f 2842/4185/2452 2830/4168/2443 2843/4186/2453
f 2843/4187/2453 2832/4171/2444 2844/4188/2454
f 2832/4171/2444 2846/4189/2455 2845/4190/2456
f 2846/4189/2455 2834/4173/2446 2847/4191/2457
f 2847/4192/2457 2834/4174/2446 2848/4193/2294
f 2848/4193/2294 2836/4176/2447 2849/4194/2458
f 2849/4194/2458 2836/4176/2447 2850/4195/2459
f 2851/4196/2460 2850/4197/2459 2838/4179/2449
f 2852/4198/2461 2838/4179/2449 2853/4199/2462
f 2853/4199/2462 2839/4181/2451 2854/4200/2463
f 2854/4201/2463 2839/4182/2451 2841/4184/2314
f 2515/3725/2102 2855/4202/2464 2842/4185/2452
f 2842/4185/2452 2856/4203/2465 2517/3728/2137
f 2517/3730/2137 2856/4204/2465 2844/4188/2454
f 2844/4188/2454 2845/4190/2456 2521/3733/2141
f 2521/3733/2141 2845/4190/2456 2847/4191/2457
f 2523/3736/2142 2847/4192/2457 2857/4205/2320
f 2857/4205/2320 2849/4194/2458 2525/3739/2145
f 2849/4194/2458 2851/4206/2460 2528/3741/2147
f 2528/3742/2147 2851/4196/2460 2852/4198/2461
f 2852/4198/2461 2858/4207/2466 2532/3745/2150
f 2532/3745/2150 2858/4207/2466 2854/4200/2463
f 2533/3748/2152 2854/4201/2463 2855/4202/2464
f 2859/4208/2467 2772/4209/2387 2860/4210/2468
f 2772/4211/2387 2774/4084/2388 2861/4212/2469
f 2774/4084/2388 2775/4085/2389 2862/4213/2470
f 2775/4085/2389 2776/4087/2391 2863/4214/2471
f 2776/4215/2391 2778/4090/2392 2864/4216/2472
f 2778/4090/2392 2779/4091/2393 2865/4217/2473
f 2865/4217/2473 2779/4091/2393 2780/4093/2394
f 2866/4218/2474 2780/4219/2394 2782/4095/2396
f 2867/4220/2475 2782/4095/2396 2783/4097/2397
f 2868/4221/2476 2783/4097/2397 2784/4222/2398
f 2869/4223/2477 2784/4224/2398 2786/4225/2400
f 2870/4226/2478 2786/4225/2400 2859/4208/2467
f 2871/4227/2244 2872/4228/2479 2860/4210/2468
f 2873/4229/2480 2860/4230/2468 2861/4212/2469
f 2861/4212/2469 2862/4213/2470 2874/4231/2481
f 2862/4213/2470 2863/4214/2471 2875/4232/2482
f 2875/4233/2482 2863/4234/2471 2864/4216/2472
f 2876/4235/2483 2864/4216/2472 2865/4217/2473
f 2886/4236/2237 2865/4217/2473 2866/4237/2474
f 2866/4218/2474 2867/4220/2475 2877/4238/2484
f 2877/4238/2484 2867/4220/2475 2868/4221/2476
f 2878/4239/2485 2868/4221/2476 2869/4240/2477
f 2869/4223/2477 2870/4226/2478 2879/4241/2486
f 2870/4226/2478 2872/4228/2479 2871/4227/2244
f 2871/4227/2244 2873/4242/2480 2880/4243/2487
f 2873/4229/2480 2882/4244/2488 2881/4245/2489
f 2882/4244/2488 2874/4231/2481 2883/4246/2490
f 2883/4246/2490 2874/4231/2481 2875/4232/2482
f 2884/4247/2491 2875/4233/2482 2876/4235/2483
f 2885/4248/2492 2876/4235/2483 2886/4236/2237
f 2886/4236/2237 2888/4249/2493 2887/4250/2494
f 2888/4251/2493 2877/4238/2484 2889/4252/2495
f 2877/4238/2484 2878/4239/2485 2890/4253/2496
f 2890/4253/2496 2878/4239/2485 2891/4254/2497
f 2892/4255/2498 2891/4256/2497 2879/4241/2486
f 2893/4257/2499 2879/4241/2486 2871/4227/2244
f 2789/4258/2402 2894/4259/2245 2880/4243/2487
f 2788/4260/2403 2880/4261/2487 2881/4245/2489
f 2791/4108/2405 2881/4245/2489 2883/4246/2490
f 2793/4109/2407 2883/4246/2490 2884/4262/2491
f 2795/4113/2409 2884/4247/2491 2885/4248/2492
f 2797/4114/2411 2885/4248/2492 2895/4263/2500
f 2895/4263/2500 2887/4250/2494 2801/4117/2414
f 2887/4264/2494 2889/4252/2495 2803/4121/2416
f 2889/4252/2495 2890/4253/2496 2805/4122/2418
f 2890/4253/2496 2892/4265/2498 2807/4124/2420
f 2892/4255/2498 2893/4257/2499 2809/4266/2422
f 2893/4257/2499 2894/4259/2245 2789/4258/2402
f 2513/3724/2134 2514/3726/2135 2516/3727/2136
f 2516/3727/2136 2517/3728/2137 2518/3750/2138
f 2518/3729/2138 2519/3731/2139 2520/3732/2140
f 2520/3732/2140 2521/3733/2141 2537/3753/2156
f 2521/3733/2141 2522/3735/2143 2537/3753/2156
f 2523/3736/2142 2524/3738/2144 2522/3755/2143
f 2524/3738/2144 2525/3739/2145 2527/3740/2146
f 2527/3740/2146 2528/3741/2147 2541/3758/2160
f 2528/3742/2147 2529/3744/2149 2541/3759/2160
f 2530/3743/2148 2531/3746/2151 2529/3744/2149
f 2531/3746/2151 2533/3747/2152 2544/3762/2163
f 2533/3748/2152 2513/3724/2134 2544/3763/2163
f 2534/3749/2153 2516/3727/2136 2546/3765/2165
f 2516/3727/2136 2535/3751/2154 2546/3765/2165
f 2518/3729/2138 2536/3752/2155 2535/3767/2154
f 2536/3752/2155 2537/3753/2156 2549/3769/2167
f 2537/3753/2156 2538/3754/2157 2549/3769/2167
f 2522/3755/2143 2539/3756/2158 2538/3773/2157
f 2539/3756/2158 2527/3740/2146 2540/3757/2159
f 2540/3757/2159 2541/3758/2160 2552/4267/2171
f 2541/3759/2160 2542/3760/2161 2552/3777/2171
f 2542/3760/2161 2531/3746/2151 2543/3761/2162
f 2543/3761/2162 2544/3762/2163 2555/3780/2174
f 2544/3763/2163 2534/3749/2153 2555/3781/2174
f 2545/3764/2164 2546/3765/2165 2557/3782/2175
f 2546/3766/2165 2547/3768/2166 2557/3785/2175
f 2547/3768/2166 2536/3752/2155 2559/3786/2177
f 2536/3752/2155 2548/3770/2168 2559/3786/2177
f 2549/3769/2167 2550/3771/2169 2548/3770/2168
f 2550/3772/2169 2539/3756/2158 2562/3789/2180
f 2539/3756/2158 2551/3774/2170 2562/3789/2180
f 2551/3775/2170 2552/3777/2171 2553/3778/2172
f 2553/3778/2172 2542/3760/2161 2564/3792/2183
f 2542/3760/2161 2554/3779/2173 2564/3792/2183
f 2554/3779/2173 2555/3780/2174 2567/3794/2185
f 2555/3781/2174 2545/3764/2164 2567/3797/2185
f 2545/3764/2164 2556/3783/2176 2568/4268/2187
f 2556/3784/2176 2547/3768/2166 2570/3802/2189
f 2547/3768/2166 2558/3787/2178 2570/3802/2189
f 2559/3786/2177 2560/3788/2179 2558/3787/2178
f 2560/3788/2179 2550/3771/2169 2574/3805/2192
f 2550/3772/2169 2561/3790/2181 2574/4269/2192
f 2561/3790/2181 2551/3774/2170 2576/4270/2195
f 2551/3775/2170 2563/3791/2182 2576/3812/2195
f 2563/3791/2182 2564/3792/2183 2565/3793/2184
f 2565/3793/2184 2554/3779/2173 2580/3815/2199
f 2554/3779/2173 2566/3795/2186 2580/3815/2199
f 2566/3796/2186 2545/3764/2164 2568/4268/2187
f 2568/3798/2187 2569/3800/2188 2583/3820/2202
f 2569/3801/2188 2570/3802/2189 2585/3822/2204
f 2570/3802/2189 2571/3803/2190 2585/3822/2204
f 2558/3787/2178 2572/3804/2191 2571/3803/2190
f 2560/3788/2179 2573/3806/2193 2572/3804/2191
f 2574/3807/2192 2575/3809/2194 2573/3825/2193
f 2575/3809/2194 2576/3810/2195 2577/3827/2196
f 2577/3811/2196 2563/3791/2182 2578/3813/2197
f 2578/3813/2197 2565/3793/2184 2579/3814/2198
f 2579/3814/2198 2580/3815/2199 2591/3830/2210
f 2580/3815/2199 2581/3816/2200 2591/3830/2210
f 2581/3817/2200 2568/3798/2187 2583/3820/2202
f 2582/3819/2201 2569/3800/2188 2584/3834/2203
f 2584/3821/2203 2585/3822/2204 2595/3837/2214
f 2585/3822/2204 2586/3823/2205 2595/3837/2214
f 2586/3823/2205 2572/3804/2191 2597/3839/2216
f 2572/3804/2191 2587/3824/2206 2597/3839/2216
f 2573/3825/2193 2588/3826/2207 2587/3842/2206
f 2588/3826/2207 2577/3827/2196 2589/3843/2208
f 2589/3828/2208 2578/3813/2197 2602/3848/2220
f 2578/3813/2197 2590/3829/2209 2602/3848/2220
f 2590/3829/2209 2591/3830/2210 2604/3850/2223
f 2591/3830/2210 2592/3831/2211 2604/3850/2223
f 2592/3832/2211 2583/3820/2202 2582/3819/2201
f 2593/3833/2212 2584/3834/2203 2594/3835/2213
f 2594/3835/2213 2595/3836/2214 2608/3854/2226
f 2595/3837/2214 2596/3838/2215 2608/3857/2226
f 2596/3838/2215 2597/3839/2216 2598/3840/2217
f 2598/3840/2217 2587/3824/2206 2599/3859/2218
f 2599/3841/2218 2588/3826/2207 2611/3862/2230
f 2588/3826/2207 2600/3844/2219 2611/3862/2230
f 2589/3843/2208 2601/3846/2221 2600/3844/2219
f 2601/3847/2221 2590/3829/2209 2603/3849/2222
f 2603/3849/2222 2604/3850/2223 2615/3865/2233
f 2604/3850/2223 2605/3851/2224 2615/3865/2233
f 2605/3852/2224 2582/3819/2201 2593/3833/2212
f 2593/3833/2212 2606/3853/2225 2618/3869/2237
f 2594/3835/2213 2607/3855/2227 2606/3853/2225
f 2607/3856/2227 2596/3838/2215 2609/3858/2228
f 2609/3858/2228 2598/3840/2217 2622/3873/2241
f 2598/3840/2217 2610/3860/2229 2622/3873/2241
f 2610/3861/2229 2611/3862/2230 2625/3876/2244
f 2611/3862/2230 2612/3863/2231 2625/3876/2244
f 2612/3863/2231 2601/3846/2221 2613/3133/2232
f 2613/3864/2232 2603/3849/2222 2629/3879/2247
f 2603/3849/2222 2614/3866/2234 2629/3879/2247
f 2614/3866/2234 2605/3851/2224 2616/3882/2235
f 2616/3867/2235 2593/3833/2212 2618/3869/2237
f 2617/3868/2236 2606/3853/2225 2619/3870/2238
f 2619/3870/2238 2607/3855/2227 2620/3886/2239
f 2620/3871/2239 2609/3858/2228 2621/3872/2240
f 2621/3872/2240 2622/3873/2241 2623/3874/2242
f 2623/3874/2242 2610/3860/2229 2624/3888/2243
f 2624/3875/2243 2625/3876/2244 2626/3877/2245
f 2626/3877/2245 2612/3863/2231 2636/3891/2255
f 2612/3863/2231 2627/3878/2246 2636/3891/2255
f 2613/3864/2232 2628/3880/2248 2627/3894/2246
f 2629/3879/2247 2630/3881/2249 2628/3880/2248
f 2614/3866/2234 2631/3883/2250 2630/3881/2249
f 2631/3884/2250 2618/3869/2237 2617/3868/2236
f 2617/3868/2236 2632/3885/2251 2642/3898/2261
f 2632/3885/2251 2620/3886/2239 2645/2048/2263
f 2620/3871/2239 2633/3887/2252 2645/3901/2263
f 2633/3887/2252 2623/3874/2242 2647/3904/2266
f 2623/3874/2242 2634/3889/2253 2647/3904/2266
f 2624/3875/2243 2635/3890/2254 2634/3907/2253
f 2635/3890/2254 2636/3891/2255 2637/3892/2256
f 2637/3892/2256 2627/3878/2246 2638/4271/2257
f 2638/3893/2257 2628/3880/2248 2639/3895/2258
f 2639/3895/2258 2630/3881/2249 2640/3896/2259
f 2640/3896/2259 2631/3883/2250 2641/3913/2260
f 2641/3897/2260 2617/3868/2236 2642/3898/2261
f 2642/3898/2261 2643/3899/2262 2656/3916/2275
f 2632/3900/2251 2644/3902/2264 2643/3917/2262
f 2644/3902/2264 2633/3887/2252 2646/3903/2265
f 2646/3903/2265 2647/3904/2266 2648/3905/2267
f 2648/3905/2267 2634/3889/2253 2649/3920/2268
f 2649/3906/2268 2635/3890/2254 2660/3921/2278
f 2635/3890/2254 2650/3908/2269 2660/3921/2278
f 2637/3909/2256 2651/3910/2270 2650/3924/2269
f 2638/3893/2257 2652/3911/2271 2651/3910/2270
f 2639/3895/2258 2653/3912/2272 2652/3911/2271
f 2653/3912/2272 2641/3913/2260 2654/3927/2273
f 2654/3914/2273 2642/3898/2261 2656/3916/2275
f 2655/3915/2274 2643/3899/2262 2666/4272/2285
f 2643/3917/2262 2657/3918/2276 2666/3932/2285
f 2657/3918/2276 2646/3903/2265 2668/3934/2287
f 2646/3903/2265 2658/3919/2277 2668/3934/2287
f 2658/3919/2277 2649/3920/2268 2670/3936/2289
f 2649/3906/2268 2659/3922/2279 2670/4273/2289
f 2659/3922/2279 2650/3908/2269 2661/4274/2280
f 2661/3923/2280 2651/3910/2270 2662/3925/2281
f 2662/3925/2281 2652/3911/2271 2673/3942/2292
f 2652/3911/2271 2663/3926/2282 2673/3942/2292
f 2663/3926/2282 2654/3927/2273 2664/3944/2283
f 2664/3928/2283 2656/3916/2275 2655/3915/2274
f 2665/3929/2284 2666/3931/2285 2676/3947/2295
f 2666/3932/2285 2667/3933/2286 2676/3949/2295
f 2667/3933/2286 2668/3934/2287 2679/3950/2297
f 2668/3934/2287 2669/3935/2288 2679/3950/2297
f 2669/3935/2288 2670/3936/2289 2681/3953/2300
f 2670/3937/2289 2671/3939/2290 2681/3955/2300
f 2671/3939/2290 2661/3940/2280 2684/3956/2302
f 2661/3923/2280 2672/3941/2291 2684/3958/2302
f 2672/3941/2291 2673/3942/2292 2686/3960/2305
f 2673/3942/2292 2674/3943/2293 2686/3960/2305
f 2674/3943/2293 2664/3944/2283 2689/3962/2307
f 2664/3945/2283 2665/3929/2284 2689/3965/2307
f 2675/3946/2294 2676/3947/2295 2677/3966/2296
f 2677/3948/2296 2667/3933/2286 2692/3968/2310
f 2667/3933/2286 2678/3951/2298 2692/3968/2310
f 2679/3950/2297 2680/3952/2299 2678/3951/2298
f 2680/3952/2299 2681/3953/2300 2682/4275/2301
f 2682/3954/2301 2671/3939/2290 2695/3973/2314
f 2671/3939/2290 2683/3957/2303 2695/3973/2314
f 2684/3958/2302 2685/3959/2304 2683/3975/2303
f 2685/3959/2304 2686/3960/2305 2687/3961/2306
f 2687/3961/2306 2674/3943/2293 2699/3977/2317
f 2674/3943/2293 2688/3963/2308 2699/3977/2317
f 2688/3964/2308 2665/3929/2284 2675/3946/2294
f 2675/3946/2294 2690/3967/2309 2701/3982/2320
f 2677/3948/2296 2691/3969/2311 2690/3985/2309
f 2691/3969/2311 2678/3951/2298 2693/3970/2312
f 2693/3970/2312 2680/3952/2299 2694/3987/2313
f 2694/3971/2313 2682/3954/2301 2705/3989/2324
f 2682/3954/2301 2696/3974/2315 2705/3989/2324
f 2696/3974/2315 2683/3957/2303 2707/3991/2325
f 2683/3975/2303 2697/3976/2316 2707/3992/2325
f 2697/3976/2316 2687/3961/2306 2710/3994/2327
f 2687/3961/2306 2698/3978/2318 2710/3994/2327
f 2698/3979/2318 2688/3964/2308 2700/3981/2319
f 2700/3981/2319 2675/3946/2294 2701/3982/2320
f 2701/3982/2320 2702/3983/2321 2712/3997/2133
f 2702/3984/2321 2691/3969/2311 2714/4000/2331
f 2691/3969/2311 2703/3986/2322 2714/4000/2331
f 2703/3986/2322 2694/3987/2313 2704/4002/2323
f 2704/3988/2323 2705/3989/2324 2717/4004/2334
f 2705/3989/2324 2706/3990/2102 2717/4004/2334
f 2706/3990/2102 2707/3991/2325 2719/4006/2336
f 2707/3992/2325 2708/3993/2326 2719/4009/2336
f 2697/3976/2316 2709/3995/2328 2708/3993/2326
f 2709/3995/2328 2698/3978/2318 2721/4012/2340
f 2698/3979/2318 2711/3996/2329 2721/4013/2340
f 2711/3996/2329 2701/3982/2320 2712/3997/2133
f 2712/3997/2133 2713/3998/2330 2722/4015/2342
f 2713/3999/2330 2714/4000/2331 2896/4018/2344
f 2714/4000/2331 2715/4001/2332 2896/4018/2344
f 2703/3986/2322 2725/4003/2333 2715/4001/2332
f 2704/3988/2323 2716/4005/2335 2725/4020/2333
f 2716/4005/2335 2706/3990/2102 2728/4022/2347
f 2706/3990/2102 2718/4007/2337 2728/4022/2347
f 2718/4008/2337 2708/3993/2326 2720/4010/2338
f 2720/4010/2338 2709/3995/2328 2731/4011/2339
f 2731/4011/2339 2721/4012/2340 2732/4026/2350
f 2721/4013/2340 2734/4014/2341 2732/4027/2350
f 2734/4014/2341 2712/3997/2133 2722/4015/2342
f 2722/4015/2342 2723/4016/2343 2735/4029/2158
f 2723/4017/2343 2896/4018/2344 2737/4032/2353
f 2896/4018/2344 2724/4019/2345 2737/4032/2353
f 2724/4019/2345 2725/4003/2333 2740/4034/2355
f 2725/4020/2333 2726/4021/2346 2740/4276/2355
f 2726/4021/2346 2728/4022/2347 2727/4023/2153
f 2727/4023/2153 2718/4007/2337 2729/4039/2348
f 2729/4024/2348 2720/4010/2338 2743/4042/2359
f 2720/4010/2338 2730/4025/2349 2743/4042/2359
f 2730/4025/2349 2732/4026/2350 2746/4045/2362
f 2732/4027/2350 2733/4028/2351 2746/4277/2362
f 2733/4028/2351 2722/4015/2342 2735/4029/2158
f 2735/4029/2158 2736/4030/2352 2750/4050/2365
f 2736/4031/2352 2737/4032/2353 2752/4051/2366
f 2737/4032/2353 2738/4033/2354 2752/4051/2366
f 2724/4019/2345 2739/4035/2356 2738/4033/2354
f 2740/4034/2355 2741/4037/2357 2739/4035/2356
f 2741/4038/2357 2727/4023/2153 2755/4056/2164
f 2727/4023/2153 2742/4040/2358 2755/4056/2164
f 2742/4041/2358 2743/4042/2359 2744/4043/2360
f 2744/4043/2360 2730/4025/2349 2745/4044/2361
f 2745/4044/2361 2746/4045/2362 2747/4046/2363
f 2747/4046/2363 2733/4047/2351 2748/4061/2364
f 2748/4048/2364 2735/4029/2158 2750/4050/2365
f 2749/4049/2181 2736/4030/2352 2760/4278/2374
f 2736/4031/2352 2751/4052/2367 2760/4065/2374
f 2751/4052/2367 2738/4033/2354 2762/4067/2376
f 2738/4033/2354 2753/4053/2368 2762/4067/2376
f 2739/4035/2356 2754/4054/2369 2753/4053/2368
f 2754/4055/2369 2755/4056/2164 2765/4279/2379
f 2755/4056/2164 2756/4057/2370 2765/4279/2379
f 2756/4058/2370 2744/4043/2360 2757/4059/2371
f 2757/4059/2371 2745/4044/2361 2769/4075/2382
f 2745/4044/2361 2758/4060/2372 2769/4075/2382
f 2758/4060/2372 2748/4061/2364 2771/4078/2385
f 2748/4048/2364 2749/4049/2181 2771/4280/2385
f 2759/4062/2373 2760/4064/2374 2773/4281/2386
f 2760/4065/2374 2761/4066/2375 2773/4083/2386
f 2761/4066/2375 2762/4067/2376 2763/4068/2377
f 2763/4068/2377 2753/4053/2368 2777/4086/2390
f 2753/4053/2368 2764/4069/2378 2777/4086/2390
f 2754/4070/2369 2766/4072/2380 2764/4089/2378
f 2766/4072/2380 2756/4073/2370 2767/4092/2381
f 2767/4074/2381 2757/4059/2371 2781/4096/2395
f 2757/4059/2371 2768/4076/2383 2781/4096/2395
f 2768/4076/2383 2758/4060/2372 2770/4077/2384
f 2770/4077/2384 2771/4078/2385 2785/4282/2399
f 2771/4079/2385 2759/4062/2373 2785/4283/2399
f 2759/4080/2373 2772/4082/2387 2859/4284/2467
f 2773/4083/2386 2774/4084/2388 2772/4211/2387
f 2761/4066/2375 2775/4085/2389 2774/4084/2388
f 2763/4068/2377 2776/4087/2391 2775/4085/2389
f 2777/4088/2390 2778/4090/2392 2776/4215/2391
f 2764/4089/2378 2779/4091/2393 2778/4090/2392
f 2779/4091/2393 2767/4092/2381 2780/4093/2394
f 2780/4093/2394 2781/4094/2395 2782/4285/2396
f 2782/4095/2396 2768/4076/2383 2783/4097/2397
f 2783/4097/2397 2770/4077/2384 2784/4222/2398
f 2784/4098/2398 2785/4100/2399 2786/4101/2400
f 2786/4101/2400 2759/4080/2373 2859/4284/2467
f 2787/4102/2401 2788/4104/2403 2790/4105/2404
f 2790/4133/2404 2791/4108/2405 2792/4107/2406
f 2792/4107/2406 2793/4109/2407 2794/4110/2408
f 2794/4110/2408 2795/4111/2409 2796/4136/2410
f 2796/4112/2410 2797/4114/2411 2798/4115/2412
f 2798/4115/2412 2799/4116/2413 2815/4140/2429
f 2799/4116/2413 2800/4118/2415 2815/4140/2429
f 2801/4117/2414 2802/4120/2417 2800/4118/2415
f 2803/4121/2416 2804/4123/2419 2802/4143/2417
f 2805/4122/2418 2806/4125/2421 2804/4123/2419
f 2807/4124/2420 2808/4127/2423 2806/4125/2421
f 2809/4128/2422 2787/4102/2401 2808/4286/2423
f 2787/4129/2401 2810/4131/2424 2822/4287/2279
f 2810/4132/2424 2792/4107/2406 2811/4134/2425
f 2811/4134/2425 2794/4110/2408 2812/4135/2426
f 2812/4135/2426 2796/4136/2410 2813/4137/2427
f 2813/4137/2427 2798/4138/2412 2814/4155/2428
f 2814/4139/2428 2815/4140/2429 2826/4288/2438
f 2815/4140/2429 2816/4141/2430 2826/4288/2438
f 2800/4142/2415 2817/4144/2431 2816/4163/2430
f 2802/4143/2417 2818/4145/2432 2817/4144/2431
f 2804/4123/2419 2819/4146/2433 2818/4145/2432
f 2806/4125/2421 2820/4147/2434 2819/4146/2433
f 2820/4148/2434 2787/4129/2401 2822/4287/2279
f 2821/4150/2290 2810/4152/2424 2831/4167/2442
f 2810/4132/2424 2823/4153/2435 2831/4170/2442
f 2823/4153/2435 2812/4135/2426 2824/4154/2436
f 2824/4154/2436 2813/4137/2427 2833/4172/2445
f 2813/4137/2427 2825/4156/2437 2833/4172/2445
f 2825/4157/2437 2826/4159/2438 2835/4175/2284
f 2826/4159/2438 2827/4161/2439 2835/4175/2284
f 2827/4162/2439 2817/4144/2431 2837/4178/2448
f 2817/4144/2431 2828/4164/2440 2837/4178/2448
f 2828/4164/2440 2819/4146/2433 2829/4165/2441
f 2829/4165/2441 2820/4147/2434 2840/4180/2450
f 2820/4166/2434 2821/4150/2290 2840/4183/2450
f 2821/4150/2290 2830/4168/2443 2841/4184/2314
f 2830/4169/2443 2823/4153/2435 2843/4187/2453
f 2823/4153/2435 2832/4171/2444 2843/4187/2453
f 2832/4171/2444 2833/4172/2445 2846/4189/2455
f 2833/4172/2445 2834/4173/2446 2846/4189/2455
f 2834/4174/2446 2835/4175/2284 2848/4193/2294
f 2835/4175/2284 2836/4176/2447 2848/4193/2294
f 2836/4177/2447 2837/4178/2448 2850/4197/2459
f 2837/4178/2448 2838/4179/2449 2850/4197/2459
f 2838/4179/2449 2829/4165/2441 2853/4199/2462
f 2829/4165/2441 2839/4181/2451 2853/4199/2462
f 2839/4182/2451 2821/4150/2290 2841/4184/2314
f 2841/4184/2314 2842/4185/2452 2855/4202/2464
f 2842/4185/2452 2843/4186/2453 2856/4203/2465
f 2843/4187/2453 2844/4188/2454 2856/4204/2465
f 2832/4171/2444 2845/4190/2456 2844/4188/2454
f 2846/4189/2455 2847/4191/2457 2845/4190/2456
f 2847/4192/2457 2848/4193/2294 2857/4205/2320
f 2848/4193/2294 2849/4194/2458 2857/4205/2320
f 2849/4194/2458 2850/4195/2459 2851/4206/2460
f 2851/4196/2460 2838/4179/2449 2852/4198/2461
f 2852/4198/2461 2853/4199/2462 2858/4207/2466
f 2853/4199/2462 2854/4200/2463 2858/4207/2466
f 2854/4201/2463 2841/4184/2314 2855/4202/2464
f 2515/3725/2102 2842/4185/2452 2514/3726/2135
f 2842/4185/2452 2517/3728/2137 2514/3726/2135
f 2517/3730/2137 2844/4188/2454 2519/3731/2139
f 2844/4188/2454 2521/3733/2141 2519/3731/2139
f 2521/3733/2141 2847/4191/2457 2523/3734/2142
f 2523/3736/2142 2857/4205/2320 2526/3737/2133
f 2857/4205/2320 2525/3739/2145 2526/3737/2133
f 2849/4194/2458 2528/3741/2147 2525/3739/2145
f 2528/3742/2147 2852/4198/2461 2530/3743/2148
f 2852/4198/2461 2532/3745/2150 2530/3743/2148
f 2532/3745/2150 2854/4200/2463 2533/3747/2152
f 2533/3748/2152 2855/4202/2464 2515/3725/2102
f 2859/4208/2467 2860/4210/2468 2872/4228/2479
f 2772/4211/2387 2861/4212/2469 2860/4230/2468
f 2774/4084/2388 2862/4213/2470 2861/4212/2469
f 2775/4085/2389 2863/4214/2471 2862/4213/2470
f 2776/4215/2391 2864/4216/2472 2863/4234/2471
f 2778/4090/2392 2865/4217/2473 2864/4216/2472
f 2865/4217/2473 2780/4093/2394 2866/4237/2474
f 2866/4218/2474 2782/4095/2396 2867/4220/2475
f 2867/4220/2475 2783/4097/2397 2868/4221/2476
f 2868/4221/2476 2784/4222/2398 2869/4240/2477
f 2869/4223/2477 2786/4225/2400 2870/4226/2478
f 2870/4226/2478 2859/4208/2467 2872/4228/2479
f 2871/4227/2244 2860/4210/2468 2873/4242/2480
f 2873/4229/2480 2861/4212/2469 2882/4244/2488
f 2861/4212/2469 2874/4231/2481 2882/4244/2488
f 2862/4213/2470 2875/4232/2482 2874/4231/2481
f 2875/4233/2482 2864/4216/2472 2876/4235/2483
f 2876/4235/2483 2865/4217/2473 2886/4236/2237
f 2886/4236/2237 2866/4237/2474 2888/4249/2493
f 2866/4218/2474 2877/4238/2484 2888/4251/2493
f 2877/4238/2484 2868/4221/2476 2878/4239/2485
f 2878/4239/2485 2869/4240/2477 2891/4254/2497
f 2869/4223/2477 2879/4241/2486 2891/4256/2497
f 2870/4226/2478 2871/4227/2244 2879/4241/2486
f 2871/4227/2244 2880/4243/2487 2894/4259/2245
f 2873/4229/2480 2881/4245/2489 2880/4261/2487
f 2882/4244/2488 2883/4246/2490 2881/4245/2489
f 2883/4246/2490 2875/4232/2482 2884/4262/2491
f 2884/4247/2491 2876/4235/2483 2885/4248/2492
f 2885/4248/2492 2886/4236/2237 2895/4263/2500
f 2886/4236/2237 2887/4250/2494 2895/4263/2500
f 2888/4251/2493 2889/4252/2495 2887/4264/2494
f 2877/4238/2484 2890/4253/2496 2889/4252/2495
f 2890/4253/2496 2891/4254/2497 2892/4265/2498
f 2892/4255/2498 2879/4241/2486 2893/4257/2499
f 2893/4257/2499 2871/4227/2244 2894/4259/2245
f 2789/4258/2402 2880/4243/2487 2788/4289/2403
f 2788/4260/2403 2881/4245/2489 2791/4108/2405
f 2791/4108/2405 2883/4246/2490 2793/4109/2407
f 2793/4109/2407 2884/4262/2491 2795/4111/2409
f 2795/4113/2409 2885/4248/2492 2797/4114/2411
f 2797/4114/2411 2895/4263/2500 2799/4116/2413
f 2895/4263/2500 2801/4117/2414 2799/4116/2413
f 2887/4264/2494 2803/4121/2416 2801/4290/2414
f 2889/4252/2495 2805/4122/2418 2803/4121/2416
f 2890/4253/2496 2807/4124/2420 2805/4122/2418
f 2892/4255/2498 2809/4266/2422 2807/4291/2420
f 2893/4257/2499 2789/4258/2402 2809/4266/2422
f 2897/4292/2501 2975/4293/2502 2898/4294/2503
f 2899/4295/2504 2901/4296/2052 2900/4297/2505
f 2960/4298/2506 2969/4299/2507 2902/4300/2508
f 2903/4301/2509 2905/4302/2510 2904/4303/2511
f 2906/4304/2512 2908/4305/2061 2907/4306/2513
f 2909/4307/2514 2911/4308/2515 2910/4309/2516
f 2909/4307/2514 2910/4309/2516 2912/4310/2517
f 2899/4295/2504 2912/4310/2517 2913/4311/2518
f 2914/4312/2519 2916/4313/2520 2915/4314/2070
f 2970/4315/2521 2918/4316/2522 2917/4317/2523
f 2919/4318/2524 2921/4319/2525 2920/4320/2526
f 2922/4321/2527 2915/4322/2070 2965/4323/2078
f 2923/4324/2079 2963/4325/2528 2966/4326/2529
f 2900/4297/2505 2901/4296/2052 2924/4327/2530
f 2913/4311/2518 2912/4310/2517 2910/4309/2516
f 2925/4328/2083 2927/4329/2531 2926/4330/2532
f 2928/4331/2086 2930/4332/2087 2929/4333/2533
f 2929/4333/2533 2930/4332/2087 2931/4334/2089
f 2932/4335/2534 2931/4334/2089 2933/4336/2535
f 2934/4337/2536 2933/4336/2535 2935/4338/2537
f 2936/4339/2094 2935/4338/2537 2916/4313/2520
f 2937/4340/2538 2926/4330/2532 2968/4341/2539
f 2938/4342/2540 2940/4343/2098 2939/4344/2099
f 2939/4344/2099 2942/4345/2100 2941/4346/2101
f 2942/4345/2100 2944/4347/2102 2943/4348/2541
f 2943/4348/2541 2944/4347/2102 2945/4349/2104
f 2946/4350/2542 2945/4349/2104 2947/4351/2106
f 2947/4351/2106 2923/4324/2079 2948/4352/2107
f 2949/4353/2108 2928/4354/2086 2950/4355/2543
f 2918/4316/2522 2952/4356/2544 2951/4357/2111
f 2951/4357/2111 2952/4356/2544 2953/4358/2545
f 2954/4359/2113 2953/4358/2545 2955/4360/2546
f 2955/4360/2546 2957/4361/2115 2956/4362/2116
f 2957/4361/2115 2927/4329/2531 2925/4328/2083
f 2971/4363/2117 2958/4364/2547 2940/4343/2098
f 2899/4295/2504 2913/4311/2518 2921/4319/2525
f 2909/4307/2514 2900/4297/2505 2924/4327/2530
f 2909/4307/2514 2924/4327/2530 2908/4305/2061
f 2899/4295/2504 2959/4365/2548 2901/4296/2052
f 2960/4298/2506 2961/4366/2549 2909/4367/2514
f 2962/4368/2550 2899/4369/2504 2904/4370/2511
f 2973/4371/2551 2980/4372/2552 2900/4373/2505
f 2963/4374/2528 2920/3632/2526 2921/4375/2525
f 2911/4376/2515 2919/4377/2524 2964/4378/2124
f 2959/4379/2548 2906/4380/2512 2958/4381/2547
f 2981/4382/2553 2907/4383/2513 2908/4384/2061
f 2965/4385/2078 2966/4386/2529 2913/4311/2518
f 2967/4387/2554 2910/4309/2516 2968/4388/2539
f 2912/4389/2517 2898/4294/2503 2969/4390/2507
f 2976/4391/2127 2970/4392/2521 2924/4327/2530
f 2949/4393/2108 2901/4296/2052 2971/4394/2117
f 2972/4395/2128 2961/4366/2549 2960/4298/2506
f 2897/3669/2501 2962/4368/2550 2904/4370/2511
f 2973/4371/2551 2974/4396/2555 2903/4301/2509
f 2899/4295/2504 2900/4297/2505 2980/4397/2552
f 2961/4398/2549 2973/4399/2551 2900/4297/2505
f 2962/4400/2550 2898/4401/2503 2912/4310/2517
f 2909/4307/2514 2912/4310/2517 2969/4402/2507
f 2898/4294/2503 2975/4293/2502 2902/1434/2508
f 2967/4387/2554 2965/4385/2078 2913/4311/2518
f 2949/4393/2108 2976/4391/2127 2924/4327/2530
f 2966/3711/2529 2963/4403/2528 2921/4404/2525
f 2911/4308/2515 2964/4405/2124 2968/4388/2539
f 2971/4406/2117 2901/4407/2052 2959/4408/2548
f 2908/4305/2061 2924/4327/2530 2970/4392/2521
f 2949/4409/2108 2971/4410/2117 2938/4411/2540
f 2918/4412/2522 2970/4413/2521 2976/4414/2127
f 2948/4415/2107 2966/4416/2529 2965/4417/2078
f 2977/4418/2556 2948/4352/2107 2915/4419/2070
f 2946/4420/2542 2977/4421/2556 2916/4422/2520
f 2943/4348/2541 2946/4350/2542 2935/4423/2537
f 2943/4348/2541 2933/4424/2535 2931/4425/2089
f 2941/4346/2101 2931/4425/2089 2930/4426/2087
f 2978/4427/2557 2930/4426/2087 2928/4428/2086
f 2967/4429/2554 2968/4430/2539 2926/4431/2532
f 2922/4432/2527 2926/4330/2532 2927/4329/2531
f 2914/4312/2519 2927/4433/2531 2957/4434/2115
f 2936/4339/2094 2957/4434/2115 2955/4435/2546
f 2932/4335/2534 2934/4337/2536 2955/4435/2546
f 2929/4333/2533 2932/4335/2534 2953/4436/2545
f 2950/4437/2543 2929/4438/2533 2952/4356/2544
f 2972/4439/2128 2974/4396/2555 2973/4371/2551
f 2908/4305/2061 2899/4295/2504 2909/4307/2514
f 2899/4295/2504 2908/4305/2061 2959/4365/2548
f 2959/4365/2548 2908/4305/2061 2906/4304/2512
f 2921/4319/2525 2909/4307/2514 2899/4295/2504
f 2909/4307/2514 2921/4319/2525 2911/4308/2515
f 2911/4308/2515 2921/4319/2525 2919/4318/2524
f 2897/4292/2501 2898/4294/2503 2962/4440/2550
f 2960/4298/2506 2902/4300/2508 2979/4441/2132
f 2903/4301/2509 2904/4303/2511 2980/4372/2552
f 2914/4312/2519 2915/4314/2070 2922/4442/2527
f 2970/4315/2521 2917/4317/2523 2981/4443/2553
f 2922/4321/2527 2965/4323/2078 2967/4429/2554
f 2923/4324/2079 2966/4326/2529 2948/4352/2107
f 2925/4328/2083 2926/4330/2532 2937/4340/2538
f 2928/4331/2086 2929/4333/2533 2950/4444/2543
f 2929/4333/2533 2931/4334/2089 2932/4335/2534
f 2932/4335/2534 2933/4336/2535 2934/4337/2536
f 2934/4337/2536 2935/4338/2537 2936/4339/2094
f 2936/4339/2094 2916/4313/2520 2914/4312/2519
f 2937/4340/2538 2968/4341/2539 2964/4445/2124
f 2938/4342/2540 2939/4344/2099 2978/4427/2557
f 2939/4344/2099 2941/4346/2101 2978/4427/2557
f 2942/4345/2100 2943/4348/2541 2941/4346/2101
f 2943/4348/2541 2945/4349/2104 2946/4350/2542
f 2946/4350/2542 2947/4351/2106 2977/4418/2556
f 2947/4351/2106 2948/4352/2107 2977/4418/2556
f 2949/4353/2108 2950/4355/2543 2976/4414/2127
f 2918/4316/2522 2951/4357/2111 2917/4317/2523
f 2951/4357/2111 2953/4358/2545 2954/4359/2113
f 2954/4359/2113 2955/4360/2546 2982/4446/2133
f 2955/4360/2546 2956/4362/2116 2982/4446/2133
f 2957/4361/2115 2925/4328/2083 2956/4362/2116
f 2971/4363/2117 2940/4343/2098 2938/4342/2540
f 2972/4395/2128 2960/4298/2506 2979/4441/2132
f 2897/3669/2501 2904/4370/2511 2905/4447/2510
f 2973/4371/2551 2903/4301/2509 2980/4372/2552
f 2899/4295/2504 2980/4397/2552 2904/4448/2511
f 2961/4398/2549 2900/4297/2505 2909/4307/2514
f 2962/4400/2550 2912/4310/2517 2899/4295/2504
f 2909/4307/2514 2969/4402/2507 2960/4449/2506
f 2898/4294/2503 2902/1434/2508 2969/4390/2507
f 2967/4387/2554 2913/4311/2518 2910/4309/2516
f 2949/4393/2108 2924/4327/2530 2901/4296/2052
f 2966/4450/2529 2921/4451/2525 2913/4452/2518
f 2911/4308/2515 2968/4388/2539 2910/4309/2516
f 2971/4453/2117 2959/4454/2548 2958/4455/2547
f 2908/4305/2061 2970/4392/2521 2981/4456/2553
f 2949/4457/2108 2938/4342/2540 2928/4428/2086
f 2918/4412/2522 2976/4414/2127 2950/4355/2543
f 2948/4352/2107 2965/4458/2078 2915/4419/2070
f 2977/4418/2556 2915/4419/2070 2916/4459/2520
f 2946/4350/2542 2916/4459/2520 2935/4423/2537
f 2943/4348/2541 2935/4423/2537 2933/4424/2535
f 2943/4348/2541 2931/4425/2089 2941/4346/2101
f 2941/4460/2101 2930/4461/2087 2978/4462/2557
f 2978/4427/2557 2928/4428/2086 2938/4342/2540
f 2967/4429/2554 2926/4431/2532 2922/4321/2527
f 2922/4432/2527 2927/4329/2531 2914/4463/2519
f 2914/4312/2519 2957/4434/2115 2936/4339/2094
f 2936/4339/2094 2955/4435/2546 2934/4337/2536
f 2932/4335/2534 2955/4435/2546 2953/4436/2545
f 2929/4333/2533 2953/4436/2545 2952/4464/2544
f 2950/4437/2543 2952/4356/2544 2918/4316/2522
f 2972/4439/2128 2973/4371/2551 2961/4465/2549
f 2983/4466/2134 2985/4467/2102 2984/4468/2135
f 2986/4469/2136 2984/4468/2135 2987/4470/2558
f 2988/4471/2559 2987/4472/2558 2989/4473/2139
f 2990/4474/2140 2989/4473/2139 2991/4475/2141
f 2991/4475/2141 2993/4476/2142 2992/4477/2143
f 2993/4478/2142 2995/4479/2133 2994/4480/2342
f 2994/4480/2342 2995/4479/2133 2996/4481/2560
f 2997/4482/2146 2996/4481/2560 2998/4483/2561
f 2998/4484/2561 3000/4485/2562 2999/4486/2149
f 3000/4485/2562 3002/4487/2150 3001/4488/2151
f 3001/4488/2151 3002/4487/2150 3003/4489/2563
f 3003/4490/2563 2985/4467/2102 2983/4466/2134
f 3004/4491/2153 2983/4466/2134 2986/4469/2136
f 2986/4469/2136 2988/4492/2559 3005/4493/2564
f 2988/4471/2559 2990/4474/2140 3006/4494/2155
f 3006/4494/2155 2990/4474/2140 3007/4495/2565
f 3007/4495/2565 2992/4477/2143 3008/4496/2157
f 2992/4497/2143 2994/4480/2342 3009/4498/2158
f 3009/4498/2158 2994/4480/2342 2997/4482/2146
f 3010/4499/2566 2997/4482/2146 3011/4500/2567
f 3011/4501/2567 2999/4486/2149 3012/4502/2161
f 3012/4502/2161 2999/4486/2149 3001/4488/2151
f 3013/4503/2162 3001/4488/2151 3014/4504/2163
f 3014/4505/2163 2983/4466/2134 3004/4491/2153
f 3015/4506/2164 3004/4491/2153 3016/4507/2165
f 3016/4508/2165 3005/4509/2564 3017/4510/2568
f 3017/4510/2568 3005/4509/2564 3006/4494/2155
f 3006/4494/2155 3019/4511/2167 3018/4512/2168
f 3019/4511/2167 3008/4496/2157 3020/4513/2169
f 3020/4514/2169 3008/4515/2157 3009/4498/2158
f 3009/4498/2158 3010/4499/2566 3021/4516/2170
f 3021/4517/2170 3010/4518/2566 3022/4519/2171
f 3023/4520/2172 3022/4519/2171 3012/4502/2161
f 3012/4502/2161 3013/4503/2162 3024/4521/2173
f 3024/4521/2173 3013/4503/2162 3025/4522/2569
f 3025/4523/2569 3004/4491/2153 3015/4506/2164
f 3015/4506/2164 3027/4524/2570 3026/4525/2176
f 3026/4526/2176 3027/4527/2570 3017/4510/2568
f 3017/4510/2568 3029/4528/2571 3028/4529/2572
f 3029/4528/2571 3018/4512/2168 3030/4530/2573
f 3030/4530/2573 3018/4512/2168 3020/4513/2169
f 3020/4514/2169 3031/4531/2180 3032/4532/2181
f 3032/4532/2181 3031/4531/2180 3021/4516/2170
f 3021/4517/2170 3023/4520/2172 3033/4533/2182
f 3033/4533/2182 3023/4520/2172 3034/4534/2574
f 3035/4535/2184 3034/4534/2574 3024/4521/2173
f 3024/4521/2173 3037/4536/2185 3036/4537/2186
f 3036/4538/2186 3037/4539/2185 3015/4506/2164
f 3038/4540/2379 3026/4541/2176 3039/4542/2188
f 3039/4543/2188 3026/4526/2176 3040/4544/2189
f 3040/4544/2189 3028/4529/2572 3041/4545/2575
f 3028/4529/2572 3030/4530/2573 3042/4546/2191
f 3030/4530/2573 3044/4547/2576 3043/4548/2193
f 3044/4549/2576 3032/4550/2181 3045/4551/2194
f 3045/4551/2194 3032/4550/2181 3046/4552/2195
f 3047/4553/2196 3046/4554/2195 3033/4533/2182
f 3048/4555/2197 3033/4533/2182 3035/4535/2184
f 3049/4556/2198 3035/4535/2184 3050/4557/2199
f 3050/4557/2199 3036/4537/2186 3051/4558/2577
f 3051/4559/2577 3036/4560/2186 3038/4540/2379
f 3052/4561/2201 3053/4562/2202 3039/4542/2188
f 3054/4563/2203 3039/4543/2188 3055/4564/2204
f 3055/4564/2204 3041/4545/2575 3056/4565/2205
f 3056/4565/2205 3041/4545/2575 3042/4546/2191
f 3042/4546/2191 3043/4548/2193 3057/4566/2578
f 3043/4567/2193 3045/4551/2194 3058/4568/2207
f 3058/4568/2207 3045/4551/2194 3047/4569/2196
f 3059/4570/2208 3047/4553/2196 3048/4555/2197
f 3048/4555/2197 3049/4556/2198 3060/4571/2209
f 3060/4571/2209 3049/4556/2198 3061/4572/2210
f 3061/4572/2210 3051/4558/2577 3062/4573/2579
f 3062/4574/2579 3051/4559/2577 3053/4562/2202
f 3063/4575/2212 3052/4561/2201 3054/4576/2203
f 3064/4577/2213 3054/4576/2203 3065/4578/2214
f 3065/4579/2214 3056/4565/2205 3066/4580/2215
f 3066/4580/2215 3056/4565/2205 3067/4581/2580
f 3068/4582/2217 3067/4581/2580 3057/4566/2578
f 3069/4583/2218 3057/4584/2578 3058/4568/2207
f 3058/4568/2207 3059/4585/2208 3070/4586/2219
f 3059/4585/2208 3072/4587/2220 3071/4588/2221
f 3071/4589/2221 3072/4590/2220 3060/4571/2209
f 3073/4591/2222 3060/4571/2209 3074/4592/2223
f 3074/4592/2223 3062/4573/2579 3075/4593/2224
f 3075/4594/2224 3062/4574/2579 3052/4561/2201
f 3063/4575/2212 3064/4577/2213 3076/4595/2225
f 3064/4577/2213 3078/4596/2581 3077/4597/2227
f 3077/4598/2227 3078/4599/2581 3066/4580/2215
f 3079/4600/2582 3066/4580/2215 3068/4582/2217
f 3068/4582/2217 3069/4601/2218 3080/4602/2583
f 3080/4603/2583 3069/4583/2218 3081/4604/2479
f 3081/4604/2479 3070/4586/2219 3082/4605/2231
f 3082/4605/2231 3070/4586/2219 3071/4588/2221
f 3083/4606/2584 3071/4589/2221 3073/4591/2222
f 3073/4591/2222 3085/4607/2233 3084/4608/2585
f 3084/4608/2585 3085/4607/2233 3075/4593/2224
f 3086/4609/2235 3075/4594/2224 3063/4575/2212
f 3087/4610/2236 3088/4611/2237 3076/4595/2225
f 3089/4612/2238 3076/4595/2225 3077/4597/2227
f 3090/4613/2239 3077/4598/2227 3079/4600/2582
f 3091/4614/2240 3079/4600/2582 3092/4615/2241
f 3093/4616/2586 3092/4615/2241 3080/4602/2583
f 3094/4617/2243 3080/4603/2583 3095/4618/2244
f 3105/4619/2245 3095/4618/2244 3082/4605/2231
f 3082/4605/2231 3083/4620/2584 3096/4621/2246
f 3083/4606/2584 3098/4622/2247 3097/4623/2248
f 3098/4622/2247 3084/4608/2585 3099/4624/2249
f 3084/4608/2585 3086/4625/2235 3100/4626/2250
f 3100/4627/2250 3086/4609/2235 3088/4611/2237
f 3087/4610/2236 3089/4612/2238 3101/4628/2251
f 3101/4628/2251 3089/4612/2238 3090/4629/2239
f 3090/4613/2239 3091/4614/2240 3102/4630/2252
f 3102/4630/2252 3091/4614/2240 3093/4616/2586
f 3093/4616/2586 3094/4631/2243 3103/4632/2253
f 3094/4617/2243 3105/4619/2245 3104/4633/2587
f 3104/4633/2587 3105/4619/2245 3106/4634/2255
f 3107/4635/2256 3106/4634/2255 3096/4621/2246
f 3108/4636/2257 3096/4637/2246 3097/4623/2248
f 3109/4638/2588 3097/4623/2248 3099/4624/2249
f 3110/4639/2259 3099/4624/2249 3100/4626/2250
f 3111/4640/2260 3100/4627/2250 3087/4610/2236
f 3112/4641/2261 3101/4628/2251 3113/4642/2589
f 3101/4643/2251 3115/4644/2590 3114/4645/2264
f 3114/4645/2264 3115/4644/2590 3102/4630/2252
f 3116/4646/2265 3102/4630/2252 3117/4647/2266
f 3118/4648/2267 3117/4647/2266 3103/4632/2253
f 3119/4649/2268 3103/4650/2253 3104/4633/2587
f 3104/4633/2587 3107/4635/2256 3120/4651/2269
f 3107/4652/2256 3108/4636/2257 3121/4653/2591
f 3108/4636/2257 3109/4638/2588 3122/4654/2271
f 3109/4638/2588 3110/4639/2259 3123/4655/2272
f 3123/4655/2272 3110/4639/2259 3111/4656/2260
f 3124/4657/2592 3111/4640/2260 3112/4641/2261
f 3125/4658/2274 3126/4659/2275 3113/4642/2589
f 3113/4660/2589 3114/4645/2264 3127/4661/2593
f 3127/4661/2593 3114/4645/2264 3116/4646/2265
f 3116/4646/2265 3118/4648/2267 3128/4662/2277
f 3128/4662/2277 3118/4648/2267 3119/4663/2268
f 3119/4649/2268 3130/4664/2278 3129/4665/2279
f 3129/4665/2279 3130/4664/2278 3120/4651/2269
f 3131/4666/2280 3120/4667/2269 3121/4653/2591
f 3132/4668/2281 3121/4653/2591 3122/4654/2271
f 3122/4654/2271 3123/4655/2272 3133/4669/2282
f 3133/4669/2282 3123/4655/2272 3124/4670/2592
f 3134/4671/2283 3124/4657/2592 3126/4659/2275
f 3135/4672/2284 3125/4673/2274 3136/4674/2594
f 3136/4675/2594 3127/4661/2593 3137/4676/2286
f 3137/4676/2286 3127/4661/2593 3138/4677/2287
f 3138/4677/2287 3128/4662/2277 3139/4678/2288
f 3139/4678/2288 3128/4662/2277 3140/4679/2289
f 3140/4680/2289 3129/4681/2279 3141/4682/2595
f 3141/4682/2595 3129/4681/2279 3131/4683/2280
f 3131/4666/2280 3132/4668/2281 3142/4684/2596
f 3142/4684/2596 3132/4668/2281 3143/4685/2597
f 3143/4685/2597 3133/4669/2282 3144/4686/2293
f 3144/4686/2293 3133/4669/2282 3134/4687/2283
f 3134/4688/2283 3125/4673/2274 3135/4672/2284
f 3145/4689/2294 3135/4672/2284 3146/4690/2295
f 3147/4691/2296 3146/4692/2295 3137/4676/2286
f 3137/4676/2286 3149/4693/2598 3148/4694/2298
f 3149/4693/2598 3139/4678/2288 3150/4695/2599
f 3150/4695/2599 3139/4678/2288 3151/4696/2300
f 3152/4697/2600 3151/4698/2300 3141/4682/2595
f 3141/4682/2595 3154/4699/2302 3153/4700/2303
f 3154/4701/2302 3142/4684/2596 3155/4702/2601
f 3155/4702/2601 3142/4684/2596 3156/4703/2305
f 3157/4704/2306 3156/4703/2305 3144/4686/2293
f 3144/4686/2293 3159/4705/2307 3158/4706/2308
f 3158/4707/2308 3159/4708/2307 3135/4672/2284
f 3145/4689/2294 3147/4709/2296 3160/4710/2602
f 3147/4691/2296 3162/4711/2603 3161/4712/2311
f 3161/4712/2311 3162/4711/2603 3148/4694/2298
f 3163/4713/2312 3148/4694/2298 3150/4695/2599
f 3164/4714/2313 3150/4715/2599 3152/4697/2600
f 3152/4697/2600 3166/4716/2314 3165/4717/2464
f 3165/4717/2464 3166/4716/2314 3153/4700/2303
f 3153/4718/2303 3155/4702/2601 3167/4719/2604
f 3167/4719/2604 3155/4702/2601 3157/4704/2306
f 3157/4704/2306 3169/4720/2317 3168/4721/2605
f 3168/4722/2605 3169/4723/2317 3158/4707/2308
f 3170/4724/2319 3158/4707/2308 3145/4689/2294
f 3171/4725/2320 3160/4710/2602 3172/4726/2321
f 3172/4727/2321 3160/4728/2602 3161/4712/2311
f 3161/4712/2311 3163/4713/2312 3173/4729/2322
f 3173/4729/2322 3163/4713/2312 3164/4730/2313
f 3174/4731/2323 3164/4714/2313 3175/4732/2606
f 3175/4732/2606 3165/4717/2464 3176/4733/2102
f 3176/4733/2102 3165/4717/2464 3177/4734/2325
f 3177/4735/2325 3167/4719/2604 3178/4736/2607
f 3167/4719/2604 3180/4737/2327 3179/4738/2328
f 3179/4738/2328 3180/4737/2327 3168/4721/2605
f 3168/4722/2605 3170/4724/2319 3181/4739/2329
f 3181/4739/2329 3170/4724/2319 3171/4725/2320
f 3182/4740/2133 3172/4726/2321 3189/4741/2330
f 3189/4742/2330 3172/4727/2321 3183/4743/2331
f 3183/4743/2331 3173/4729/2322 3191/4744/2332
f 3173/4729/2322 3174/4745/2323 3192/4746/2608
f 3174/4731/2323 3184/4747/2334 3194/4748/2609
f 3194/4748/2609 3184/4747/2334 3176/4733/2102
f 3176/4733/2102 3185/4749/2610 3196/4750/2611
f 3196/4751/2611 3185/4752/2610 3178/4736/2607
f 3199/4753/2612 3178/4736/2607 3179/4738/2328
f 3186/4754/2613 3179/4738/2328 3187/4755/2340
f 3187/4756/2340 3181/4739/2329 3202/4757/2341
f 3202/4757/2341 3181/4739/2329 3182/4740/2133
f 3364/4758/2342 3189/4741/2330 3188/4759/2343
f 3188/4760/2343 3189/4742/2330 3365/4761/2614
f 3365/4761/2614 3191/4744/2332 3190/4762/2345
f 3190/4762/2345 3191/4744/2332 3192/4746/2608
f 3192/4763/2608 3194/4748/2609 3193/4764/2346
f 3193/4764/2346 3194/4748/2609 3197/4765/2134
f 3195/4766/2153 3197/4765/2134 3196/4750/2611
f 3198/4767/2348 3196/4751/2611 3199/4753/2612
f 3199/4753/2612 3186/4754/2613 3200/4768/2349
f 3200/4768/2349 3186/4754/2613 3366/4769/2350
f 3366/4770/2350 3202/4757/2341 3201/4771/2351
f 3201/4771/2351 3202/4757/2341 3364/4758/2342
f 3203/4772/2158 3188/4759/2343 3204/4773/2615
f 3204/4774/2615 3188/4760/2343 3205/4775/2353
f 3205/4775/2353 3190/4762/2345 3206/4776/2354
f 3190/4762/2345 3208/4777/2616 3207/4778/2356
f 3208/4777/2616 3193/4779/2346 3209/4780/2357
f 3209/4781/2357 3193/4764/2346 3195/4766/2153
f 3195/4766/2153 3198/4782/2348 3210/4783/2617
f 3210/4784/2617 3198/4767/2348 3211/4785/2359
f 3212/4786/2360 3211/4785/2359 3200/4768/2349
f 3213/4787/2361 3200/4768/2349 3214/4788/2618
f 3215/4789/2363 3214/4788/2618 3201/4790/2351
f 3216/4791/2364 3201/4771/2351 3203/4772/2158
f 3217/4792/2181 3218/4793/2180 3204/4773/2615
f 3204/4774/2615 3220/4794/2366 3219/4795/2367
f 3219/4795/2367 3220/4794/2366 3206/4776/2354
f 3206/4776/2354 3207/4778/2356 3221/4796/2368
f 3207/4778/2356 3209/4780/2357 3222/4797/2369
f 3222/4798/2369 3209/4781/2357 3223/4799/2164
f 3223/4799/2164 3210/4783/2617 3224/4800/2370
f 3224/4801/2370 3210/4784/2617 3212/4786/2360
f 3225/4802/2371 3212/4786/2360 3213/4787/2361
f 3213/4787/2361 3215/4789/2363 3226/4803/2372
f 3226/4803/2372 3215/4789/2363 3216/4804/2364
f 3216/4791/2364 3218/4793/2180 3217/4792/2181
f 3227/4805/2373 3217/4806/2181 3228/4807/2619
f 3228/4808/2619 3219/4795/2367 3229/4809/2620
f 3229/4809/2620 3219/4795/2367 3230/4810/2376
f 3231/4811/2377 3230/4810/2376 3221/4796/2368
f 3221/4796/2368 3222/4797/2369 3232/4812/2378
f 3222/4813/2369 3234/4814/2379 3233/4815/2380
f 3233/4815/2380 3234/4814/2379 3224/4816/2370
f 3235/4817/2381 3224/4801/2370 3225/4802/2371
f 3225/4802/2371 3237/4818/2382 3236/4819/2383
f 3236/4819/2383 3237/4818/2382 3226/4803/2372
f 3238/4820/2384 3226/4803/2372 3239/4821/2385
f 3239/4822/2385 3217/4806/2181 3227/4805/2373
f 3227/4823/2373 3241/4824/2621 3240/4825/2387
f 3241/4826/2621 3229/4809/2620 3242/4827/2622
f 3229/4809/2620 3231/4811/2377 3243/4828/2389
f 3231/4811/2377 3245/4829/2623 3244/4830/2624
f 3245/4831/2623 3232/4832/2378 3246/4833/2392
f 3232/4832/2378 3233/4815/2380 3247/4834/2625
f 3247/4834/2625 3233/4815/2380 3235/4835/2381
f 3248/4836/2394 3235/4835/2381 3249/4837/2395
f 3250/4838/2396 3249/4839/2395 3236/4819/2383
f 3251/4840/2397 3236/4819/2383 3238/4820/2384
f 3252/4841/2398 3238/4842/2384 3253/4843/2399
f 3254/4844/2400 3253/4843/2399 3227/4823/2373
f 3255/4845/2626 3257/4846/2402 3256/4847/2403
f 3258/4848/2404 3256/4847/2403 3259/4849/2627
f 3260/4850/2406 3259/4851/2627 3261/4852/2407
f 3262/4853/2628 3261/4852/2407 3263/4854/2409
f 3264/4855/2410 3263/4856/2409 3265/4857/2411
f 3266/4858/2412 3265/4857/2411 3267/4859/2629
f 3267/4859/2629 3269/4860/2414 3268/4861/2415
f 3269/4860/2414 3271/4862/2630 3270/4863/2417
f 3271/4864/2630 3273/4865/2418 3272/4866/2419
f 3273/4865/2418 3275/4867/2420 3274/4868/2631
f 3275/4867/2420 3277/4869/2422 3276/4870/2423
f 3277/4871/2422 3257/4846/2402 3255/4845/2626
f 3255/4872/2626 3258/4873/2404 3278/4874/2632
f 3278/4875/2632 3258/4876/2404 3260/4850/2406
f 3279/4877/2633 3260/4850/2406 3262/4853/2628
f 3280/4878/2426 3262/4853/2628 3264/4879/2410
f 3281/4880/2427 3264/4879/2410 3266/4881/2412
f 3282/4882/2428 3266/4858/2412 3283/4883/2634
f 3283/4883/2634 3268/4861/2415 3284/4884/2635
f 3268/4885/2415 3270/4886/2417 3285/4887/2431
f 3270/4886/2417 3272/4866/2419 3286/4888/2432
f 3272/4866/2419 3274/4868/2631 3287/4889/2433
f 3274/4868/2631 3276/4870/2423 3288/4890/2636
f 3288/4891/2636 3276/4892/2423 3255/4872/2626
f 3289/4893/2595 3290/4894/2637 3278/4895/2632
f 3278/4875/2632 3279/4877/2633 3291/4896/2435
f 3291/4896/2435 3279/4877/2633 3280/4878/2426
f 3292/4897/2436 3280/4878/2426 3281/4880/2427
f 3281/4880/2427 3282/4898/2428 3293/4899/2437
f 3293/4900/2437 3282/4901/2428 3294/4902/2274
f 3294/4902/2274 3284/4903/2635 3295/4904/2439
f 3295/4905/2439 3284/4906/2635 3285/4887/2431
f 3285/4887/2431 3286/4888/2432 3296/4907/2638
f 3296/4907/2638 3286/4888/2432 3287/4889/2433
f 3297/4908/2441 3287/4889/2433 3288/4890/2636
f 3288/4909/2636 3290/4894/2637 3289/4893/2595
f 3289/4893/2595 3299/4910/2442 3298/4911/2639
f 3298/4912/2639 3299/4913/2442 3291/4896/2435
f 3291/4896/2435 3292/4897/2436 3300/4914/2444
f 3300/4914/2444 3292/4897/2436 3301/4915/2445
f 3301/4915/2445 3293/4899/2437 3302/4916/2446
f 3302/4917/2446 3293/4900/2437 3303/4918/2640
f 3303/4918/2640 3295/4904/2439 3304/4919/2641
f 3304/4920/2641 3295/4905/2439 3305/4921/2642
f 3305/4921/2642 3296/4907/2638 3306/4922/2449
f 3306/4922/2449 3296/4907/2638 3297/4908/2441
f 3297/4908/2441 3308/4923/2643 3307/4924/2451
f 3307/4925/2451 3308/4926/2643 3289/4893/2595
f 3309/4927/2314 3298/4911/2639 3310/4928/2452
f 3310/4928/2452 3298/4911/2639 3311/4929/2453
f 3311/4930/2453 3300/4914/2444 3312/4931/2454
f 3300/4914/2444 3314/4932/2644 3313/4933/2456
f 3314/4932/2644 3302/4916/2446 3315/4934/2645
f 3315/4935/2645 3302/4917/2446 3316/4936/2294
f 3316/4936/2294 3304/4919/2641 3317/4937/2458
f 3317/4937/2458 3304/4919/2641 3318/4938/2459
f 3319/4939/2646 3318/4940/2459 3306/4922/2449
f 3320/4941/2461 3306/4922/2449 3321/4942/2647
f 3321/4942/2647 3307/4924/2451 3322/4943/2648
f 3322/4944/2648 3307/4925/2451 3309/4927/2314
f 2985/4467/2102 3323/4945/2464 3310/4928/2452
f 3310/4928/2452 3324/4946/2649 2987/4470/2558
f 2987/4472/2558 3324/4947/2649 3312/4931/2454
f 3312/4931/2454 3313/4933/2456 2991/4475/2141
f 2991/4475/2141 3313/4933/2456 3315/4934/2645
f 2993/4478/2142 3315/4935/2645 3325/4948/2650
f 3325/4948/2650 3317/4937/2458 2996/4481/2560
f 3317/4937/2458 3319/4949/2646 2998/4483/2561
f 2998/4484/2561 3319/4939/2646 3320/4941/2461
f 3320/4941/2461 3326/4950/2466 3002/4487/2150
f 3002/4487/2150 3326/4950/2466 3322/4943/2648
f 3003/4490/2563 3322/4944/2648 3323/4945/2464
f 3327/4951/2467 3240/4952/2387 3328/4953/2468
f 3240/4954/2387 3242/4827/2622 3329/4955/2469
f 3242/4827/2622 3243/4828/2389 3330/4956/2470
f 3243/4828/2389 3244/4830/2624 3331/4957/2471
f 3244/4958/2624 3246/4833/2392 3332/4959/2472
f 3246/4833/2392 3247/4834/2625 3333/4960/2473
f 3333/4960/2473 3247/4834/2625 3248/4836/2394
f 3334/4961/2651 3248/4962/2394 3250/4838/2396
f 3335/4963/2652 3250/4838/2396 3251/4840/2397
f 3336/4964/2476 3251/4840/2397 3252/4965/2398
f 3337/4966/2653 3252/4967/2398 3254/4968/2400
f 3338/4969/2478 3254/4968/2400 3327/4951/2467
f 3339/4970/2244 3340/4971/2479 3328/4953/2468
f 3341/4972/2480 3328/4973/2468 3329/4955/2469
f 3329/4955/2469 3330/4956/2470 3342/4974/2654
f 3330/4956/2470 3331/4957/2471 3343/4975/2482
f 3343/4976/2482 3331/4977/2471 3332/4959/2472
f 3344/4978/2483 3332/4959/2472 3333/4960/2473
f 3345/4979/2237 3333/4960/2473 3334/4980/2651
f 3334/4961/2651 3335/4963/2652 3346/4981/2484
f 3346/4981/2484 3335/4963/2652 3336/4964/2476
f 3347/4982/2485 3336/4964/2476 3337/4983/2653
f 3337/4966/2653 3338/4969/2478 3348/4984/2486
f 3338/4969/2478 3340/4971/2479 3339/4970/2244
f 3339/4970/2244 3341/4985/2480 3349/4986/2487
f 3341/4972/2480 3351/4987/2488 3350/4988/2489
f 3351/4987/2488 3342/4974/2654 3352/4989/2490
f 3352/4989/2490 3342/4974/2654 3343/4975/2482
f 3353/4990/2491 3343/4976/2482 3344/4978/2483
f 3354/4991/2492 3344/4978/2483 3345/4979/2237
f 3345/4979/2237 3356/4992/2655 3355/4993/2494
f 3356/4994/2655 3346/4981/2484 3357/4995/2656
f 3346/4981/2484 3347/4982/2485 3358/4996/2657
f 3358/4996/2657 3347/4982/2485 3359/4997/2497
f 3360/4998/2498 3359/4999/2497 3348/4984/2486
f 3361/5000/2499 3348/4984/2486 3339/4970/2244
f 3257/5001/2402 3362/5002/2245 3349/4986/2487
f 3256/5003/2403 3349/5004/2487 3350/4988/2489
f 3259/4851/2627 3350/4988/2489 3352/4989/2490
f 3261/4852/2407 3352/4989/2490 3353/5005/2491
f 3263/4856/2409 3353/4990/2491 3354/4991/2492
f 3265/4857/2411 3354/4991/2492 3363/5006/2500
f 3363/5006/2500 3355/4993/2494 3269/4860/2414
f 3355/5007/2494 3357/4995/2656 3271/4864/2630
f 3357/4995/2656 3358/4996/2657 3273/4865/2418
f 3358/4996/2657 3360/5008/2498 3275/4867/2420
f 3360/4998/2498 3361/5000/2499 3277/5009/2422
f 3361/5000/2499 3362/5002/2245 3257/5001/2402
f 2983/4466/2134 2984/4468/2135 2986/4469/2136
f 2986/4469/2136 2987/4470/2558 2988/4492/2559
f 2988/4471/2559 2989/4473/2139 2990/4474/2140
f 2990/4474/2140 2991/4475/2141 3007/4495/2565
f 2991/4475/2141 2992/4477/2143 3007/4495/2565
f 2993/4478/2142 2994/4480/2342 2992/4497/2143
f 2994/4480/2342 2996/4481/2560 2997/4482/2146
f 2997/4482/2146 2998/4483/2561 3011/4500/2567
f 2998/4484/2561 2999/4486/2149 3011/4501/2567
f 3000/4485/2562 3001/4488/2151 2999/4486/2149
f 3001/4488/2151 3003/4489/2563 3014/4504/2163
f 3003/4490/2563 2983/4466/2134 3014/4505/2163
f 3004/4491/2153 2986/4469/2136 3016/4507/2165
f 2986/4469/2136 3005/4493/2564 3016/4507/2165
f 2988/4471/2559 3006/4494/2155 3005/4509/2564
f 3006/4494/2155 3007/4495/2565 3019/4511/2167
f 3007/4495/2565 3008/4496/2157 3019/4511/2167
f 2992/4497/2143 3009/4498/2158 3008/4515/2157
f 3009/4498/2158 2997/4482/2146 3010/4499/2566
f 3010/4499/2566 3011/4500/2567 3022/5010/2171
f 3011/4501/2567 3012/4502/2161 3022/4519/2171
f 3012/4502/2161 3001/4488/2151 3013/4503/2162
f 3013/4503/2162 3014/4504/2163 3025/4522/2569
f 3014/4505/2163 3004/4491/2153 3025/4523/2569
f 3015/4506/2164 3016/4507/2165 3027/4524/2570
f 3016/4508/2165 3017/4510/2568 3027/4527/2570
f 3017/4510/2568 3006/4494/2155 3029/4528/2571
f 3006/4494/2155 3018/4512/2168 3029/4528/2571
f 3019/4511/2167 3020/4513/2169 3018/4512/2168
f 3020/4514/2169 3009/4498/2158 3031/4531/2180
f 3009/4498/2158 3021/4516/2170 3031/4531/2180
f 3021/4517/2170 3022/4519/2171 3023/4520/2172
f 3023/4520/2172 3012/4502/2161 3034/4534/2574
f 3012/4502/2161 3024/4521/2173 3034/4534/2574
f 3024/4521/2173 3025/4522/2569 3037/4536/2185
f 3025/4523/2569 3015/4506/2164 3037/4539/2185
f 3015/4506/2164 3026/4525/2176 3038/5011/2379
f 3026/4526/2176 3017/4510/2568 3040/4544/2189
f 3017/4510/2568 3028/4529/2572 3040/4544/2189
f 3029/4528/2571 3030/4530/2573 3028/4529/2572
f 3030/4530/2573 3020/4513/2169 3044/4547/2576
f 3020/4514/2169 3032/4532/2181 3044/5012/2576
f 3032/4532/2181 3021/4516/2170 3046/5013/2195
f 3021/4517/2170 3033/4533/2182 3046/4554/2195
f 3033/4533/2182 3034/4534/2574 3035/4535/2184
f 3035/4535/2184 3024/4521/2173 3050/4557/2199
f 3024/4521/2173 3036/4537/2186 3050/4557/2199
f 3036/4538/2186 3015/4506/2164 3038/5011/2379
f 3038/4540/2379 3039/4542/2188 3053/4562/2202
f 3039/4543/2188 3040/4544/2189 3055/4564/2204
f 3040/4544/2189 3041/4545/2575 3055/4564/2204
f 3028/4529/2572 3042/4546/2191 3041/4545/2575
f 3030/4530/2573 3043/4548/2193 3042/4546/2191
f 3044/4549/2576 3045/4551/2194 3043/4567/2193
f 3045/4551/2194 3046/4552/2195 3047/4569/2196
f 3047/4553/2196 3033/4533/2182 3048/4555/2197
f 3048/4555/2197 3035/4535/2184 3049/4556/2198
f 3049/4556/2198 3050/4557/2199 3061/4572/2210
f 3050/4557/2199 3051/4558/2577 3061/4572/2210
f 3051/4559/2577 3038/4540/2379 3053/4562/2202
f 3052/4561/2201 3039/4542/2188 3054/4576/2203
f 3054/4563/2203 3055/4564/2204 3065/4579/2214
f 3055/4564/2204 3056/4565/2205 3065/4579/2214
f 3056/4565/2205 3042/4546/2191 3067/4581/2580
f 3042/4546/2191 3057/4566/2578 3067/4581/2580
f 3043/4567/2193 3058/4568/2207 3057/4584/2578
f 3058/4568/2207 3047/4569/2196 3059/4585/2208
f 3059/4570/2208 3048/4555/2197 3072/4590/2220
f 3048/4555/2197 3060/4571/2209 3072/4590/2220
f 3060/4571/2209 3061/4572/2210 3074/4592/2223
f 3061/4572/2210 3062/4573/2579 3074/4592/2223
f 3062/4574/2579 3053/4562/2202 3052/4561/2201
f 3063/4575/2212 3054/4576/2203 3064/4577/2213
f 3064/4577/2213 3065/4578/2214 3078/4596/2581
f 3065/4579/2214 3066/4580/2215 3078/4599/2581
f 3066/4580/2215 3067/4581/2580 3068/4582/2217
f 3068/4582/2217 3057/4566/2578 3069/4601/2218
f 3069/4583/2218 3058/4568/2207 3081/4604/2479
f 3058/4568/2207 3070/4586/2219 3081/4604/2479
f 3059/4585/2208 3071/4588/2221 3070/4586/2219
f 3071/4589/2221 3060/4571/2209 3073/4591/2222
f 3073/4591/2222 3074/4592/2223 3085/4607/2233
f 3074/4592/2223 3075/4593/2224 3085/4607/2233
f 3075/4594/2224 3052/4561/2201 3063/4575/2212
f 3063/4575/2212 3076/4595/2225 3088/4611/2237
f 3064/4577/2213 3077/4597/2227 3076/4595/2225
f 3077/4598/2227 3066/4580/2215 3079/4600/2582
f 3079/4600/2582 3068/4582/2217 3092/4615/2241
f 3068/4582/2217 3080/4602/2583 3092/4615/2241
f 3080/4603/2583 3081/4604/2479 3095/4618/2244
f 3081/4604/2479 3082/4605/2231 3095/4618/2244
f 3082/4605/2231 3071/4588/2221 3083/4620/2584
f 3083/4606/2584 3073/4591/2222 3098/4622/2247
f 3073/4591/2222 3084/4608/2585 3098/4622/2247
f 3084/4608/2585 3075/4593/2224 3086/4625/2235
f 3086/4609/2235 3063/4575/2212 3088/4611/2237
f 3087/4610/2236 3076/4595/2225 3089/4612/2238
f 3089/4612/2238 3077/4597/2227 3090/4629/2239
f 3090/4613/2239 3079/4600/2582 3091/4614/2240
f 3091/4614/2240 3092/4615/2241 3093/4616/2586
f 3093/4616/2586 3080/4602/2583 3094/4631/2243
f 3094/4617/2243 3095/4618/2244 3105/4619/2245
f 3105/4619/2245 3082/4605/2231 3106/4634/2255
f 3082/4605/2231 3096/4621/2246 3106/4634/2255
f 3083/4606/2584 3097/4623/2248 3096/4637/2246
f 3098/4622/2247 3099/4624/2249 3097/4623/2248
f 3084/4608/2585 3100/4626/2250 3099/4624/2249
f 3100/4627/2250 3088/4611/2237 3087/4610/2236
f 3087/4610/2236 3101/4628/2251 3112/4641/2261
f 3101/4628/2251 3090/4629/2239 3115/5014/2590
f 3090/4613/2239 3102/4630/2252 3115/4644/2590
f 3102/4630/2252 3093/4616/2586 3117/4647/2266
f 3093/4616/2586 3103/4632/2253 3117/4647/2266
f 3094/4617/2243 3104/4633/2587 3103/4650/2253
f 3104/4633/2587 3106/4634/2255 3107/4635/2256
f 3107/4635/2256 3096/4621/2246 3108/5015/2257
f 3108/4636/2257 3097/4623/2248 3109/4638/2588
f 3109/4638/2588 3099/4624/2249 3110/4639/2259
f 3110/4639/2259 3100/4626/2250 3111/4656/2260
f 3111/4640/2260 3087/4610/2236 3112/4641/2261
f 3112/4641/2261 3113/4642/2589 3126/4659/2275
f 3101/4643/2251 3114/4645/2264 3113/4660/2589
f 3114/4645/2264 3102/4630/2252 3116/4646/2265
f 3116/4646/2265 3117/4647/2266 3118/4648/2267
f 3118/4648/2267 3103/4632/2253 3119/4663/2268
f 3119/4649/2268 3104/4633/2587 3130/4664/2278
f 3104/4633/2587 3120/4651/2269 3130/4664/2278
f 3107/4652/2256 3121/4653/2591 3120/4667/2269
f 3108/4636/2257 3122/4654/2271 3121/4653/2591
f 3109/4638/2588 3123/4655/2272 3122/4654/2271
f 3123/4655/2272 3111/4656/2260 3124/4670/2592
f 3124/4657/2592 3112/4641/2261 3126/4659/2275
f 3125/4658/2274 3113/4642/2589 3136/5016/2594
f 3113/4660/2589 3127/4661/2593 3136/4675/2594
f 3127/4661/2593 3116/4646/2265 3138/4677/2287
f 3116/4646/2265 3128/4662/2277 3138/4677/2287
f 3128/4662/2277 3119/4663/2268 3140/4679/2289
f 3119/4649/2268 3129/4665/2279 3140/5017/2289
f 3129/4665/2279 3120/4651/2269 3131/5018/2280
f 3131/4666/2280 3121/4653/2591 3132/4668/2281
f 3132/4668/2281 3122/4654/2271 3143/4685/2597
f 3122/4654/2271 3133/4669/2282 3143/4685/2597
f 3133/4669/2282 3124/4670/2592 3134/4687/2283
f 3134/4671/2283 3126/4659/2275 3125/4658/2274
f 3135/4672/2284 3136/4674/2594 3146/4690/2295
f 3136/4675/2594 3137/4676/2286 3146/4692/2295
f 3137/4676/2286 3138/4677/2287 3149/4693/2598
f 3138/4677/2287 3139/4678/2288 3149/4693/2598
f 3139/4678/2288 3140/4679/2289 3151/4696/2300
f 3140/4680/2289 3141/4682/2595 3151/4698/2300
f 3141/4682/2595 3131/4683/2280 3154/4699/2302
f 3131/4666/2280 3142/4684/2596 3154/4701/2302
f 3142/4684/2596 3143/4685/2597 3156/4703/2305
f 3143/4685/2597 3144/4686/2293 3156/4703/2305
f 3144/4686/2293 3134/4687/2283 3159/4705/2307
f 3134/4688/2283 3135/4672/2284 3159/4708/2307
f 3145/4689/2294 3146/4690/2295 3147/4709/2296
f 3147/4691/2296 3137/4676/2286 3162/4711/2603
f 3137/4676/2286 3148/4694/2298 3162/4711/2603
f 3149/4693/2598 3150/4695/2599 3148/4694/2298
f 3150/4695/2599 3151/4696/2300 3152/5019/2600
f 3152/4697/2600 3141/4682/2595 3166/4716/2314
f 3141/4682/2595 3153/4700/2303 3166/4716/2314
f 3154/4701/2302 3155/4702/2601 3153/4718/2303
f 3155/4702/2601 3156/4703/2305 3157/4704/2306
f 3157/4704/2306 3144/4686/2293 3169/4720/2317
f 3144/4686/2293 3158/4706/2308 3169/4720/2317
f 3158/4707/2308 3135/4672/2284 3145/4689/2294
f 3145/4689/2294 3160/4710/2602 3171/4725/2320
f 3147/4691/2296 3161/4712/2311 3160/4728/2602
f 3161/4712/2311 3148/4694/2298 3163/4713/2312
f 3163/4713/2312 3150/4695/2599 3164/4730/2313
f 3164/4714/2313 3152/4697/2600 3175/4732/2606
f 3152/4697/2600 3165/4717/2464 3175/4732/2606
f 3165/4717/2464 3153/4700/2303 3177/4734/2325
f 3153/4718/2303 3167/4719/2604 3177/4735/2325
f 3167/4719/2604 3157/4704/2306 3180/4737/2327
f 3157/4704/2306 3168/4721/2605 3180/4737/2327
f 3168/4722/2605 3158/4707/2308 3170/4724/2319
f 3170/4724/2319 3145/4689/2294 3171/4725/2320
f 3171/4725/2320 3172/4726/2321 3182/4740/2133
f 3172/4727/2321 3161/4712/2311 3183/4743/2331
f 3161/4712/2311 3173/4729/2322 3183/4743/2331
f 3173/4729/2322 3164/4730/2313 3174/4745/2323
f 3174/4731/2323 3175/4732/2606 3184/4747/2334
f 3175/4732/2606 3176/4733/2102 3184/4747/2334
f 3176/4733/2102 3177/4734/2325 3185/4749/2610
f 3177/4735/2325 3178/4736/2607 3185/4752/2610
f 3167/4719/2604 3179/4738/2328 3178/4736/2607
f 3179/4738/2328 3168/4721/2605 3187/4755/2340
f 3168/4722/2605 3181/4739/2329 3187/4756/2340
f 3181/4739/2329 3171/4725/2320 3182/4740/2133
f 3182/4740/2133 3189/4741/2330 3364/4758/2342
f 3189/4742/2330 3183/4743/2331 3365/4761/2614
f 3183/4743/2331 3191/4744/2332 3365/4761/2614
f 3173/4729/2322 3192/4746/2608 3191/4744/2332
f 3174/4731/2323 3194/4748/2609 3192/4763/2608
f 3194/4748/2609 3176/4733/2102 3197/4765/2134
f 3176/4733/2102 3196/4750/2611 3197/4765/2134
f 3196/4751/2611 3178/4736/2607 3199/4753/2612
f 3199/4753/2612 3179/4738/2328 3186/4754/2613
f 3186/4754/2613 3187/4755/2340 3366/4769/2350
f 3187/4756/2340 3202/4757/2341 3366/4770/2350
f 3202/4757/2341 3182/4740/2133 3364/4758/2342
f 3364/4758/2342 3188/4759/2343 3203/4772/2158
f 3188/4760/2343 3365/4761/2614 3205/4775/2353
f 3365/4761/2614 3190/4762/2345 3205/4775/2353
f 3190/4762/2345 3192/4746/2608 3208/4777/2616
f 3192/4763/2608 3193/4764/2346 3208/5020/2616
f 3193/4764/2346 3197/4765/2134 3195/4766/2153
f 3195/4766/2153 3196/4750/2611 3198/4782/2348
f 3198/4767/2348 3199/4753/2612 3211/4785/2359
f 3199/4753/2612 3200/4768/2349 3211/4785/2359
f 3200/4768/2349 3366/4769/2350 3214/4788/2618
f 3366/4770/2350 3201/4771/2351 3214/5021/2618
f 3201/4771/2351 3364/4758/2342 3203/4772/2158
f 3203/4772/2158 3204/4773/2615 3218/4793/2180
f 3204/4774/2615 3205/4775/2353 3220/4794/2366
f 3205/4775/2353 3206/4776/2354 3220/4794/2366
f 3190/4762/2345 3207/4778/2356 3206/4776/2354
f 3208/4777/2616 3209/4780/2357 3207/4778/2356
f 3209/4781/2357 3195/4766/2153 3223/4799/2164
f 3195/4766/2153 3210/4783/2617 3223/4799/2164
f 3210/4784/2617 3211/4785/2359 3212/4786/2360
f 3212/4786/2360 3200/4768/2349 3213/4787/2361
f 3213/4787/2361 3214/4788/2618 3215/4789/2363
f 3215/4789/2363 3201/4790/2351 3216/4804/2364
f 3216/4791/2364 3203/4772/2158 3218/4793/2180
f 3217/4792/2181 3204/4773/2615 3228/5022/2619
f 3204/4774/2615 3219/4795/2367 3228/4808/2619
f 3219/4795/2367 3206/4776/2354 3230/4810/2376
f 3206/4776/2354 3221/4796/2368 3230/4810/2376
f 3207/4778/2356 3222/4797/2369 3221/4796/2368
f 3222/4798/2369 3223/4799/2164 3234/5023/2379
f 3223/4799/2164 3224/4800/2370 3234/5023/2379
f 3224/4801/2370 3212/4786/2360 3225/4802/2371
f 3225/4802/2371 3213/4787/2361 3237/4818/2382
f 3213/4787/2361 3226/4803/2372 3237/4818/2382
f 3226/4803/2372 3216/4804/2364 3239/4821/2385
f 3216/4791/2364 3217/4792/2181 3239/5024/2385
f 3227/4805/2373 3228/4807/2619 3241/5025/2621
f 3228/4808/2619 3229/4809/2620 3241/4826/2621
f 3229/4809/2620 3230/4810/2376 3231/4811/2377
f 3231/4811/2377 3221/4796/2368 3245/4829/2623
f 3221/4796/2368 3232/4812/2378 3245/4829/2623
f 3222/4813/2369 3233/4815/2380 3232/4832/2378
f 3233/4815/2380 3224/4816/2370 3235/4835/2381
f 3235/4817/2381 3225/4802/2371 3249/4839/2395
f 3225/4802/2371 3236/4819/2383 3249/4839/2395
f 3236/4819/2383 3226/4803/2372 3238/4820/2384
f 3238/4820/2384 3239/4821/2385 3253/5026/2399
f 3239/4822/2385 3227/4805/2373 3253/5027/2399
f 3227/4823/2373 3240/4825/2387 3327/5028/2467
f 3241/4826/2621 3242/4827/2622 3240/4954/2387
f 3229/4809/2620 3243/4828/2389 3242/4827/2622
f 3231/4811/2377 3244/4830/2624 3243/4828/2389
f 3245/4831/2623 3246/4833/2392 3244/4958/2624
f 3232/4832/2378 3247/4834/2625 3246/4833/2392
f 3247/4834/2625 3235/4835/2381 3248/4836/2394
f 3248/4836/2394 3249/4837/2395 3250/5029/2396
f 3250/4838/2396 3236/4819/2383 3251/4840/2397
f 3251/4840/2397 3238/4820/2384 3252/4965/2398
f 3252/4841/2398 3253/4843/2399 3254/4844/2400
f 3254/4844/2400 3227/4823/2373 3327/5028/2467
f 3255/4845/2626 3256/4847/2403 3258/4848/2404
f 3258/4876/2404 3259/4851/2627 3260/4850/2406
f 3260/4850/2406 3261/4852/2407 3262/4853/2628
f 3262/4853/2628 3263/4854/2409 3264/4879/2410
f 3264/4855/2410 3265/4857/2411 3266/4858/2412
f 3266/4858/2412 3267/4859/2629 3283/4883/2634
f 3267/4859/2629 3268/4861/2415 3283/4883/2634
f 3269/4860/2414 3270/4863/2417 3268/4861/2415
f 3271/4864/2630 3272/4866/2419 3270/4886/2417
f 3273/4865/2418 3274/4868/2631 3272/4866/2419
f 3275/4867/2420 3276/4870/2423 3274/4868/2631
f 3277/4871/2422 3255/4845/2626 3276/5030/2423
f 3255/4872/2626 3278/4874/2632 3290/5031/2637
f 3278/4875/2632 3260/4850/2406 3279/4877/2633
f 3279/4877/2633 3262/4853/2628 3280/4878/2426
f 3280/4878/2426 3264/4879/2410 3281/4880/2427
f 3281/4880/2427 3266/4881/2412 3282/4898/2428
f 3282/4882/2428 3283/4883/2634 3294/5032/2274
f 3283/4883/2634 3284/4884/2635 3294/5032/2274
f 3268/4885/2415 3285/4887/2431 3284/4906/2635
f 3270/4886/2417 3286/4888/2432 3285/4887/2431
f 3272/4866/2419 3287/4889/2433 3286/4888/2432
f 3274/4868/2631 3288/4890/2636 3287/4889/2433
f 3288/4891/2636 3255/4872/2626 3290/5031/2637
f 3289/4893/2595 3278/4895/2632 3299/4910/2442
f 3278/4875/2632 3291/4896/2435 3299/4913/2442
f 3291/4896/2435 3280/4878/2426 3292/4897/2436
f 3292/4897/2436 3281/4880/2427 3301/4915/2445
f 3281/4880/2427 3293/4899/2437 3301/4915/2445
f 3293/4900/2437 3294/4902/2274 3303/4918/2640
f 3294/4902/2274 3295/4904/2439 3303/4918/2640
f 3295/4905/2439 3285/4887/2431 3305/4921/2642
f 3285/4887/2431 3296/4907/2638 3305/4921/2642
f 3296/4907/2638 3287/4889/2433 3297/4908/2441
f 3297/4908/2441 3288/4890/2636 3308/4923/2643
f 3288/4909/2636 3289/4893/2595 3308/4926/2643
f 3289/4893/2595 3298/4911/2639 3309/4927/2314
f 3298/4912/2639 3291/4896/2435 3311/4930/2453
f 3291/4896/2435 3300/4914/2444 3311/4930/2453
f 3300/4914/2444 3301/4915/2445 3314/4932/2644
f 3301/4915/2445 3302/4916/2446 3314/4932/2644
f 3302/4917/2446 3303/4918/2640 3316/4936/2294
f 3303/4918/2640 3304/4919/2641 3316/4936/2294
f 3304/4920/2641 3305/4921/2642 3318/4940/2459
f 3305/4921/2642 3306/4922/2449 3318/4940/2459
f 3306/4922/2449 3297/4908/2441 3321/4942/2647
f 3297/4908/2441 3307/4924/2451 3321/4942/2647
f 3307/4925/2451 3289/4893/2595 3309/4927/2314
f 3309/4927/2314 3310/4928/2452 3323/4945/2464
f 3310/4928/2452 3311/4929/2453 3324/4946/2649
f 3311/4930/2453 3312/4931/2454 3324/4947/2649
f 3300/4914/2444 3313/4933/2456 3312/4931/2454
f 3314/4932/2644 3315/4934/2645 3313/4933/2456
f 3315/4935/2645 3316/4936/2294 3325/4948/2650
f 3316/4936/2294 3317/4937/2458 3325/4948/2650
f 3317/4937/2458 3318/4938/2459 3319/4949/2646
f 3319/4939/2646 3306/4922/2449 3320/4941/2461
f 3320/4941/2461 3321/4942/2647 3326/4950/2466
f 3321/4942/2647 3322/4943/2648 3326/4950/2466
f 3322/4944/2648 3309/4927/2314 3323/4945/2464
f 2985/4467/2102 3310/4928/2452 2984/4468/2135
f 3310/4928/2452 2987/4470/2558 2984/4468/2135
f 2987/4472/2558 3312/4931/2454 2989/4473/2139
f 3312/4931/2454 2991/4475/2141 2989/4473/2139
f 2991/4475/2141 3315/4934/2645 2993/4476/2142
f 2993/4478/2142 3325/4948/2650 2995/4479/2133
f 3325/4948/2650 2996/4481/2560 2995/4479/2133
f 3317/4937/2458 2998/4483/2561 2996/4481/2560
f 2998/4484/2561 3320/4941/2461 3000/4485/2562
f 3320/4941/2461 3002/4487/2150 3000/4485/2562
f 3002/4487/2150 3322/4943/2648 3003/4489/2563
f 3003/4490/2563 3323/4945/2464 2985/4467/2102
f 3327/4951/2467 3328/4953/2468 3340/4971/2479
f 3240/4954/2387 3329/4955/2469 3328/4973/2468
f 3242/4827/2622 3330/4956/2470 3329/4955/2469
f 3243/4828/2389 3331/4957/2471 3330/4956/2470
f 3244/4958/2624 3332/4959/2472 3331/4977/2471
f 3246/4833/2392 3333/4960/2473 3332/4959/2472
f 3333/4960/2473 3248/4836/2394 3334/4980/2651
f 3334/4961/2651 3250/4838/2396 3335/4963/2652
f 3335/4963/2652 3251/4840/2397 3336/4964/2476
f 3336/4964/2476 3252/4965/2398 3337/4983/2653
f 3337/4966/2653 3254/4968/2400 3338/4969/2478
f 3338/4969/2478 3327/4951/2467 3340/4971/2479
f 3339/4970/2244 3328/4953/2468 3341/4985/2480
f 3341/4972/2480 3329/4955/2469 3351/4987/2488
f 3329/4955/2469 3342/4974/2654 3351/4987/2488
f 3330/4956/2470 3343/4975/2482 3342/4974/2654
f 3343/4976/2482 3332/4959/2472 3344/4978/2483
f 3344/4978/2483 3333/4960/2473 3345/4979/2237
f 3345/4979/2237 3334/4980/2651 3356/4992/2655
f 3334/4961/2651 3346/4981/2484 3356/4994/2655
f 3346/4981/2484 3336/4964/2476 3347/4982/2485
f 3347/4982/2485 3337/4983/2653 3359/4997/2497
f 3337/4966/2653 3348/4984/2486 3359/4999/2497
f 3338/4969/2478 3339/4970/2244 3348/4984/2486
f 3339/4970/2244 3349/4986/2487 3362/5002/2245
f 3341/4972/2480 3350/4988/2489 3349/5004/2487
f 3351/4987/2488 3352/4989/2490 3350/4988/2489
f 3352/4989/2490 3343/4975/2482 3353/5005/2491
f 3353/4990/2491 3344/4978/2483 3354/4991/2492
f 3354/4991/2492 3345/4979/2237 3363/5006/2500
f 3345/4979/2237 3355/4993/2494 3363/5006/2500
f 3356/4994/2655 3357/4995/2656 3355/5007/2494
f 3346/4981/2484 3358/4996/2657 3357/4995/2656
f 3358/4996/2657 3359/4997/2497 3360/5008/2498
f 3360/4998/2498 3348/4984/2486 3361/5000/2499
f 3361/5000/2499 3339/4970/2244 3362/5002/2245
f 3257/5001/2402 3349/4986/2487 3256/5033/2403
f 3256/5003/2403 3350/4988/2489 3259/4851/2627
f 3259/4851/2627 3352/4989/2490 3261/4852/2407
f 3261/4852/2407 3353/5005/2491 3263/4854/2409
f 3263/4856/2409 3354/4991/2492 3265/4857/2411
f 3265/4857/2411 3363/5006/2500 3267/4859/2629
f 3363/5006/2500 3269/4860/2414 3267/4859/2629
f 3355/5007/2494 3271/4864/2630 3269/5034/2414
f 3357/4995/2656 3273/4865/2418 3271/4864/2630
f 3358/4996/2657 3275/4867/2420 3273/4865/2418
f 3360/4998/2498 3277/5009/2422 3275/5035/2420
f 3361/5000/2499 3257/5001/2402 3277/5009/2422
f 3367/5036/2658 3368/5037/2659 3440/5038/2660
f 3369/5039/2661 3371/5040/2662 3370/5041/2663
f 3432/5042/2664 3373/5043/2665 3372/5044/2666
f 3374/5045/2667 3375/5046/2668 3434/5047/2669
f 3376/5048/2670 3378/5049/2671 3377/5050/2672
f 3379/5051/2673 3381/5052/2674 3380/5053/2675
f 3379/5051/2673 3380/5053/2675 3382/5054/2676
f 3369/5039/2661 3382/5054/2676 3383/5055/2677
f 3384/5056/2678 3386/5057/2679 3385/5058/2680
f 3441/5059/2681 3388/5060/2682 3387/5061/2683
f 3389/5062/2684 3391/5063/2685 3390/5064/2686
f 3392/5065/2687 3385/5066/2680 3393/5067/2688
f 3394/5068/2689 3395/5069/2690 3439/5070/2691
f 3370/5041/2663 3371/5040/2662 3396/5071/2692
f 3383/5055/2677 3382/5054/2676 3380/5053/2675
f 3397/5072/2693 3399/5073/2694 3398/5074/2695
f 3400/5075/2696 3402/5076/2697 3401/5077/2698
f 3401/5077/2698 3402/5076/2697 3403/5078/2699
f 3404/5079/2700 3403/5078/2699 3405/5080/2701
f 3406/5081/2702 3405/5080/2701 3407/5082/2703
f 3408/5083/2704 3407/5082/2703 3386/5057/2679
f 3409/5084/2705 3398/5074/2695 3410/5085/2706
f 3411/5086/2707 3413/5087/2708 3412/5088/2709
f 3412/5088/2709 3415/5089/2710 3414/5090/2711
f 3415/5089/2710 3417/5091/2712 3416/5092/2713
f 3416/5092/2713 3417/5091/2712 3418/5093/2714
f 3419/5094/2715 3418/5093/2714 3420/5095/2716
f 3420/5095/2716 3394/5068/2689 3421/5096/2717
f 3442/5097/2718 3400/5098/2696 3422/5099/2719
f 3388/5060/2682 3424/5100/2720 3423/5101/2721
f 3423/5101/2721 3424/5100/2720 3425/5102/2722
f 3426/5103/2723 3425/5102/2722 3427/5104/2724
f 3427/5104/2724 3429/5105/2725 3428/5106/2726
f 3429/5105/2725 3399/5073/2694 3397/5072/2693
f 3430/5107/2727 3437/5108/2728 3413/5087/2708
f 3369/5039/2661 3383/5055/2677 3391/5063/2685
f 3379/5051/2673 3370/5041/2663 3396/5071/2692
f 3379/5051/2673 3396/5071/2692 3378/5049/2671
f 3369/5039/2661 3431/5109/2729 3371/5040/2662
f 3432/5042/2664 3433/5110/2730 3379/5111/2673
f 3444/5112/2731 3369/5113/2661 3434/5047/2669
f 3445/5114/2732 3435/5115/2733 3370/5116/2663
f 3395/5117/2690 3390/5118/2686 3391/3631/2685
f 3381/5119/2674 3389/5120/2684 3436/5121/2734
f 3431/5122/2729 3376/5123/2670 3437/5124/2728
f 3438/5125/2735 3377/5126/2672 3378/5127/2671
f 3393/5128/2688 3439/5129/2691 3383/5055/2677
f 3450/5130/2736 3380/5053/2675 3410/5131/2706
f 3382/5132/2676 3440/5038/2660 3373/5133/2665
f 3447/5134/2737 3441/5135/2681 3396/5071/2692
f 3442/5136/2718 3371/5040/2662 3430/5137/2727
f 3443/5138/2738 3433/5110/2730 3432/5042/2664
f 3367/5139/2658 3444/5112/2731 3434/5047/2669
f 3445/5114/2732 3446/5140/2739 3374/5141/2667
f 3369/5039/2661 3370/5041/2663 3435/5142/2733
f 3433/5143/2730 3445/5144/2732 3370/5041/2663
f 3444/5145/2731 3440/5146/2660 3382/5054/2676
f 3379/5051/2673 3382/5054/2676 3373/5147/2665
f 3440/5038/2660 3368/5037/2659 3372/5148/2666
f 3450/5130/2736 3393/5128/2688 3383/5055/2677
f 3442/5136/2718 3447/5134/2737 3396/5071/2692
f 3439/5129/2691 3395/5149/2690 3391/5063/2685
f 3381/5052/2674 3436/5150/2734 3410/5131/2706
f 3430/5137/2727 3371/5040/2662 3431/5109/2729
f 3378/5049/2671 3396/5071/2692 3441/5135/2681
f 3442/5097/2718 3430/5151/2727 3411/5152/2707
f 3388/5153/2682 3441/5154/2681 3447/5155/2737
f 3421/5156/2717 3439/5157/2691 3393/5067/2688
f 3448/5158/2740 3421/5096/2717 3385/5159/2680
f 3419/5160/2715 3448/5161/2740 3386/5162/2679
f 3416/5163/2713 3419/5164/2715 3407/5082/2703
f 3416/5163/2713 3405/5080/2701 3403/5078/2699
f 3414/5165/2711 3403/5078/2699 3402/5076/2697
f 3449/5166/2741 3402/5167/2697 3400/5168/2696
f 3450/5169/2736 3410/5170/2706 3398/5171/2695
f 3392/5172/2687 3398/5074/2695 3399/5073/2694
f 3384/5056/2678 3399/5173/2694 3429/5174/2725
f 3408/5083/2704 3429/5174/2725 3427/5175/2724
f 3404/5079/2700 3406/5081/2702 3427/5175/2724
f 3401/5077/2698 3404/5079/2700 3425/5176/2722
f 3422/5177/2719 3401/5178/2698 3424/5100/2720
f 3443/5179/2738 3446/5140/2739 3445/5114/2732
f 3378/5049/2671 3369/5039/2661 3379/5051/2673
f 3369/5039/2661 3378/5049/2671 3431/5109/2729
f 3431/5109/2729 3378/5049/2671 3376/5048/2670
f 3391/5063/2685 3379/5051/2673 3369/5039/2661
f 3379/5051/2673 3391/5063/2685 3381/5052/2674
f 3381/5052/2674 3391/5063/2685 3389/5062/2684
f 3367/5036/2658 3440/5038/2660 3444/5180/2731
f 3432/5042/2664 3372/5044/2666 3451/5181/2742
f 3374/5045/2667 3434/5047/2669 3435/5182/2733
f 3384/5056/2678 3385/5058/2680 3392/5183/2687
f 3441/5059/2681 3387/5061/2683 3438/5184/2735
f 3392/5065/2687 3393/5067/2688 3450/5169/2736
f 3394/5068/2689 3439/5070/2691 3421/5096/2717
f 3397/5072/2693 3398/5074/2695 3409/5084/2705
f 3400/5075/2696 3401/5077/2698 3422/5185/2719
f 3401/5077/2698 3403/5078/2699 3404/5079/2700
f 3404/5079/2700 3405/5080/2701 3406/5081/2702
f 3406/5081/2702 3407/5082/2703 3408/5083/2704
f 3408/5083/2704 3386/5057/2679 3384/5056/2678
f 3409/5084/2705 3410/5085/2706 3436/5186/2734
f 3411/5086/2707 3412/5088/2709 3449/5166/2741
f 3412/5088/2709 3414/5090/2711 3449/5166/2741
f 3415/5089/2710 3416/5092/2713 3414/5090/2711
f 3416/5092/2713 3418/5093/2714 3419/5094/2715
f 3419/5094/2715 3420/5095/2716 3448/5158/2740
f 3420/5095/2716 3421/5096/2717 3448/5158/2740
f 3442/5097/2718 3422/5099/2719 3447/5155/2737
f 3388/5060/2682 3423/5101/2721 3387/5061/2683
f 3423/5101/2721 3425/5102/2722 3426/5103/2723
f 3426/5103/2723 3427/5104/2724 3452/5187/2743
f 3427/5104/2724 3428/5106/2726 3452/5187/2743
f 3429/5105/2725 3397/5072/2693 3428/5106/2726
f 3430/5107/2727 3413/5087/2708 3411/5086/2707
f 3443/5138/2738 3432/5042/2664 3451/5181/2742
f 3367/5139/2658 3434/5047/2669 3375/5046/2668
f 3445/5114/2732 3374/5141/2667 3435/5115/2733
f 3369/5039/2661 3435/5142/2733 3434/5188/2669
f 3433/5143/2730 3370/5041/2663 3379/5051/2673
f 3444/5145/2731 3382/5054/2676 3369/5039/2661
f 3379/5051/2673 3373/5147/2665 3432/5189/2664
f 3440/5038/2660 3372/5148/2666 3373/5133/2665
f 3450/5130/2736 3383/5055/2677 3380/5053/2675
f 3442/5136/2718 3396/5071/2692 3371/5040/2662
f 3439/5129/2691 3391/5063/2685 3383/5055/2677
f 3381/5052/2674 3410/5131/2706 3380/5053/2675
f 3430/5137/2727 3431/5109/2729 3437/5190/2728
f 3378/5049/2671 3441/5135/2681 3438/5191/2735
f 3442/5097/2718 3411/5152/2707 3400/5098/2696
f 3388/5153/2682 3447/5155/2737 3422/5099/2719
f 3421/5156/2717 3393/5067/2688 3385/5066/2680
f 3448/5158/2740 3385/5159/2680 3386/5192/2679
f 3419/5193/2715 3386/5194/2679 3407/5195/2703
f 3416/5163/2713 3407/5082/2703 3405/5080/2701
f 3416/5163/2713 3403/5078/2699 3414/5165/2711
f 3414/5165/2711 3402/5076/2697 3449/5196/2741
f 3449/5166/2741 3400/5168/2696 3411/5086/2707
f 3450/5169/2736 3398/5171/2695 3392/5065/2687
f 3392/5172/2687 3399/5073/2694 3384/5197/2678
f 3384/5056/2678 3429/5174/2725 3408/5083/2704
f 3408/5083/2704 3427/5175/2724 3406/5081/2702
f 3404/5079/2700 3427/5175/2724 3425/5176/2722
f 3401/5077/2698 3425/5176/2722 3424/5198/2720
f 3422/5177/2719 3424/5100/2720 3388/5060/2682
f 3443/5179/2738 3445/5114/2732 3433/5199/2730
f 3453/5200/2744 3455/5201/2712 3454/5202/2745
f 3456/5203/2746 3454/5202/2745 3457/5204/2747
f 3458/5205/2748 3457/5206/2747 3459/5207/2749
f 3460/5208/2750 3459/5207/2749 3461/5209/2751
f 3461/5209/2751 3463/5210/2752 3462/5211/2753
f 3463/5212/2752 3464/5213/2743 3465/5214/2754
f 3465/5214/2754 3464/5213/2743 3466/5215/2755
f 3467/5216/2756 3466/5215/2755 3468/5217/2757
f 3468/5218/2757 3470/5219/2758 3469/5220/2759
f 3470/5219/2758 3472/5221/2760 3471/5222/2761
f 3471/5222/2761 3472/5221/2760 3473/5223/2762
f 3473/5224/2762 3455/5201/2712 3453/5200/2744
f 3474/5225/2763 3453/5200/2744 3456/5203/2746
f 3456/5226/2746 3458/5205/2748 3475/5227/2764
f 3458/5205/2748 3460/5208/2750 3476/5228/2765
f 3476/5228/2765 3460/5208/2750 3477/5229/2766
f 3477/5229/2766 3462/5211/2753 3478/5230/2767
f 3462/5231/2753 3465/5214/2754 3479/5232/2768
f 3479/5232/2768 3465/5214/2754 3467/5216/2756
f 3480/5233/2769 3467/5216/2756 3481/5234/2770
f 3481/5235/2770 3469/5220/2759 3482/5236/2771
f 3482/5236/2771 3469/5220/2759 3471/5222/2761
f 3483/5237/2772 3471/5222/2761 3484/5238/2773
f 3484/5239/2773 3453/5200/2744 3474/5225/2763
f 3485/5240/2774 3474/5225/2763 3486/5241/2775
f 3486/5242/2775 3475/5227/2764 3487/5243/2776
f 3487/5243/2776 3475/5227/2764 3476/5228/2765
f 3476/5228/2765 3489/5244/2777 3488/5245/2778
f 3489/5244/2777 3478/5230/2767 3490/5246/2779
f 3490/5247/2779 3478/5248/2767 3479/5232/2768
f 3479/5232/2768 3480/5233/2769 3491/5249/2780
f 3491/5250/2780 3480/5251/2769 3492/5252/2781
f 3493/5253/2782 3492/5252/2781 3482/5236/2771
f 3482/5236/2771 3483/5237/2772 3494/5254/2783
f 3494/5254/2783 3483/5237/2772 3495/5255/2784
f 3495/5256/2784 3474/5225/2763 3485/5240/2774
f 3485/5240/2774 3497/5257/2785 3496/5258/2786
f 3496/5259/2786 3497/5260/2785 3487/5243/2776
f 3487/5243/2776 3499/5261/2787 3498/5262/2788
f 3499/5261/2787 3488/5245/2778 3500/5263/2789
f 3500/5263/2789 3488/5245/2778 3490/5246/2779
f 3490/5247/2779 3502/5264/2790 3501/5265/2791
f 3501/5265/2791 3502/5264/2790 3491/5249/2780
f 3491/5250/2780 3493/5253/2782 3503/5266/2792
f 3503/5266/2792 3493/5253/2782 3504/5267/2793
f 3505/5268/2794 3504/5267/2793 3494/5254/2783
f 3494/5254/2783 3507/5269/2795 3506/5270/2796
f 3506/5271/2796 3507/5272/2795 3485/5240/2774
f 3508/5273/2797 3496/5274/2786 3509/5275/2798
f 3509/5276/2798 3496/5259/2786 3510/5277/2799
f 3510/5277/2799 3498/5262/2788 3511/5278/2800
f 3498/5262/2788 3500/5263/2789 3512/5279/2801
f 3500/5263/2789 3514/5280/2802 3513/5281/2803
f 3514/5282/2802 3501/5283/2791 3515/5284/2804
f 3515/5284/2804 3501/5283/2791 3516/5285/2805
f 3517/5286/2806 3516/5287/2805 3503/5266/2792
f 3518/5288/2807 3503/5266/2792 3505/5268/2794
f 3519/5289/2808 3505/5268/2794 3520/5290/2809
f 3520/5290/2809 3506/5270/2796 3521/5291/2810
f 3521/5292/2810 3506/5293/2796 3508/5273/2797
f 3522/5294/2811 3523/5295/2812 3509/5275/2798
f 3524/5296/2813 3509/5276/2798 3525/5297/2814
f 3525/5297/2814 3511/5278/2800 3526/5298/2815
f 3526/5298/2815 3511/5278/2800 3512/5279/2801
f 3512/5279/2801 3513/5281/2803 3527/5299/2816
f 3513/5300/2803 3515/5284/2804 3528/5301/2817
f 3528/5301/2817 3515/5284/2804 3517/5302/2806
f 3529/5303/2818 3517/5286/2806 3518/5288/2807
f 3518/5288/2807 3519/5289/2808 3530/5304/2819
f 3530/5304/2819 3519/5289/2808 3531/5305/2820
f 3531/5305/2820 3521/5291/2810 3532/5306/2821
f 3532/5307/2821 3521/5292/2810 3523/5295/2812
f 3533/5308/2822 3522/5294/2811 3524/5309/2813
f 3534/5310/2823 3524/5309/2813 3535/5311/2824
f 3535/5312/2824 3526/5298/2815 3536/5313/2825
f 3536/5313/2825 3526/5298/2815 3537/5314/2826
f 3538/5315/2827 3537/5314/2826 3527/5299/2816
f 3539/5316/2828 3527/5317/2816 3528/5301/2817
f 3528/5301/2817 3529/5318/2818 3540/5319/2829
f 3529/5318/2818 3542/5320/2830 3541/5321/2831
f 3541/5322/2831 3542/5323/2830 3530/5304/2819
f 3543/5324/2832 3530/5304/2819 3544/5325/2833
f 3544/5325/2833 3532/5306/2821 3545/5326/2834
f 3545/5327/2834 3532/5307/2821 3522/5294/2811
f 3533/5308/2822 3534/5310/2823 3546/5328/2835
f 3534/5310/2823 3548/5329/2836 3547/5330/2837
f 3547/5331/2837 3548/5332/2836 3536/5313/2825
f 3549/5333/2838 3536/5313/2825 3538/5315/2827
f 3538/5315/2827 3539/5334/2828 3550/5335/2839
f 3550/5336/2839 3539/5316/2828 3551/5337/2840
f 3551/5337/2840 3540/5319/2829 3552/5338/2841
f 3552/5338/2841 3540/5319/2829 3541/5321/2831
f 3553/5339/2842 3541/5322/2831 3543/5324/2832
f 3543/5324/2832 3555/5340/2843 3554/5341/2844
f 3554/5341/2844 3555/5340/2843 3545/5326/2834
f 3556/5342/2845 3545/5327/2834 3533/5308/2822
f 3557/5343/2846 3558/5344/2847 3546/5328/2835
f 3559/5345/2848 3546/5328/2835 3547/5330/2837
f 3560/5346/2849 3547/5331/2837 3549/5333/2838
f 3561/5347/2850 3549/5333/2838 3562/5348/2851
f 3563/5349/2852 3562/5348/2851 3550/5335/2839
f 3564/5350/2853 3550/5336/2839 3565/5351/2854
f 3566/5352/2855 3565/5351/2854 3552/5338/2841
f 3552/5338/2841 3553/5353/2842 3567/5354/2856
f 3553/5339/2842 3569/5355/2857 3568/5356/2858
f 3569/5355/2857 3554/5341/2844 3570/5357/2859
f 3554/5341/2844 3556/5358/2845 3571/5359/2860
f 3571/5360/2860 3556/5342/2845 3558/5344/2847
f 3557/5343/2846 3559/5345/2848 3572/5361/2861
f 3572/5361/2861 3559/5345/2848 3560/5362/2849
f 3560/5346/2849 3561/5347/2850 3573/5363/2862
f 3573/5363/2862 3561/5347/2850 3563/5349/2852
f 3563/5349/2852 3564/5364/2853 3574/5365/2863
f 3564/5350/2853 3566/5352/2855 3575/5366/2864
f 3575/5366/2864 3566/5352/2855 3576/5367/2865
f 3577/5368/2866 3576/5367/2865 3567/5354/2856
f 3578/5369/2867 3567/5370/2856 3568/5356/2858
f 3579/5371/2868 3568/5356/2858 3570/5357/2859
f 3580/5372/2869 3570/5357/2859 3571/5359/2860
f 3581/5373/2870 3571/5360/2860 3557/5343/2846
f 3582/5374/2871 3572/5361/2861 3583/5375/2872
f 3572/5376/2861 3585/5377/2873 3584/5378/2874
f 3584/5378/2874 3585/5377/2873 3573/5363/2862
f 3586/5379/2875 3573/5363/2862 3587/5380/2876
f 3588/5381/2877 3587/5380/2876 3574/5365/2863
f 3589/5382/2878 3574/5383/2863 3575/5366/2864
f 3575/5366/2864 3577/5368/2866 3590/5384/2879
f 3577/5385/2866 3578/5369/2867 3591/5386/2880
f 3578/5369/2867 3579/5371/2868 3592/5387/2881
f 3579/5371/2868 3580/5372/2869 3593/5388/2882
f 3593/5388/2882 3580/5372/2869 3581/5389/2870
f 3594/5390/2883 3581/5373/2870 3582/5374/2871
f 3595/5391/2884 3596/5392/2885 3583/5375/2872
f 3583/5393/2872 3584/5378/2874 3597/5394/2886
f 3597/5394/2886 3584/5378/2874 3586/5379/2875
f 3586/5379/2875 3588/5381/2877 3598/5395/2887
f 3598/5395/2887 3588/5381/2877 3589/5396/2878
f 3589/5382/2878 3599/5397/2888 3600/5398/2889
f 3600/5398/2889 3599/5397/2888 3590/5384/2879
f 3601/5399/2890 3590/5400/2879 3591/5386/2880
f 3602/5401/2891 3591/5386/2880 3592/5387/2881
f 3592/5387/2881 3593/5388/2882 3603/5402/2892
f 3603/5402/2892 3593/5388/2882 3594/5403/2883
f 3604/5404/2893 3594/5390/2883 3596/5392/2885
f 3605/5405/2894 3595/5406/2884 3606/5407/2895
f 3606/5408/2895 3597/5394/2886 3607/5409/2896
f 3607/5409/2896 3597/5394/2886 3608/5410/2897
f 3608/5410/2897 3598/5395/2887 3609/5411/2898
f 3609/5411/2898 3598/5395/2887 3610/5412/2899
f 3610/5413/2899 3600/5414/2889 3611/5415/2900
f 3611/5415/2900 3600/5414/2889 3601/5416/2890
f 3601/5399/2890 3602/5401/2891 3612/5417/2901
f 3612/5417/2901 3602/5401/2891 3613/5418/2902
f 3613/5418/2902 3603/5402/2892 3614/5419/2903
f 3614/5419/2903 3603/5402/2892 3604/5420/2893
f 3604/5421/2893 3595/5406/2884 3605/5405/2894
f 3615/5422/2904 3605/5405/2894 3616/5423/2905
f 3617/5424/2906 3616/5425/2905 3607/5409/2896
f 3607/5409/2896 3619/5426/2907 3618/5427/2908
f 3619/5426/2907 3609/5411/2898 3620/5428/2909
f 3620/5428/2909 3609/5411/2898 3621/5429/2910
f 3622/5430/2911 3621/5431/2910 3611/5415/2900
f 3611/5415/2900 3624/5432/2912 3623/5433/2913
f 3624/5434/2912 3612/5417/2901 3625/5435/2914
f 3625/5435/2914 3612/5417/2901 3626/5436/2915
f 3627/5437/2916 3626/5436/2915 3614/5419/2903
f 3614/5419/2903 3629/5438/2917 3628/5439/2918
f 3628/5440/2918 3629/5441/2917 3605/5405/2894
f 3615/5422/2904 3617/5442/2906 3630/5443/2919
f 3617/5424/2906 3632/5444/2920 3631/5445/2921
f 3631/5445/2921 3632/5444/2920 3618/5427/2908
f 3633/5446/2922 3618/5427/2908 3620/5428/2909
f 3634/5447/2923 3620/5428/2909 3622/5448/2911
f 3622/5430/2911 3636/5449/2924 3635/5450/2925
f 3635/5450/2925 3636/5449/2924 3623/5433/2913
f 3623/5451/2913 3625/5435/2914 3637/5452/2926
f 3637/5452/2926 3625/5435/2914 3627/5437/2916
f 3627/5437/2916 3639/5453/2927 3638/5454/2928
f 3638/5454/2928 3639/5453/2927 3628/5439/2918
f 3640/5455/2929 3628/5440/2918 3615/5422/2904
f 3641/5456/2930 3630/5443/2919 3642/5457/2931
f 3642/5458/2931 3630/5459/2919 3631/5445/2921
f 3631/5445/2921 3633/5446/2922 3643/5460/2932
f 3643/5460/2932 3633/5446/2922 3634/5447/2923
f 3644/5461/2933 3634/5462/2923 3645/5463/2934
f 3645/5463/2934 3635/5450/2925 3646/5464/2712
f 3646/5464/2712 3635/5450/2925 3647/5465/2935
f 3647/5466/2935 3637/5452/2926 3648/5467/2936
f 3637/5452/2926 3650/5468/2937 3649/5469/2938
f 3649/5469/2938 3650/5468/2937 3638/5454/2928
f 3638/5470/2928 3640/5455/2929 3651/5471/2939
f 3651/5471/2939 3640/5455/2929 3641/5456/2930
f 3652/5472/2743 3642/5457/2931 3653/5473/2940
f 3653/5474/2940 3642/5458/2931 3654/5475/2941
f 3654/5475/2941 3643/5460/2932 3655/5476/2942
f 3643/5460/2932 3644/5477/2933 3664/5478/2943
f 3644/5461/2933 3657/5479/2944 3656/5480/2945
f 3656/5480/2945 3657/5479/2944 3646/5464/2712
f 3646/5464/2712 3658/5481/2946 3668/5482/2947
f 3668/5483/2947 3658/5484/2946 3648/5467/2936
f 3670/5485/2948 3648/5467/2936 3649/5469/2938
f 3672/5486/2949 3649/5469/2938 3659/5487/2950
f 3659/5488/2950 3651/5471/2939 3674/5489/2951
f 3674/5489/2951 3651/5471/2939 3652/5472/2743
f 3660/5490/2754 3653/5473/2940 3661/5491/2952
f 3661/5492/2952 3653/5474/2940 3662/5493/2953
f 3662/5493/2953 3655/5476/2942 3663/5494/2954
f 3663/5494/2954 3655/5476/2942 3664/5478/2943
f 3664/5478/2943 3656/5495/2945 3665/5496/2955
f 3665/5497/2955 3656/5480/2945 3666/5498/2744
f 3667/5499/2763 3666/5498/2744 3668/5482/2947
f 3669/5500/2956 3668/5483/2947 3670/5485/2948
f 3670/5485/2948 3672/5486/2949 3671/5501/2957
f 3671/5501/2957 3672/5486/2949 3836/5502/2958
f 3836/5503/2958 3674/5489/2951 3673/5504/2959
f 3673/5504/2959 3674/5489/2951 3660/5490/2754
f 3675/5505/2768 3661/5491/2952 3676/5506/2960
f 3676/5507/2960 3661/5492/2952 3677/5508/2961
f 3677/5508/2961 3663/5494/2954 3678/5509/2962
f 3663/5494/2954 3680/5510/2963 3679/5511/2964
f 3680/5510/2963 3665/5496/2955 3681/5512/2965
f 3681/5513/2965 3665/5497/2955 3667/5499/2763
f 3667/5499/2763 3669/5514/2956 3682/5515/2966
f 3682/5516/2966 3669/5500/2956 3683/5517/2967
f 3684/5518/2968 3683/5517/2967 3671/5501/2957
f 3685/5519/2969 3671/5501/2957 3686/5520/2970
f 3687/5521/2971 3686/5520/2970 3673/5522/2959
f 3688/5523/2972 3673/5504/2959 3675/5505/2768
f 3689/5524/2791 3690/5525/2973 3676/5506/2960
f 3676/5507/2960 3692/5526/2974 3691/5527/2975
f 3691/5527/2975 3692/5526/2974 3678/5509/2962
f 3678/5509/2962 3679/5511/2964 3693/5528/2976
f 3679/5511/2964 3681/5512/2965 3694/5529/2977
f 3694/5530/2977 3681/5513/2965 3695/5531/2774
f 3695/5531/2774 3682/5515/2966 3696/5532/2978
f 3696/5533/2978 3682/5516/2966 3684/5518/2968
f 3697/5534/2979 3684/5518/2968 3685/5519/2969
f 3685/5519/2969 3687/5521/2971 3698/5535/2980
f 3698/5535/2980 3687/5521/2971 3688/5536/2972
f 3688/5523/2972 3690/5525/2973 3689/5524/2791
f 3699/5537/2981 3689/5538/2791 3700/5539/2982
f 3700/5540/2982 3691/5527/2975 3701/5541/2983
f 3701/5541/2983 3691/5527/2975 3702/5542/2984
f 3703/5543/2985 3702/5542/2984 3693/5528/2976
f 3693/5528/2976 3694/5529/2977 3704/5544/2986
f 3694/5545/2977 3706/5546/2797 3705/5547/2987
f 3705/5547/2987 3706/5546/2797 3696/5548/2978
f 3707/5549/2988 3696/5533/2978 3697/5534/2979
f 3697/5534/2979 3709/5550/2989 3708/5551/2990
f 3708/5551/2990 3709/5550/2989 3698/5535/2980
f 3710/5552/2991 3698/5535/2980 3711/5553/2992
f 3711/5554/2992 3689/5538/2791 3699/5537/2981
f 3699/5555/2981 3713/5556/2993 3712/5557/2994
f 3713/5558/2993 3701/5541/2983 3714/5559/2995
f 3701/5541/2983 3703/5543/2985 3715/5560/2996
f 3703/5543/2985 3717/5561/2997 3716/5562/2998
f 3717/5563/2997 3704/5564/2986 3718/5565/2999
f 3704/5564/2986 3705/5547/2987 3719/5566/3000
f 3719/5566/3000 3705/5547/2987 3707/5567/2988
f 3720/5568/3001 3707/5567/2988 3721/5569/3002
f 3722/5570/3003 3721/5571/3002 3708/5551/2990
f 3723/5572/3004 3708/5551/2990 3710/5552/2991
f 3724/5573/3005 3710/5552/2991 3725/5574/3006
f 3726/5575/3007 3725/5576/3006 3699/5555/2981
f 3727/5577/3008 3729/5578/3009 3728/5579/3010
f 3730/5580/3011 3728/5581/3010 3731/5582/3012
f 3732/5583/3013 3731/5582/3012 3733/5584/3014
f 3734/5585/3015 3733/5584/3014 3735/5586/3016
f 3736/5587/3017 3735/5588/3016 3737/5589/3018
f 3738/5590/3019 3737/5589/3018 3739/5591/3020
f 3739/5591/3020 3741/5592/3021 3740/5593/3022
f 3741/5592/3021 3743/5594/3023 3742/5595/3024
f 3743/5596/3023 3745/5597/3025 3744/5598/3026
f 3745/5597/3025 3747/5599/3027 3746/5600/3028
f 3747/5599/3027 3749/5601/3029 3748/5602/3030
f 3749/5603/3029 3729/5578/3009 3727/5577/3008
f 3727/5604/3008 3730/5605/3011 3750/5606/3031
f 3750/5607/3031 3730/5580/3011 3732/5583/3013
f 3751/5608/3032 3732/5583/3013 3734/5585/3015
f 3752/5609/3033 3734/5585/3015 3736/5610/3017
f 3753/5611/3034 3736/5610/3017 3738/5612/3019
f 3754/5613/3035 3738/5590/3019 3755/5614/3036
f 3755/5614/3036 3740/5593/3022 3756/5615/3037
f 3740/5616/3022 3742/5617/3024 3757/5618/3038
f 3742/5617/3024 3744/5598/3026 3758/5619/3039
f 3744/5598/3026 3746/5600/3028 3759/5620/3040
f 3746/5600/3028 3748/5602/3030 3760/5621/3041
f 3760/5622/3041 3748/5623/3030 3727/5604/3008
f 3761/5624/2900 3762/5625/2889 3750/5626/3031
f 3750/5607/3031 3751/5608/3032 3763/5627/3042
f 3763/5627/3042 3751/5608/3032 3752/5609/3033
f 3764/5628/3043 3752/5609/3033 3753/5611/3034
f 3753/5611/3034 3754/5629/3035 3765/5630/3044
f 3765/5631/3044 3754/5632/3035 3766/5633/2884
f 3766/5633/2884 3756/5634/3037 3767/5635/3045
f 3767/5636/3045 3756/5637/3037 3757/5618/3038
f 3757/5618/3038 3758/5619/3039 3768/5638/3046
f 3768/5638/3046 3758/5619/3039 3759/5620/3040
f 3769/5639/3047 3759/5620/3040 3760/5621/3041
f 3760/5640/3041 3762/5625/2889 3761/5624/2900
f 3761/5624/2900 3771/5641/3048 3770/5642/3049
f 3770/5643/3049 3771/5644/3048 3763/5627/3042
f 3763/5627/3042 3764/5628/3043 3772/5645/3050
f 3772/5645/3050 3764/5628/3043 3773/5646/3051
f 3773/5646/3051 3765/5630/3044 3774/5647/3052
f 3774/5648/3052 3765/5631/3044 3775/5649/2894
f 3775/5649/2894 3767/5635/3045 3776/5650/3053
f 3776/5651/3053 3767/5636/3045 3777/5652/3054
f 3777/5652/3054 3768/5638/3046 3778/5653/3055
f 3778/5653/3055 3768/5638/3046 3769/5639/3047
f 3769/5639/3047 3780/5654/3056 3779/5655/3057
f 3779/5656/3057 3780/5657/3056 3761/5624/2900
f 3781/5658/2924 3770/5642/3049 3782/5659/3058
f 3782/5660/3058 3770/5643/3049 3783/5661/3059
f 3783/5661/3059 3772/5645/3050 3784/5662/3060
f 3772/5645/3050 3786/5663/3061 3785/5664/3062
f 3786/5663/3061 3774/5647/3052 3787/5665/3063
f 3787/5666/3063 3774/5648/3052 3788/5667/3064
f 3788/5667/3064 3776/5650/3053 3789/5668/3065
f 3789/5669/3065 3776/5651/3053 3790/5670/3066
f 3791/5671/3067 3790/5670/3066 3778/5653/3055
f 3792/5672/3068 3778/5653/3055 3793/5673/3069
f 3793/5673/3069 3779/5655/3057 3794/5674/3070
f 3794/5675/3070 3779/5656/3057 3781/5658/2924
f 3455/5201/2712 3795/5676/3071 3782/5659/3058
f 3782/5659/3058 3796/5677/3072 3457/5204/2747
f 3457/5206/2747 3796/5678/3072 3784/5662/3060
f 3784/5662/3060 3785/5664/3062 3461/5209/2751
f 3461/5209/2751 3785/5664/3062 3787/5665/3063
f 3463/5212/2752 3787/5666/3063 3797/5679/3073
f 3797/5679/3073 3789/5668/3065 3466/5215/2755
f 3789/5668/3065 3791/5680/3067 3468/5217/2757
f 3468/5218/2757 3791/5671/3067 3792/5672/3068
f 3792/5672/3068 3798/5681/3074 3472/5221/2760
f 3472/5221/2760 3798/5681/3074 3794/5674/3070
f 3473/5224/2762 3794/5675/3070 3795/5676/3071
f 3799/5682/3075 3712/5683/2994 3800/5684/3076
f 3712/5685/2994 3714/5559/2995 3801/5686/3077
f 3714/5559/2995 3715/5560/2996 3802/5687/3078
f 3715/5560/2996 3716/5562/2998 3803/5688/3079
f 3716/5689/2998 3718/5565/2999 3804/5690/3080
f 3718/5565/2999 3719/5566/3000 3805/5691/3081
f 3805/5691/3081 3719/5566/3000 3720/5568/3001
f 3806/5692/3082 3720/5693/3001 3722/5570/3003
f 3807/5694/3083 3722/5570/3003 3723/5572/3004
f 3808/5695/3084 3723/5572/3004 3724/5573/3005
f 3809/5696/3085 3724/5697/3005 3726/5698/3007
f 3810/5699/3086 3726/5698/3007 3799/5682/3075
f 3811/5700/2854 3812/5701/2840 3800/5684/3076
f 3813/5702/3087 3800/5703/3076 3801/5686/3077
f 3801/5686/3077 3802/5687/3078 3814/5704/3088
f 3802/5687/3078 3803/5688/3079 3815/5705/3089
f 3815/5706/3089 3803/5707/3079 3804/5690/3080
f 3816/5708/3090 3804/5690/3080 3805/5691/3081
f 3817/5709/2847 3805/5691/3081 3806/5710/3082
f 3806/5692/3082 3807/5694/3083 3818/5711/3091
f 3818/5711/3091 3807/5694/3083 3808/5695/3084
f 3819/5712/3092 3808/5695/3084 3809/5713/3085
f 3809/5696/3085 3810/5699/3086 3820/5714/3093
f 3810/5699/3086 3812/5701/2840 3811/5700/2854
f 3811/5700/2854 3813/5715/3087 3821/5716/3094
f 3813/5702/3087 3823/5717/3095 3822/5718/3096
f 3823/5717/3095 3814/5704/3088 3824/5719/3097
f 3824/5719/3097 3814/5704/3088 3815/5705/3089
f 3825/5720/3098 3815/5706/3089 3816/5708/3090
f 3826/5721/3099 3816/5708/3090 3817/5709/2847
f 3817/5709/2847 3828/5722/3100 3827/5723/3101
f 3828/5724/3100 3818/5711/3091 3829/5725/3102
f 3818/5711/3091 3819/5712/3092 3830/5726/3103
f 3830/5726/3103 3819/5712/3092 3831/5727/3104
f 3832/5728/3105 3831/5729/3104 3820/5714/3093
f 3833/5730/3106 3820/5714/3093 3811/5700/2854
f 3729/5731/3009 3834/5732/2855 3821/5716/3094
f 3728/5581/3010 3821/5733/3094 3822/5718/3096
f 3731/5582/3012 3822/5718/3096 3824/5719/3097
f 3733/5584/3014 3824/5719/3097 3825/5734/3098
f 3735/5588/3016 3825/5720/3098 3826/5721/3099
f 3737/5589/3018 3826/5721/3099 3835/5735/3107
f 3835/5735/3107 3827/5723/3101 3741/5592/3021
f 3827/5736/3101 3829/5725/3102 3743/5596/3023
f 3829/5725/3102 3830/5726/3103 3745/5597/3025
f 3830/5726/3103 3832/5737/3105 3747/5599/3027
f 3832/5728/3105 3833/5730/3106 3749/5738/3029
f 3833/5730/3106 3834/5732/2855 3729/5731/3009
f 3453/5200/2744 3454/5202/2745 3456/5203/2746
f 3456/5203/2746 3457/5204/2747 3458/5739/2748
f 3458/5205/2748 3459/5207/2749 3460/5208/2750
f 3460/5208/2750 3461/5209/2751 3477/5229/2766
f 3461/5209/2751 3462/5211/2753 3477/5229/2766
f 3463/5212/2752 3465/5214/2754 3462/5231/2753
f 3465/5214/2754 3466/5215/2755 3467/5216/2756
f 3467/5216/2756 3468/5217/2757 3481/5234/2770
f 3468/5218/2757 3469/5220/2759 3481/5235/2770
f 3470/5219/2758 3471/5222/2761 3469/5220/2759
f 3471/5222/2761 3473/5223/2762 3484/5238/2773
f 3473/5224/2762 3453/5200/2744 3484/5239/2773
f 3474/5225/2763 3456/5203/2746 3486/5241/2775
f 3456/5226/2746 3475/5227/2764 3486/5242/2775
f 3458/5205/2748 3476/5228/2765 3475/5227/2764
f 3476/5228/2765 3477/5229/2766 3489/5244/2777
f 3477/5229/2766 3478/5230/2767 3489/5244/2777
f 3462/5231/2753 3479/5232/2768 3478/5248/2767
f 3479/5232/2768 3467/5216/2756 3480/5233/2769
f 3480/5233/2769 3481/5234/2770 3492/5740/2781
f 3481/5235/2770 3482/5236/2771 3492/5252/2781
f 3482/5236/2771 3471/5222/2761 3483/5237/2772
f 3483/5237/2772 3484/5238/2773 3495/5255/2784
f 3484/5239/2773 3474/5225/2763 3495/5256/2784
f 3485/5240/2774 3486/5241/2775 3497/5257/2785
f 3486/5242/2775 3487/5243/2776 3497/5260/2785
f 3487/5243/2776 3476/5228/2765 3499/5261/2787
f 3476/5228/2765 3488/5245/2778 3499/5261/2787
f 3489/5244/2777 3490/5246/2779 3488/5245/2778
f 3490/5247/2779 3479/5232/2768 3502/5264/2790
f 3479/5232/2768 3491/5249/2780 3502/5264/2790
f 3491/5250/2780 3492/5252/2781 3493/5253/2782
f 3493/5253/2782 3482/5236/2771 3504/5267/2793
f 3482/5236/2771 3494/5254/2783 3504/5267/2793
f 3494/5254/2783 3495/5255/2784 3507/5269/2795
f 3495/5256/2784 3485/5240/2774 3507/5272/2795
f 3485/5240/2774 3496/5258/2786 3508/5741/2797
f 3496/5259/2786 3487/5243/2776 3510/5277/2799
f 3487/5243/2776 3498/5262/2788 3510/5277/2799
f 3499/5261/2787 3500/5263/2789 3498/5262/2788
f 3500/5263/2789 3490/5246/2779 3514/5280/2802
f 3490/5247/2779 3501/5265/2791 3514/5742/2802
f 3501/5265/2791 3491/5249/2780 3516/5743/2805
f 3491/5250/2780 3503/5266/2792 3516/5287/2805
f 3503/5266/2792 3504/5267/2793 3505/5268/2794
f 3505/5268/2794 3494/5254/2783 3520/5290/2809
f 3494/5254/2783 3506/5270/2796 3520/5290/2809
f 3506/5271/2796 3485/5240/2774 3508/5741/2797
f 3508/5273/2797 3509/5275/2798 3523/5295/2812
f 3509/5276/2798 3510/5277/2799 3525/5297/2814
f 3510/5277/2799 3511/5278/2800 3525/5297/2814
f 3498/5262/2788 3512/5279/2801 3511/5278/2800
f 3500/5263/2789 3513/5281/2803 3512/5279/2801
f 3514/5282/2802 3515/5284/2804 3513/5300/2803
f 3515/5284/2804 3516/5285/2805 3517/5302/2806
f 3517/5286/2806 3503/5266/2792 3518/5288/2807
f 3518/5288/2807 3505/5268/2794 3519/5289/2808
f 3519/5289/2808 3520/5290/2809 3531/5305/2820
f 3520/5290/2809 3521/5291/2810 3531/5305/2820
f 3521/5292/2810 3508/5273/2797 3523/5295/2812
f 3522/5294/2811 3509/5275/2798 3524/5309/2813
f 3524/5296/2813 3525/5297/2814 3535/5312/2824
f 3525/5297/2814 3526/5298/2815 3535/5312/2824
f 3526/5298/2815 3512/5279/2801 3537/5314/2826
f 3512/5279/2801 3527/5299/2816 3537/5314/2826
f 3513/5300/2803 3528/5301/2817 3527/5317/2816
f 3528/5301/2817 3517/5302/2806 3529/5318/2818
f 3529/5303/2818 3518/5288/2807 3542/5323/2830
f 3518/5288/2807 3530/5304/2819 3542/5323/2830
f 3530/5304/2819 3531/5305/2820 3544/5325/2833
f 3531/5305/2820 3532/5306/2821 3544/5325/2833
f 3532/5307/2821 3523/5295/2812 3522/5294/2811
f 3533/5308/2822 3524/5309/2813 3534/5310/2823
f 3534/5310/2823 3535/5311/2824 3548/5329/2836
f 3535/5312/2824 3536/5313/2825 3548/5332/2836
f 3536/5313/2825 3537/5314/2826 3538/5315/2827
f 3538/5315/2827 3527/5299/2816 3539/5334/2828
f 3539/5316/2828 3528/5301/2817 3551/5337/2840
f 3528/5301/2817 3540/5319/2829 3551/5337/2840
f 3529/5318/2818 3541/5321/2831 3540/5319/2829
f 3541/5322/2831 3530/5304/2819 3543/5324/2832
f 3543/5324/2832 3544/5325/2833 3555/5340/2843
f 3544/5325/2833 3545/5326/2834 3555/5340/2843
f 3545/5327/2834 3522/5294/2811 3533/5308/2822
f 3533/5308/2822 3546/5328/2835 3558/5344/2847
f 3534/5310/2823 3547/5330/2837 3546/5328/2835
f 3547/5331/2837 3536/5313/2825 3549/5333/2838
f 3549/5333/2838 3538/5315/2827 3562/5348/2851
f 3538/5315/2827 3550/5335/2839 3562/5348/2851
f 3550/5336/2839 3551/5337/2840 3565/5351/2854
f 3551/5337/2840 3552/5338/2841 3565/5351/2854
f 3552/5338/2841 3541/5321/2831 3553/5353/2842
f 3553/5339/2842 3543/5324/2832 3569/5355/2857
f 3543/5324/2832 3554/5341/2844 3569/5355/2857
f 3554/5341/2844 3545/5326/2834 3556/5358/2845
f 3556/5342/2845 3533/5308/2822 3558/5344/2847
f 3557/5343/2846 3546/5328/2835 3559/5345/2848
f 3559/5345/2848 3547/5330/2837 3560/5362/2849
f 3560/5346/2849 3549/5333/2838 3561/5347/2850
f 3561/5347/2850 3562/5348/2851 3563/5349/2852
f 3563/5349/2852 3550/5335/2839 3564/5364/2853
f 3564/5350/2853 3565/5351/2854 3566/5352/2855
f 3566/5352/2855 3552/5338/2841 3576/5367/2865
f 3552/5338/2841 3567/5354/2856 3576/5367/2865
f 3553/5339/2842 3568/5356/2858 3567/5370/2856
f 3569/5355/2857 3570/5357/2859 3568/5356/2858
f 3554/5341/2844 3571/5359/2860 3570/5357/2859
f 3571/5360/2860 3558/5344/2847 3557/5343/2846
f 3557/5343/2846 3572/5361/2861 3582/5374/2871
f 3572/5361/2861 3560/5362/2849 3585/5744/2873
f 3560/5346/2849 3573/5363/2862 3585/5377/2873
f 3573/5363/2862 3563/5349/2852 3587/5380/2876
f 3563/5349/2852 3574/5365/2863 3587/5380/2876
f 3564/5350/2853 3575/5366/2864 3574/5383/2863
f 3575/5366/2864 3576/5367/2865 3577/5368/2866
f 3577/5368/2866 3567/5354/2856 3578/5745/2867
f 3578/5369/2867 3568/5356/2858 3579/5371/2868
f 3579/5371/2868 3570/5357/2859 3580/5372/2869
f 3580/5372/2869 3571/5359/2860 3581/5389/2870
f 3581/5373/2870 3557/5343/2846 3582/5374/2871
f 3582/5374/2871 3583/5375/2872 3596/5392/2885
f 3572/5376/2861 3584/5378/2874 3583/5393/2872
f 3584/5378/2874 3573/5363/2862 3586/5379/2875
f 3586/5379/2875 3587/5380/2876 3588/5381/2877
f 3588/5381/2877 3574/5365/2863 3589/5396/2878
f 3589/5382/2878 3575/5366/2864 3599/5397/2888
f 3575/5366/2864 3590/5384/2879 3599/5397/2888
f 3577/5385/2866 3591/5386/2880 3590/5400/2879
f 3578/5369/2867 3592/5387/2881 3591/5386/2880
f 3579/5371/2868 3593/5388/2882 3592/5387/2881
f 3593/5388/2882 3581/5389/2870 3594/5403/2883
f 3594/5390/2883 3582/5374/2871 3596/5392/2885
f 3595/5391/2884 3583/5375/2872 3606/5746/2895
f 3583/5393/2872 3597/5394/2886 3606/5408/2895
f 3597/5394/2886 3586/5379/2875 3608/5410/2897
f 3586/5379/2875 3598/5395/2887 3608/5410/2897
f 3598/5395/2887 3589/5396/2878 3610/5412/2899
f 3589/5382/2878 3600/5398/2889 3610/5747/2899
f 3600/5398/2889 3590/5384/2879 3601/5748/2890
f 3601/5399/2890 3591/5386/2880 3602/5401/2891
f 3602/5401/2891 3592/5387/2881 3613/5418/2902
f 3592/5387/2881 3603/5402/2892 3613/5418/2902
f 3603/5402/2892 3594/5403/2883 3604/5420/2893
f 3604/5404/2893 3596/5392/2885 3595/5391/2884
f 3605/5405/2894 3606/5407/2895 3616/5423/2905
f 3606/5408/2895 3607/5409/2896 3616/5425/2905
f 3607/5409/2896 3608/5410/2897 3619/5426/2907
f 3608/5410/2897 3609/5411/2898 3619/5426/2907
f 3609/5411/2898 3610/5412/2899 3621/5429/2910
f 3610/5413/2899 3611/5415/2900 3621/5431/2910
f 3611/5415/2900 3601/5416/2890 3624/5432/2912
f 3601/5399/2890 3612/5417/2901 3624/5434/2912
f 3612/5417/2901 3613/5418/2902 3626/5436/2915
f 3613/5418/2902 3614/5419/2903 3626/5436/2915
f 3614/5419/2903 3604/5420/2893 3629/5438/2917
f 3604/5421/2893 3605/5405/2894 3629/5441/2917
f 3615/5422/2904 3616/5423/2905 3617/5442/2906
f 3617/5424/2906 3607/5409/2896 3632/5444/2920
f 3607/5409/2896 3618/5427/2908 3632/5444/2920
f 3619/5426/2907 3620/5428/2909 3618/5427/2908
f 3620/5428/2909 3621/5429/2910 3622/5448/2911
f 3622/5430/2911 3611/5415/2900 3636/5449/2924
f 3611/5415/2900 3623/5433/2913 3636/5449/2924
f 3624/5434/2912 3625/5435/2914 3623/5451/2913
f 3625/5435/2914 3626/5436/2915 3627/5437/2916
f 3627/5437/2916 3614/5419/2903 3639/5453/2927
f 3614/5419/2903 3628/5439/2918 3639/5453/2927
f 3628/5440/2918 3605/5405/2894 3615/5422/2904
f 3615/5422/2904 3630/5443/2919 3641/5456/2930
f 3617/5424/2906 3631/5445/2921 3630/5459/2919
f 3631/5445/2921 3618/5427/2908 3633/5446/2922
f 3633/5446/2922 3620/5428/2909 3634/5447/2923
f 3634/5447/2923 3622/5448/2911 3645/5749/2934
f 3622/5430/2911 3635/5450/2925 3645/5463/2934
f 3635/5450/2925 3623/5433/2913 3647/5465/2935
f 3623/5451/2913 3637/5452/2926 3647/5466/2935
f 3637/5452/2926 3627/5437/2916 3650/5468/2937
f 3627/5437/2916 3638/5454/2928 3650/5468/2937
f 3638/5454/2928 3628/5439/2918 3640/5750/2929
f 3640/5455/2929 3615/5422/2904 3641/5456/2930
f 3641/5456/2930 3642/5457/2931 3652/5472/2743
f 3642/5458/2931 3631/5445/2921 3654/5475/2941
f 3631/5445/2921 3643/5460/2932 3654/5475/2941
f 3643/5460/2932 3634/5447/2923 3644/5477/2933
f 3644/5461/2933 3645/5463/2934 3657/5479/2944
f 3645/5463/2934 3646/5464/2712 3657/5479/2944
f 3646/5464/2712 3647/5465/2935 3658/5481/2946
f 3647/5466/2935 3648/5467/2936 3658/5484/2946
f 3637/5452/2926 3649/5469/2938 3648/5467/2936
f 3649/5469/2938 3638/5454/2928 3659/5487/2950
f 3638/5470/2928 3651/5471/2939 3659/5488/2950
f 3651/5471/2939 3641/5456/2930 3652/5472/2743
f 3652/5472/2743 3653/5473/2940 3660/5490/2754
f 3653/5474/2940 3654/5475/2941 3662/5493/2953
f 3654/5475/2941 3655/5476/2942 3662/5493/2953
f 3643/5460/2932 3664/5478/2943 3655/5476/2942
f 3644/5461/2933 3656/5480/2945 3664/5751/2943
f 3656/5480/2945 3646/5464/2712 3666/5498/2744
f 3646/5464/2712 3668/5482/2947 3666/5498/2744
f 3668/5483/2947 3648/5467/2936 3670/5485/2948
f 3670/5485/2948 3649/5469/2938 3672/5486/2949
f 3672/5486/2949 3659/5487/2950 3836/5502/2958
f 3659/5488/2950 3674/5489/2951 3836/5503/2958
f 3674/5489/2951 3652/5472/2743 3660/5490/2754
f 3660/5490/2754 3661/5491/2952 3675/5505/2768
f 3661/5492/2952 3662/5493/2953 3677/5508/2961
f 3662/5493/2953 3663/5494/2954 3677/5508/2961
f 3663/5494/2954 3664/5478/2943 3680/5510/2963
f 3664/5478/2943 3665/5496/2955 3680/5510/2963
f 3665/5497/2955 3666/5498/2744 3667/5499/2763
f 3667/5499/2763 3668/5482/2947 3669/5514/2956
f 3669/5500/2956 3670/5485/2948 3683/5517/2967
f 3670/5485/2948 3671/5501/2957 3683/5517/2967
f 3671/5501/2957 3836/5502/2958 3686/5520/2970
f 3836/5503/2958 3673/5504/2959 3686/5752/2970
f 3673/5504/2959 3660/5490/2754 3675/5505/2768
f 3675/5505/2768 3676/5506/2960 3690/5525/2973
f 3676/5507/2960 3677/5508/2961 3692/5526/2974
f 3677/5508/2961 3678/5509/2962 3692/5526/2974
f 3663/5494/2954 3679/5511/2964 3678/5509/2962
f 3680/5510/2963 3681/5512/2965 3679/5511/2964
f 3681/5513/2965 3667/5499/2763 3695/5531/2774
f 3667/5499/2763 3682/5515/2966 3695/5531/2774
f 3682/5516/2966 3683/5517/2967 3684/5518/2968
f 3684/5518/2968 3671/5501/2957 3685/5519/2969
f 3685/5519/2969 3686/5520/2970 3687/5521/2971
f 3687/5521/2971 3673/5522/2959 3688/5536/2972
f 3688/5523/2972 3675/5505/2768 3690/5525/2973
f 3689/5524/2791 3676/5506/2960 3700/5753/2982
f 3676/5507/2960 3691/5527/2975 3700/5540/2982
f 3691/5527/2975 3678/5509/2962 3702/5542/2984
f 3678/5509/2962 3693/5528/2976 3702/5542/2984
f 3679/5511/2964 3694/5529/2977 3693/5528/2976
f 3694/5530/2977 3695/5531/2774 3706/5754/2797
f 3695/5531/2774 3696/5532/2978 3706/5754/2797
f 3696/5533/2978 3684/5518/2968 3697/5534/2979
f 3697/5534/2979 3685/5519/2969 3709/5550/2989
f 3685/5519/2969 3698/5535/2980 3709/5550/2989
f 3698/5535/2980 3688/5536/2972 3711/5553/2992
f 3688/5523/2972 3689/5524/2791 3711/5755/2992
f 3699/5537/2981 3700/5539/2982 3713/5756/2993
f 3700/5540/2982 3701/5541/2983 3713/5558/2993
f 3701/5541/2983 3702/5542/2984 3703/5543/2985
f 3703/5543/2985 3693/5528/2976 3717/5561/2997
f 3693/5528/2976 3704/5544/2986 3717/5561/2997
f 3694/5545/2977 3705/5547/2987 3704/5564/2986
f 3705/5547/2987 3696/5548/2978 3707/5567/2988
f 3707/5549/2988 3697/5534/2979 3721/5571/3002
f 3697/5534/2979 3708/5551/2990 3721/5571/3002
f 3708/5551/2990 3698/5535/2980 3710/5552/2991
f 3710/5552/2991 3711/5553/2992 3725/5574/3006
f 3711/5554/2992 3699/5537/2981 3725/5757/3006
f 3699/5555/2981 3712/5557/2994 3799/5758/3075
f 3713/5558/2993 3714/5559/2995 3712/5685/2994
f 3701/5541/2983 3715/5560/2996 3714/5559/2995
f 3703/5543/2985 3716/5562/2998 3715/5560/2996
f 3717/5563/2997 3718/5565/2999 3716/5689/2998
f 3704/5564/2986 3719/5566/3000 3718/5565/2999
f 3719/5566/3000 3707/5567/2988 3720/5568/3001
f 3720/5568/3001 3721/5569/3002 3722/5759/3003
f 3722/5570/3003 3708/5551/2990 3723/5572/3004
f 3723/5572/3004 3710/5552/2991 3724/5573/3005
f 3724/5760/3005 3725/5576/3006 3726/5575/3007
f 3726/5575/3007 3699/5555/2981 3799/5758/3075
f 3727/5577/3008 3728/5579/3010 3730/5761/3011
f 3730/5580/3011 3731/5582/3012 3732/5583/3013
f 3732/5583/3013 3733/5584/3014 3734/5585/3015
f 3734/5585/3015 3735/5586/3016 3736/5610/3017
f 3736/5587/3017 3737/5589/3018 3738/5590/3019
f 3738/5590/3019 3739/5591/3020 3755/5614/3036
f 3739/5591/3020 3740/5593/3022 3755/5614/3036
f 3741/5592/3021 3742/5595/3024 3740/5593/3022
f 3743/5596/3023 3744/5598/3026 3742/5617/3024
f 3745/5597/3025 3746/5600/3028 3744/5598/3026
f 3747/5599/3027 3748/5602/3030 3746/5600/3028
f 3749/5603/3029 3727/5577/3008 3748/5762/3030
f 3727/5604/3008 3750/5606/3031 3762/5763/2889
f 3750/5607/3031 3732/5583/3013 3751/5608/3032
f 3751/5608/3032 3734/5585/3015 3752/5609/3033
f 3752/5609/3033 3736/5610/3017 3753/5611/3034
f 3753/5611/3034 3738/5612/3019 3754/5629/3035
f 3754/5613/3035 3755/5614/3036 3766/5764/2884
f 3755/5614/3036 3756/5615/3037 3766/5764/2884
f 3740/5616/3022 3757/5618/3038 3756/5637/3037
f 3742/5617/3024 3758/5619/3039 3757/5618/3038
f 3744/5598/3026 3759/5620/3040 3758/5619/3039
f 3746/5600/3028 3760/5621/3041 3759/5620/3040
f 3760/5622/3041 3727/5604/3008 3762/5763/2889
f 3761/5624/2900 3750/5626/3031 3771/5641/3048
f 3750/5607/3031 3763/5627/3042 3771/5644/3048
f 3763/5627/3042 3752/5609/3033 3764/5628/3043
f 3764/5628/3043 3753/5611/3034 3773/5646/3051
f 3753/5611/3034 3765/5630/3044 3773/5646/3051
f 3765/5631/3044 3766/5633/2884 3775/5649/2894
f 3766/5633/2884 3767/5635/3045 3775/5649/2894
f 3767/5636/3045 3757/5618/3038 3777/5652/3054
f 3757/5618/3038 3768/5638/3046 3777/5652/3054
f 3768/5638/3046 3759/5620/3040 3769/5639/3047
f 3769/5639/3047 3760/5621/3041 3780/5654/3056
f 3760/5640/3041 3761/5624/2900 3780/5657/3056
f 3761/5624/2900 3770/5642/3049 3781/5658/2924
f 3770/5643/3049 3763/5627/3042 3783/5661/3059
f 3763/5627/3042 3772/5645/3050 3783/5661/3059
f 3772/5645/3050 3773/5646/3051 3786/5663/3061
f 3773/5646/3051 3774/5647/3052 3786/5663/3061
f 3774/5648/3052 3775/5649/2894 3788/5667/3064
f 3775/5649/2894 3776/5650/3053 3788/5667/3064
f 3776/5651/3053 3777/5652/3054 3790/5670/3066
f 3777/5652/3054 3778/5653/3055 3790/5670/3066
f 3778/5653/3055 3769/5639/3047 3793/5673/3069
f 3769/5639/3047 3779/5655/3057 3793/5673/3069
f 3779/5656/3057 3761/5624/2900 3781/5658/2924
f 3781/5658/2924 3782/5659/3058 3795/5676/3071
f 3782/5660/3058 3783/5661/3059 3796/5678/3072
f 3783/5661/3059 3784/5662/3060 3796/5678/3072
f 3772/5645/3050 3785/5664/3062 3784/5662/3060
f 3786/5663/3061 3787/5665/3063 3785/5664/3062
f 3787/5666/3063 3788/5667/3064 3797/5679/3073
f 3788/5667/3064 3789/5668/3065 3797/5679/3073
f 3789/5669/3065 3790/5670/3066 3791/5671/3067
f 3791/5671/3067 3778/5653/3055 3792/5672/3068
f 3792/5672/3068 3793/5673/3069 3798/5681/3074
f 3793/5673/3069 3794/5674/3070 3798/5681/3074
f 3794/5675/3070 3781/5658/2924 3795/5676/3071
f 3455/5201/2712 3782/5659/3058 3454/5202/2745
f 3782/5659/3058 3457/5204/2747 3454/5202/2745
f 3457/5206/2747 3784/5662/3060 3459/5207/2749
f 3784/5662/3060 3461/5209/2751 3459/5207/2749
f 3461/5209/2751 3787/5665/3063 3463/5210/2752
f 3463/5212/2752 3797/5679/3073 3464/5213/2743
f 3797/5679/3073 3466/5215/2755 3464/5213/2743
f 3789/5668/3065 3468/5217/2757 3466/5215/2755
f 3468/5218/2757 3792/5672/3068 3470/5219/2758
f 3792/5672/3068 3472/5221/2760 3470/5219/2758
f 3472/5221/2760 3794/5674/3070 3473/5223/2762
f 3473/5224/2762 3795/5676/3071 3455/5201/2712
f 3799/5682/3075 3800/5684/3076 3812/5701/2840
f 3712/5685/2994 3801/5686/3077 3800/5703/3076
f 3714/5559/2995 3802/5687/3078 3801/5686/3077
f 3715/5560/2996 3803/5688/3079 3802/5687/3078
f 3716/5689/2998 3804/5690/3080 3803/5707/3079
f 3718/5565/2999 3805/5691/3081 3804/5690/3080
f 3805/5691/3081 3720/5568/3001 3806/5710/3082
f 3806/5692/3082 3722/5570/3003 3807/5694/3083
f 3807/5694/3083 3723/5572/3004 3808/5695/3084
f 3808/5695/3084 3724/5573/3005 3809/5713/3085
f 3809/5696/3085 3726/5698/3007 3810/5699/3086
f 3810/5699/3086 3799/5682/3075 3812/5701/2840
f 3811/5700/2854 3800/5684/3076 3813/5715/3087
f 3813/5702/3087 3801/5686/3077 3823/5717/3095
f 3801/5686/3077 3814/5704/3088 3823/5717/3095
f 3802/5687/3078 3815/5705/3089 3814/5704/3088
f 3815/5706/3089 3804/5690/3080 3816/5708/3090
f 3816/5708/3090 3805/5691/3081 3817/5709/2847
f 3817/5709/2847 3806/5710/3082 3828/5722/3100
f 3806/5692/3082 3818/5711/3091 3828/5724/3100
f 3818/5711/3091 3808/5695/3084 3819/5712/3092
f 3819/5712/3092 3809/5713/3085 3831/5727/3104
f 3809/5696/3085 3820/5714/3093 3831/5729/3104
f 3810/5699/3086 3811/5700/2854 3820/5714/3093
f 3811/5700/2854 3821/5716/3094 3834/5732/2855
f 3813/5702/3087 3822/5718/3096 3821/5733/3094
f 3823/5717/3095 3824/5719/3097 3822/5718/3096
f 3824/5719/3097 3815/5705/3089 3825/5734/3098
f 3825/5720/3098 3816/5708/3090 3826/5721/3099
f 3826/5721/3099 3817/5709/2847 3835/5735/3107
f 3817/5709/2847 3827/5723/3101 3835/5735/3107
f 3828/5724/3100 3829/5725/3102 3827/5736/3101
f 3818/5711/3091 3830/5726/3103 3829/5725/3102
f 3830/5726/3103 3831/5727/3104 3832/5737/3105
f 3832/5728/3105 3820/5714/3093 3833/5730/3106
f 3833/5730/3106 3811/5700/2854 3834/5732/2855
f 3729/5731/3009 3821/5716/3094 3728/5765/3010
f 3728/5581/3010 3822/5718/3096 3731/5582/3012
f 3731/5582/3012 3824/5719/3097 3733/5584/3014
f 3733/5584/3014 3825/5734/3098 3735/5586/3016
f 3735/5588/3016 3826/5721/3099 3737/5589/3018
f 3737/5589/3018 3835/5735/3107 3739/5591/3020
f 3835/5735/3107 3741/5592/3021 3739/5591/3020
f 3827/5736/3101 3743/5596/3023 3741/5766/3021
f 3829/5725/3102 3745/5597/3025 3743/5596/3023
f 3830/5726/3103 3747/5599/3027 3745/5597/3025
f 3832/5728/3105 3749/5738/3029 3747/5767/3027
f 3833/5730/3106 3729/5731/3009 3749/5738/3029
f 3902/5768/3108 3894/5769/3109 3886/5770/3110
f 3902/5768/3108 3886/5770/3110 3888/5771/3111
f 3887/5772/3112 3882/5773/3113 3907/5774/3114
f 3887/5772/3112 3907/5774/3114 3911/5775/3115
f 3909/5776/3116 3903/5777/3117 3919/5778/3118
f 3909/5776/3116 3919/5778/3118 3921/5779/3119
f 3892/5780/3120 3898/5781/3121 3920/5782/3122
f 3892/5780/3120 3920/5782/3122 3915/5783/3123
f 3846/5784/3124 3845/5785/3125 3848/5786/3126
f 3846/5784/3124 3848/5786/3126 3847/5787/3127
f 3845/5785/3125 3844/5788/3128 3849/5789/3129
f 3845/5785/3125 3849/5789/3129 3848/5786/3126
f 3844/5790/3128 3843/5791/3130 3850/5792/3131
f 3844/5790/3128 3850/5792/3131 3849/5793/3129
f 3843/5791/3130 3842/5794/3132 3851/5795/3133
f 3843/5791/3130 3851/5795/3133 3850/5792/3131
f 3838/5796/3134 3910/5797/3135 3861/5798/3136
f 3838/5796/3134 3861/5798/3136 3856/5799/3137
f 3852/5800/3138 3857/5801/3139 3867/5802/3140
f 3852/5800/3138 3867/5802/3140 3862/5803/3141
f 3866/5804/3142 3871/5805/3143 3839/5806/3144
f 3866/5804/3142 3839/5806/3144 3837/5807/3145
f 3872/5808/3146 3877/5809/3147 3851/5795/3133
f 3872/5808/3146 3851/5795/3133 3842/5794/3132
f 3910/5810/3135 3839/5811/3144 3871/5812/3143
f 3910/5810/3135 3871/5812/3143 3861/5813/3136
f 3837/5814/3145 3838/5815/3134 3856/5816/3137
f 3837/5814/3145 3856/5816/3137 3866/5817/3142
f 3876/5818/3148 3846/5819/3124 3840/5820/3149
f 3876/5818/3148 3840/5820/3149 3893/5821/3150
f 3846/5784/3124 3847/5787/3127 3908/5822/3151
f 3846/5784/3124 3908/5822/3151 3840/5823/3149
f 3847/5824/3127 3881/5825/3152 3841/5826/3153
f 3847/5824/3127 3841/5826/3153 3908/5827/3151
f 3893/5828/3150 3841/5829/3153 3881/5830/3152
f 3893/5828/3150 3881/5830/3152 3876/5831/3148
f 3845/5832/3125 3846/5819/3124 3876/5818/3148
f 3845/5832/3125 3876/5818/3148 3875/5833/3154
f 3844/5834/3128 3845/5832/3125 3875/5833/3154
f 3844/5834/3128 3875/5833/3154 3874/5835/3155
f 3842/5794/3132 3843/5791/3130 3873/5836/3156
f 3842/5794/3132 3873/5836/3156 3872/5808/3146
f 3843/5791/3130 3844/5790/3128 3874/5837/3155
f 3843/5791/3130 3874/5837/3155 3873/5836/3156
f 3855/5838/3157 3856/5799/3137 3861/5798/3136
f 3855/5838/3157 3861/5798/3136 3860/5839/3158
f 3854/5840/3159 3855/5838/3157 3860/5839/3158
f 3854/5840/3159 3860/5839/3158 3859/5841/3160
f 3852/5800/3138 3853/5842/3161 3858/5843/3162
f 3852/5800/3138 3858/5843/3162 3857/5801/3139
f 3853/5842/3161 3854/5844/3159 3859/5845/3160
f 3853/5842/3161 3859/5845/3160 3858/5843/3162
f 3860/5846/3158 3861/5813/3136 3871/5812/3143
f 3860/5846/3158 3871/5812/3143 3870/5847/3163
f 3859/5848/3160 3860/5846/3158 3870/5847/3163
f 3859/5848/3160 3870/5847/3163 3869/5849/3164
f 3857/5801/3139 3858/5843/3162 3868/5850/3165
f 3857/5801/3139 3868/5850/3165 3867/5802/3140
f 3858/5843/3162 3859/5845/3160 3869/5851/3164
f 3858/5843/3162 3869/5851/3164 3868/5850/3165
f 3856/5816/3137 3855/5852/3157 3865/5853/3166
f 3856/5816/3137 3865/5853/3166 3866/5817/3142
f 3855/5852/3157 3854/5854/3159 3864/5855/3167
f 3855/5852/3157 3864/5855/3167 3865/5853/3166
f 3854/5844/3159 3853/5842/3161 3863/5856/3168
f 3854/5844/3159 3863/5856/3168 3864/5857/3167
f 3853/5842/3161 3852/5800/3138 3862/5803/3141
f 3853/5842/3161 3862/5803/3141 3863/5856/3168
f 3866/5804/3142 3865/5858/3166 3870/5859/3163
f 3866/5804/3142 3870/5859/3163 3871/5805/3143
f 3865/5858/3166 3864/5860/3167 3869/5861/3164
f 3865/5858/3166 3869/5861/3164 3870/5859/3163
f 3864/5857/3167 3863/5856/3168 3868/5850/3165
f 3864/5857/3167 3868/5850/3165 3869/5851/3164
f 3863/5856/3168 3862/5803/3141 3867/5802/3140
f 3863/5856/3168 3867/5802/3140 3868/5850/3165
f 3875/5862/3154 3876/5831/3148 3881/5830/3152
f 3875/5862/3154 3881/5830/3152 3880/5863/3169
f 3874/5864/3155 3875/5862/3154 3880/5863/3169
f 3874/5864/3155 3880/5863/3169 3879/5865/3170
f 3872/5808/3146 3873/5836/3156 3878/5866/3171
f 3872/5808/3146 3878/5866/3171 3877/5809/3147
f 3873/5836/3156 3874/5837/3155 3879/5867/3170
f 3873/5836/3156 3879/5867/3170 3878/5866/3171
f 3847/5824/3127 3848/5868/3126 3880/5869/3169
f 3847/5824/3127 3880/5869/3169 3881/5825/3152
f 3848/5868/3126 3849/5870/3129 3879/5871/3170
f 3848/5868/3126 3879/5871/3170 3880/5869/3169
f 3849/5793/3129 3850/5792/3131 3878/5866/3171
f 3849/5793/3129 3878/5866/3171 3879/5867/3170
f 3850/5792/3131 3851/5795/3133 3877/5809/3147
f 3850/5792/3131 3877/5809/3147 3878/5866/3171
f 3886/5872/3110 3894/5873/3109 3893/5874/3150
f 3840/5875/3149 3886/5872/3110 3893/5874/3150
f 3902/5876/3108 3888/5877/3111 3838/5878/3134
f 3837/5879/3145 3902/5876/3108 3838/5878/3134
f 3907/5880/3114 3882/5881/3113 3840/5875/3149
f 3908/5882/3151 3907/5880/3114 3840/5875/3149
f 3887/5883/3112 3911/5884/3115 3910/5885/3135
f 3838/5878/3134 3887/5883/3112 3910/5885/3135
f 3919/5886/3118 3903/5887/3117 3908/5888/3151
f 3841/5889/3153 3919/5886/3118 3908/5888/3151
f 3909/5890/3116 3921/5891/3119 3839/5892/3144
f 3910/5893/3135 3909/5890/3116 3839/5892/3144
f 3920/5894/3122 3898/5895/3121 3837/5896/3145
f 3839/5892/3144 3920/5894/3122 3837/5896/3145
f 3892/5897/3120 3915/5898/3123 3841/5889/3153
f 3893/5899/3150 3892/5897/3120 3841/5889/3153
f 3886/5770/3110 3885/5900/3172 3889/5901/3173
f 3886/5770/3110 3889/5901/3173 3888/5771/3111
f 3885/5900/3172 3884/5902/3174 3890/5903/3175
f 3885/5900/3172 3890/5903/3175 3889/5901/3173
f 3884/5904/3174 3883/5905/3176 3891/5906/3177
f 3884/5904/3174 3891/5906/3177 3890/5907/3175
f 3883/5905/3176 3882/5773/3113 3887/5772/3112
f 3883/5905/3176 3887/5772/3112 3891/5906/3177
f 3892/5780/3120 3897/5908/3178 3899/5909/3179
f 3892/5780/3120 3899/5909/3179 3898/5781/3121
f 3897/5908/3178 3896/5910/3180 3900/5911/3181
f 3897/5908/3178 3900/5911/3181 3899/5909/3179
f 3896/5912/3180 3895/5913/3182 3901/5914/3183
f 3896/5912/3180 3901/5914/3183 3900/5915/3181
f 3895/5913/3182 3894/5769/3109 3902/5768/3108
f 3895/5913/3182 3902/5768/3108 3901/5914/3183
f 3907/5774/3114 3906/5916/3184 3912/5917/3185
f 3907/5774/3114 3912/5917/3185 3911/5775/3115
f 3906/5916/3184 3905/5918/3186 3913/5919/3187
f 3906/5916/3184 3913/5919/3187 3912/5917/3185
f 3905/5920/3186 3904/5921/3188 3914/5922/3189
f 3905/5920/3186 3914/5922/3189 3913/5923/3187
f 3904/5921/3188 3903/5777/3117 3909/5776/3116
f 3904/5921/3188 3909/5776/3116 3914/5922/3189
f 3919/5778/3118 3918/5924/3190 3922/5925/3191
f 3919/5778/3118 3922/5925/3191 3921/5779/3119
f 3918/5924/3190 3917/5926/3192 3923/5927/3193
f 3918/5924/3190 3923/5927/3193 3922/5925/3191
f 3917/5928/3192 3916/5929/3194 3924/5930/3195
f 3917/5928/3192 3924/5930/3195 3923/5931/3193
f 3916/5929/3194 3915/5783/3123 3920/5782/3122
f 3916/5929/3194 3920/5782/3122 3924/5930/3195
f 3840/5875/3149 3882/5881/3113 3883/5932/3176
f 3840/5875/3149 3883/5932/3176 3884/5933/3174
f 3840/5875/3149 3884/5933/3174 3885/5934/3172
f 3840/5875/3149 3885/5934/3172 3886/5872/3110
f 3838/5878/3134 3888/5877/3111 3889/5935/3173
f 3838/5878/3134 3889/5935/3173 3890/5936/3175
f 3838/5878/3134 3890/5936/3175 3891/5937/3177
f 3838/5878/3134 3891/5937/3177 3887/5883/3112
f 3893/5874/3150 3894/5873/3109 3895/5938/3182
f 3893/5874/3150 3895/5938/3182 3896/5939/3180
f 3893/5874/3150 3896/5939/3180 3897/5940/3178
f 3893/5874/3150 3897/5940/3178 3892/5897/3120
f 3837/5896/3145 3898/5895/3121 3899/5941/3179
f 3837/5896/3145 3899/5941/3179 3900/5942/3181
f 3837/5896/3145 3900/5942/3181 3901/5943/3183
f 3837/5896/3145 3901/5943/3183 3902/5876/3108
f 3908/5888/3151 3903/5887/3117 3904/5944/3188
f 3908/5888/3151 3904/5944/3188 3905/5945/3186
f 3908/5888/3151 3905/5945/3186 3906/5946/3184
f 3908/5888/3151 3906/5946/3184 3907/5880/3114
f 3910/5885/3135 3911/5884/3115 3912/5947/3185
f 3910/5885/3135 3912/5947/3185 3913/5948/3187
f 3910/5885/3135 3913/5948/3187 3914/5949/3189
f 3910/5885/3135 3914/5949/3189 3909/5890/3116
f 3841/5889/3153 3915/5898/3123 3916/5950/3194
f 3841/5889/3153 3916/5950/3194 3917/5951/3192
f 3841/5889/3153 3917/5951/3192 3918/5952/3190
f 3841/5889/3153 3918/5952/3190 3919/5886/3118
f 3839/5892/3144 3921/5891/3119 3922/5953/3191
f 3839/5892/3144 3922/5953/3191 3923/5954/3193
f 3839/5892/3144 3923/5954/3193 3924/5955/3195
f 3839/5892/3144 3924/5955/3195 3920/5894/3122
